experiment,elapsed_s,queue_depth,cpu_percent,cpu_freq_mhz,cpu_temp_c,rss_mb
exp2_0.75x,0.5006197319889907,0,99.8132661478128,2800.0,49.6,346.53125
exp2_0.75x,1.0027647689857986,0,99.606164598603,2800.0,47.95,323.71875
exp2_0.75x,1.5034452620020602,0,99.86495422152211,2800.0,48.5,324.015625
exp2_0.75x,2.0041505709814373,0,101.85444002164267,2800.0,48.5,325.296875
exp2_0.75x,2.5048307699908037,0,99.84019737600055,2800.0,48.5,325.703125
exp2_0.75x,3.0059806339850184,0,99.79366123854665,2800.0,47.95,326.5
exp2_0.75x,3.506672224000795,0,99.86244188581485,2800.0,47.95,327.0625
exp2_0.75x,4.007489850977436,0,99.84105344240857,2800.0,49.05,327.875
exp2_0.75x,4.511410048988182,0,101.2059468397927,2800.0,49.05,329.0
exp2_0.75x,5.012180808989797,0,101.83789301785463,2800.0,50.15,329.859375
exp2_0.75x,5.513114086992573,0,99.81513857366198,2800.0,49.05,330.484375
exp2_0.75x,6.0138734039792325,0,99.85326682036514,2800.0,49.05,331.15625
exp2_0.75x,6.514492204994895,0,99.87444942571886,2800.0,49.05,331.921875
exp2_0.75x,7.01516080298461,0,99.86252904441086,2800.0,50.15,332.8125
exp2_0.75x,7.516046048986027,0,39.93649314893777,2800.0,47.95,326.8125
exp2_0.75x,8.016488149994984,0,0.0,2800.0,46.85,326.8125
exp2_0.75x,8.51702591998037,0,0.0,2800.0,46.3,326.8125
exp2_0.75x,9.017508800985524,0,0.0,2800.0,47.4,326.8125
exp2_0.75x,9.518021534982836,0,0.0,2800.0,47.4,326.8125
exp2_0.75x,10.018438197002979,0,0.0,2800.0,46.85,326.8125
exp2_0.75x,10.518927526980406,0,0.0,2800.0,46.3,326.8125
exp2_0.75x,11.019362078979611,0,0.0,2800.0,46.3,326.8125
exp2_0.75x,11.519894261989975,0,0.0,2800.0,45.75,326.8125
exp2_0.75x,12.020375094987685,0,0.0,2800.0,46.3,326.8125
exp2_0.75x,12.520868224994047,0,0.0,2800.0,46.85,326.8125
exp2_0.75x,13.02124274498783,0,0.0,2800.0,46.85,326.8125
exp2_0.75x,13.521773802989628,0,1.9977644934635863,1500.0,45.2,326.8125
exp2_0.75x,14.022523341001943,0,0.0,1500.0,45.75,326.8125
exp2_0.75x,14.5232631029794,0,0.0,1500.0,45.2,326.8125
exp2_0.75x,15.024019457981922,0,0.0,1500.0,46.3,326.8125
exp2_0.75x,15.524740908003878,0,0.0,1500.0,44.1,326.8125
exp2_0.75x,16.025495134992525,0,0.0,1500.0,44.65,326.8125
exp2_0.75x,16.526236345991492,0,0.0,1500.0,45.2,326.8125
exp2_0.75x,17.02698500198312,0,0.0,1500.0,45.75,326.8125
exp2_0.75x,17.527721214981284,0,0.0,2800.0,44.65,326.8125
exp2_0.75x,18.028239818988368,0,0.0,2800.0,44.65,326.8125
exp2_0.75x,18.528744665003615,0,0.0,2800.0,46.3,326.8125
exp2_0.75x,19.02922119697905,0,0.0,2800.0,44.65,326.8125
exp2_0.75x,19.52972313898499,0,0.0,2800.0,45.2,326.8125
exp2_0.75x,20.030242579989135,0,0.0,2800.0,45.2,326.8125
exp2_0.75x,20.530741615977604,0,0.0,2800.0,45.75,326.8125
exp2_0.75x,21.03122589297709,0,0.0,2800.0,45.75,326.8125
exp2_0.75x,21.531728190981084,0,1.997952685898772,2800.0,45.2,326.8125
exp2_0.75x,22.032255228987196,0,0.0,2800.0,46.3,326.8125
exp2_0.75x,22.532762805989478,0,0.0,1500.0,44.1,326.8125
exp2_0.75x,23.033351734979078,0,0.0,1500.0,44.1,326.8125
exp2_0.75x,23.534116830996936,0,89.860256701533,2800.0,48.5,374.703125
exp2_0.75x,24.0347872239945,0,101.86283903603437,2800.0,49.05,333.734375
exp2_0.75x,24.53557287697913,0,99.81499011849085,2800.0,47.4,333.734375
exp2_0.75x,25.036772675986867,0,99.78931083647564,2800.0,47.4,333.75
exp2_0.75x,25.53754705400206,0,99.84108115409113,2800.0,47.95,333.75
exp2_0.75x,26.038393783994252,0,99.83330274751006,2800.0,48.5,333.75
exp2_0.75x,26.539073405001545,0,99.86273108576141,2800.0,47.4,333.75
exp2_0.75x,27.03979521099245,0,101.85751824110027,2800.0,49.05,333.75
exp2_0.75x,27.540511241997592,0,99.85622680499684,2800.0,48.5,333.75
exp2_0.75x,28.04121530998964,0,99.83504794219003,2800.0,49.05,333.75
exp2_0.75x,28.54236706197844,0,99.78623711993369,2800.0,48.5,333.75
exp2_0.75x,29.043136464984855,0,99.85716431728014,2800.0,48.5,333.75
exp2_0.75x,29.543772999983048,0,101.86060233666839,2800.0,47.95,333.75
exp2_0.75x,30.044690884999,0,99.81174108535753,2800.0,49.6,333.75
exp2_0.75x,30.545482346991776,0,51.93147734783867,2800.0,46.85,328.828125
exp2_0.75x,31.045930108986795,0,0.0,2800.0,47.4,328.828125
exp2_0.75x,31.54642533400329,0,0.0,2800.0,47.4,328.828125
exp2_0.75x,32.04684730200097,0,0.0,2800.0,45.75,328.828125
exp2_0.75x,32.54735989999608,0,0.0,2800.0,46.85,328.828125
exp2_0.75x,33.04785484998138,0,0.0,2800.0,46.85,328.828125
exp2_0.75x,33.54836822798825,0,0.0,1500.0,45.75,328.828125
exp2_0.75x,34.0490597349999,0,0.0,1500.0,46.3,328.828125
exp2_0.75x,34.54980366799282,0,0.0,1500.0,44.65,328.828125
exp2_0.75x,35.050518103002105,0,0.0,1500.0,45.2,328.828125
exp2_0.75x,35.55123566798284,0,0.0,1500.0,44.1,328.828125
exp2_0.75x,36.051971659995615,0,0.0,2800.0,45.2,328.828125
exp2_0.75x,36.55249054398155,0,0.0,2800.0,46.3,328.828125
exp2_0.75x,37.05293909498141,0,0.0,2800.0,45.2,328.828125
exp2_0.75x,37.55343522198382,0,0.0,2800.0,46.3,328.828125
exp2_0.75x,38.05385859098169,0,0.0,2800.0,44.65,328.828125
exp2_0.75x,38.55437920099939,0,0.0,2800.0,46.3,328.828125
exp2_0.75x,39.05489351498545,0,0.0,2800.0,45.75,328.828125
exp2_0.75x,39.55539060899173,0,0.0,2800.0,45.2,328.828125
exp2_0.75x,40.05581718598842,0,0.0,2800.0,45.75,328.828125
exp2_0.75x,40.55633341099019,0,0.0,2800.0,45.2,328.828125
exp2_0.75x,41.056749101000605,0,0.0,1500.0,45.2,328.828125
exp2_0.75x,41.55748652998591,0,0.0,1500.0,45.2,328.828125
exp2_0.75x,42.058230255992385,0,0.0,2000.0,45.2,328.828125
exp2_0.75x,42.5588897439884,0,0.0,1500.0,45.2,328.828125
exp2_0.75x,43.059510566003155,0,0.0,1500.0,44.65,328.828125
exp2_0.75x,43.56027344398899,0,0.0,1500.0,44.65,328.828125
exp2_0.75x,44.06096371100284,0,0.0,2100.0,45.75,328.828125
exp2_0.75x,44.56159848099924,0,0.0,1500.0,45.2,328.828125
exp2_0.75x,45.06234799098456,0,1.9970466236075166,1500.0,45.2,328.828125
exp2_0.75x,45.563074762001634,0,0.0,1500.0,43.55,328.828125
exp2_0.75x,46.063828885002295,0,0.0,1500.0,43.55,328.828125
exp2_0.75x,46.56464832398342,0,81.85916376706285,2800.0,48.5,374.796875
exp2_0.75x,47.06549730099505,0,99.81867857073271,2800.0,46.85,333.828125
exp2_0.75x,47.56628894599271,0,99.85906969346789,2800.0,46.85,333.828125
exp2_0.75x,48.066958572977455,0,99.86673383357497,2800.0,46.85,333.828125
exp2_0.75x,48.56764996200218,0,99.86057626396091,2800.0,47.4,333.828125
exp2_0.75x,49.068353849987034,0,99.86401855986382,2800.0,47.4,333.828125
exp2_0.75x,49.56911255497835,0,99.84478170124639,2800.0,48.5,333.828125
exp2_0.75x,50.06989805700141,0,99.82271107480712,2800.0,46.85,333.828125
exp2_0.75x,50.57115640799748,0,99.76953237913008,2800.0,48.5,333.828125
exp2_0.75x,51.07191576299374,0,99.85186715666399,2800.0,46.85,333.828125
exp2_0.75x,51.57567733898759,0,99.2528391177831,2800.0,46.85,333.828125
exp2_0.75x,52.07631045600283,0,99.87235075227012,2800.0,47.95,333.828125
exp2_0.75x,52.57698066800367,0,99.86891865116603,2800.0,49.05,333.828125
exp2_0.75x,53.07762463900144,0,99.86687944717917,2800.0,49.6,333.828125
exp2_0.75x,53.57829535199562,0,79.90739755141267,2800.0,47.95,328.84375
exp2_0.75x,54.07872717900318,0,0.0,2800.0,47.4,328.84375
exp2_0.75x,54.57920358100091,0,0.0,2800.0,45.75,328.84375
exp2_0.75x,55.07972079797764,0,0.0,2800.0,46.85,328.84375
exp2_0.75x,55.580238997994456,0,0.0,2800.0,46.85,328.84375
exp2_0.75x,56.080687384004705,0,0.0,2800.0,45.75,328.84375
exp2_0.75x,56.581200992979575,0,0.0,1700.0,46.3,328.84375
exp2_0.75x,57.08187724999152,0,0.0,2800.0,46.3,328.84375
exp2_0.75x,57.582395971985534,0,0.0,2800.0,45.2,328.84375
exp2_0.75x,58.082823639997514,0,0.0,2800.0,46.3,328.84375
exp2_0.75x,58.5833358639793,0,0.0,2800.0,46.3,328.84375
exp2_0.75x,59.08381668198854,0,0.0,2800.0,46.3,328.84375
exp2_0.75x,59.584337018983206,0,0.0,2800.0,45.75,328.84375
exp2_0.75x,60.08483965299092,0,0.0,2800.0,46.3,328.84375
exp2_0.75x,60.58533697499661,0,0.0,2800.0,46.3,328.84375
exp2_0.75x,61.08581577800214,0,0.0,2800.0,45.2,328.84375
exp2_0.75x,61.586330563004594,0,0.0,2800.0,44.65,328.84375
exp2_0.75x,62.08675594298984,0,0.0,1500.0,44.65,328.84375
exp2_0.75x,62.58747071097605,0,1.9971461899337555,1700.0,44.1,328.84375
exp2_0.75x,63.088161867985036,0,0.0,2800.0,44.65,328.84375
exp2_0.75x,63.58867434298736,0,0.0,2800.0,46.3,328.84375
exp2_0.75x,64.08910335600376,0,0.0,2800.0,44.65,328.84375
exp2_0.75x,64.58961092500249,0,0.0,2800.0,44.65,328.84375
exp2_0.75x,65.09009992098436,0,0.0,2800.0,45.2,328.84375
exp2_0.75x,65.59062452899525,0,0.0,2800.0,46.3,328.84375
exp2_0.75x,66.0911316940037,0,0.0,2800.0,44.65,328.84375
exp2_0.75x,66.59162797097815,0,0.0,2800.0,44.65,328.84375
exp2_0.75x,67.09208489698358,0,0.0,2800.0,45.2,328.84375
exp2_0.75x,67.59259054600261,0,0.0,2800.0,44.65,328.84375
exp2_0.75x,68.09302341900184,0,0.0,1500.0,44.1,328.84375
exp2_0.75x,68.59376462397631,0,0.0,1600.0,45.2,328.84375
exp2_0.75x,69.09449332900112,0,0.0,1800.0,45.75,328.84375
exp2_0.75x,69.59516966697993,0,75.8926254433489,2800.0,47.4,374.828125
exp2_0.75x,70.09970556898043,0,103.06578983349766,2800.0,46.85,333.859375
exp2_0.75x,70.60053798099398,0,99.83611263031118,2800.0,46.85,333.875
exp2_0.75x,71.10132507799426,0,99.84219282533292,2800.0,46.85,333.875
exp2_0.75x,71.60200525299297,0,99.83487172534106,2800.0,46.85,333.875
exp2_0.75x,72.10320851599681,0,99.77294909421094,2800.0,47.4,333.875
exp2_0.75x,72.60407324699918,0,99.84171952504072,2800.0,48.5,333.875
exp2_0.75x,73.10474192298716,0,99.85944403618332,2800.0,47.4,333.875
exp2_0.75x,73.60548193499562,0,99.85255631946774,2800.0,49.05,333.890625
exp2_0.75x,74.10659690600005,0,99.78716694284073,2800.0,48.5,333.890625
exp2_0.75x,74.60727838199819,0,99.84553636103375,2800.0,46.85,333.890625
exp2_0.75x,75.10815467199427,0,99.84065909801329,2800.0,47.95,333.890625
exp2_0.75x,75.60881020699162,0,99.86583285339873,2800.0,49.05,333.890625
exp2_0.75x,76.11170476197731,0,99.43258971231529,2800.0,49.6,333.890625
exp2_0.75x,76.61228211299749,0,51.947067914394694,2800.0,46.3,330.890625
exp2_0.75x,77.11264635500265,0,0.0,2800.0,46.3,330.890625
exp2_0.75x,77.6131180789962,0,0.0,2800.0,46.3,330.890625
exp2_0.75x,78.11364480300108,0,0.0,2800.0,45.75,330.890625
exp2_0.75x,78.61416671497864,0,0.0,2800.0,45.2,330.890625
exp2_0.75x,79.11465294100344,0,0.0,2800.0,45.2,330.890625
exp2_0.75x,79.61516670600395,0,0.0,1500.0,44.65,330.890625
exp2_0.75x,80.11597778298892,0,0.0,1500.0,44.65,330.890625
exp2_0.75x,80.6167148629902,0,0.0,1500.0,44.1,330.890625
exp2_0.75x,81.11736285200459,0,0.0,1500.0,44.65,330.890625
exp2_0.75x,81.6181258779834,0,0.0,1900.0,45.75,330.890625
exp2_0.75x,82.11878434900427,0,0.0,1500.0,44.1,330.890625
exp2_0.75x,82.61951967398636,0,0.0,1500.0,45.2,330.890625
exp2_0.75x,83.12029733098461,0,0.0,1500.0,45.2,330.890625
exp2_0.75x,83.62107286098762,0,0.0,1700.0,43.55,330.890625
exp2_0.75x,84.1217988729768,0,1.9970973547542226,1500.0,43.0,330.890625
exp2_0.75x,84.62256203399738,0,0.0,1500.0,43.0,330.890625
exp2_0.75x,85.12332662098925,0,0.0,1500.0,44.1,330.890625
exp2_0.75x,85.62413096998353,0,0.0,1500.0,43.55,330.890625
exp2_0.75x,86.12490174398408,0,0.0,2800.0,44.65,330.890625
exp2_0.75x,86.62541915199836,0,0.0,2800.0,44.65,330.890625
exp2_0.75x,87.12587526298012,0,0.0,2800.0,45.75,330.890625
exp2_0.75x,87.62637972799712,0,0.0,2800.0,44.65,330.890625
exp2_0.75x,88.12678689797758,0,0.0,2800.0,44.65,330.890625
exp2_0.75x,88.6273024760012,0,0.0,2800.0,45.75,330.890625
exp2_0.75x,89.12782681299723,0,0.0,2800.0,46.3,330.890625
exp2_0.75x,89.62831144899246,0,0.0,2800.0,45.75,330.890625
exp2_0.75x,90.1286962890008,0,0.0,2800.0,45.75,330.890625
exp2_0.75x,90.62921238900162,0,0.0,2800.0,45.2,330.890625
exp2_0.75x,91.12965823098784,0,0.0,1500.0,43.55,330.890625
exp2_0.75x,91.63038660900202,0,0.0,1500.0,44.65,330.890625
exp2_0.75x,92.13113293200149,0,0.0,2800.0,45.75,330.890625
exp2_0.75x,92.63167666498339,0,69.90511401044476,2800.0,46.3,374.859375
exp2_0.75x,93.13241078599822,0,99.87463676179864,2800.0,46.3,333.890625
exp2_0.75x,93.63305840900284,0,99.87050250819088,2800.0,46.3,333.890625
exp2_0.75x,94.13567305597826,0,99.48271594521081,2800.0,47.4,333.890625
exp2_0.75x,94.63630849600304,0,99.86298897613726,2800.0,47.95,333.890625
exp2_0.75x,95.13714099000208,0,99.83155202731416,2800.0,46.85,333.890625
exp2_0.75x,95.63791774600395,0,99.85297647387421,2800.0,46.85,333.890625
exp2_0.75x,96.13856505797594,0,99.86248616456842,2800.0,47.4,333.890625
exp2_0.75x,96.63935559298261,0,99.82580456793185,2800.0,47.4,333.890625
exp2_0.75x,97.14057523600059,0,101.77815821767817,2800.0,47.95,333.890625
exp2_0.75x,97.64123768199352,0,99.85407984363145,2800.0,47.4,333.890625
exp2_0.75x,98.14207412599353,0,99.83472560750249,2800.0,48.5,333.890625
exp2_0.75x,98.64300727497903,0,99.82469645180774,2800.0,48.5,333.890625
exp2_0.75x,99.1436722590006,0,99.86734979310984,2800.0,47.95,333.890625
exp2_0.75x,99.64428857900202,0,57.937677715803034,2800.0,46.85,330.890625
exp2_0.75x,100.14470278899535,0,0.0,2800.0,46.85,330.890625
exp2_0.75x,100.64522661099909,0,0.0,2800.0,47.4,330.890625
exp2_0.75x,101.14574328498566,0,0.0,2800.0,45.75,330.890625
exp2_0.75x,101.64618670198251,0,0.0,2800.0,46.85,330.890625
exp2_0.75x,102.14662061899435,0,0.0,2800.0,45.75,330.890625
exp2_0.75x,102.64714009300224,0,0.0,2800.0,45.75,330.890625
exp2_0.75x,103.14767175199813,0,0.0,2800.0,46.3,330.890625
exp2_0.75x,103.64818109897897,0,0.0,2800.0,45.2,330.890625
exp2_0.75x,104.14869805600028,0,0.0,2800.0,46.3,330.890625
exp2_0.75x,104.64916925597936,0,0.0,2800.0,46.3,330.890625
exp2_0.75x,105.14969504799228,0,0.0,2800.0,45.75,330.890625
exp2_0.75x,105.65021023098961,0,0.0,2800.0,46.3,330.890625
exp2_0.75x,106.15066126699094,0,0.0,2800.0,44.65,330.890625
exp2_0.75x,106.65114702598657,0,0.0,2800.0,46.3,330.890625
exp2_0.75x,107.15168065499165,0,0.0,1500.0,44.65,330.890625
exp2_0.75x,107.65239506200305,0,1.9972230450483437,1500.0,44.1,330.890625
exp2_0.75x,108.15306437699473,0,0.0,1500.0,45.75,330.890625
exp2_0.75x,108.65382734200102,0,0.0,1500.0,44.1,330.890625
exp2_0.75x,109.1545971769956,0,0.0,1500.0,44.1,330.890625
exp2_0.75x,109.65529986500042,0,0.0,1500.0,44.1,330.890625
exp2_0.75x,110.15608971999609,0,0.0,1500.0,43.55,330.890625
exp2_0.75x,110.65676450400497,0,0.0,2800.0,44.1,330.890625
exp2_0.75x,111.15728930698242,0,0.0,2800.0,46.3,330.890625
exp2_0.75x,111.65780620399164,0,0.0,2800.0,44.65,330.890625
exp2_0.75x,112.15819428800023,0,0.0,2800.0,46.3,330.890625
exp2_0.75x,112.65862765000202,0,0.0,2800.0,45.2,330.890625
exp2_0.75x,113.15916077198926,0,0.0,2800.0,44.65,330.90625
exp2_0.75x,113.65965363598661,0,0.0,2800.0,45.2,330.90625
exp2_0.75x,114.1600753889943,0,0.0,2800.0,45.2,330.90625
exp2_0.75x,114.6605987729854,0,0.0,2800.0,46.3,330.90625
exp2_0.75x,115.16111036197981,0,0.0,2800.0,44.1,330.90625
exp2_0.75x,115.66155965498183,0,61.932235110505225,2800.0,45.75,374.890625
exp2_0.75x,116.16227790998528,0,101.86228300648179,2800.0,47.95,333.921875
exp2_0.75x,116.6628595200018,0,97.88362752534773,2800.0,47.4,333.921875
exp2_0.75x,117.16350279498147,0,99.87492742587348,2800.0,46.3,333.921875
exp2_0.75x,117.66767886298476,0,101.15464075638671,2800.0,47.95,333.921875
exp2_0.75x,118.16827897398616,0,99.88145190085157,2800.0,46.85,333.921875
exp2_0.75x,118.66883140199934,0,99.88865332262735,2800.0,47.95,333.921875
exp2_0.75x,119.1693936069787,0,99.88730075406605,2800.0,47.95,333.921875
exp2_0.75x,119.67000209199614,0,99.877021219867,2800.0,48.5,333.921875
exp2_0.75x,120.17062259599334,0,99.87778575046808,2800.0,46.85,333.921875
exp2_0.75x,120.67118628599565,0,99.8856004181997,2800.0,47.4,333.921875
exp2_0.75x,121.17179027298698,0,99.87451227162619,2800.0,46.85,333.921875
exp2_0.75x,121.67567149698152,0,99.23529598568095,2800.0,47.4,333.921875
exp2_0.75x,122.1762722079875,0,99.88106242866053,2800.0,49.05,334.03125
exp2_0.75x,122.67681243899278,0,75.9293617007346,2800.0,48.5,332.03125
exp2_0.75x,123.17714878299739,0,0.0,2800.0,46.3,332.03125
exp2_0.75x,123.67764907199307,0,0.0,2800.0,46.85,332.03125
exp2_0.75x,124.1780523249763,0,0.0,2800.0,45.75,332.03125
exp2_0.75x,124.67849444897729,0,0.0,2800.0,46.3,332.03125
exp2_0.75x,125.1789572769776,0,0.0,2800.0,44.1,332.03125
exp2_0.75x,125.67947256899788,0,0.0,1800.0,45.75,332.03125
exp2_0.75x,126.1800091759942,0,0.0,1700.0,45.2,332.03125
exp2_0.75x,126.68065448798006,0,0.0,1500.0,45.2,332.03125
exp2_0.75x,127.1813064290036,0,0.0,2800.0,45.75,332.03125
exp2_0.75x,127.6818242429872,0,0.0,2800.0,45.2,332.03125
exp2_0.75x,128.18232522398466,0,0.0,2800.0,46.3,332.03125
exp2_0.75x,128.6828183179896,0,0.0,2800.0,45.2,332.03125
exp2_0.75x,129.18327609699918,0,0.0,2800.0,46.3,332.03125
exp2_0.75x,129.68380513699958,0,0.0,2800.0,45.75,332.03125
exp2_0.75x,130.18423571498715,0,0.0,2800.0,46.3,332.03125
exp2_0.75x,130.6847061640001,0,0.0,2800.0,45.75,332.03125
exp2_0.75x,131.18521520600189,0,0.0,2800.0,47.4,332.03125
exp2_0.75x,131.68573030398693,0,1.9980642952294083,2800.0,44.1,332.03125
exp2_0.75x,132.18617701498442,0,0.0,1700.0,44.1,332.03125
exp2_0.75x,132.68684522499098,0,0.0,1500.0,44.1,332.03125
exp2_0.75x,133.1875218990026,0,0.0,1500.0,44.1,332.03125
exp2_0.75x,133.68831822098582,0,0.0,2800.0,44.65,332.03125
exp2_0.75x,134.18884758200147,0,0.0,2800.0,45.75,332.03125
exp2_0.75x,134.68934055700083,0,0.0,2800.0,44.65,332.03125
exp2_0.75x,135.1897936059977,0,0.0,2800.0,45.75,332.03125
exp2_0.75x,135.69029398899875,0,0.0,2800.0,44.65,332.03125
exp2_0.75x,136.19081750197802,0,0.0,2800.0,45.75,332.03125
exp2_0.75x,136.6913095539785,0,0.0,2800.0,45.75,332.03125
exp2_0.75x,137.19182906899368,0,0.0,2800.0,45.2,332.03125
exp2_0.75x,137.6922961039818,0,0.0,2800.0,44.65,332.03125
exp2_0.75x,138.192824378988,0,0.0,2800.0,46.3,332.03125
exp2_0.75x,138.6956960099924,0,55.676619838319645,2800.0,45.75,343.546875
exp2_0.75x,139.19639750898932,0,99.84664693028455,2800.0,46.85,334.046875
exp2_0.75x,139.69708887898014,0,99.86088280299448,2800.0,47.4,334.046875
exp2_0.75x,140.19791300798533,0,99.8257782626498,2800.0,47.4,334.046875
exp2_0.75x,140.69911424600286,0,99.78002973570793,2800.0,47.95,334.046875
exp2_0.75x,141.19983409999986,0,101.85472094410972,2800.0,48.5,334.046875
exp2_0.75x,141.70049423299497,0,99.8631240082017,2800.0,49.05,334.046875
exp2_0.75x,142.201242309995,0,99.84251440750323,2800.0,48.5,334.046875
exp2_0.75x,142.70210672100075,0,99.81651807555805,2800.0,48.5,334.046875
exp2_0.75x,143.2033812769805,0,99.76923714841287,2800.0,47.95,334.046875
exp2_0.75x,143.70417280198308,0,99.83449557110976,2800.0,47.95,334.046875
exp2_0.75x,144.20498091899208,0,99.84398319086174,2800.0,47.95,334.046875
exp2_0.75x,144.70567433399265,0,99.8644563708506,2800.0,48.5,334.046875
exp2_0.75x,145.2063088619907,0,99.87527635737912,2800.0,49.05,334.046875
exp2_0.75x,145.70691427998827,0,91.89151159534016,2800.0,49.05,333.046875
exp2_0.75x,146.2074486979982,0,0.0,2800.0,47.95,333.046875
exp2_0.75x,146.70795171099599,0,0.0,2800.0,46.3,333.046875
exp2_0.75x,147.21166658998118,0,0.0,2800.0,47.4,333.046875
exp2_0.75x,147.7121699199779,0,0.0,2800.0,45.75,333.046875
exp2_0.75x,148.21270865597762,0,0.0,2800.0,46.85,333.046875
exp2_0.75x,148.713175227982,0,0.0,1500.0,44.65,333.046875
exp2_0.75x,149.2138122250035,0,1.997267526326398,1500.0,45.75,333.046875
exp2_0.75x,149.71458864898887,0,0.0,1500.0,44.65,333.046875
exp2_0.75x,150.21534788698773,0,0.0,2800.0,45.2,333.046875
exp2_0.75x,150.715876776987,0,0.0,2800.0,45.2,333.046875
exp2_0.75x,151.21639227800188,0,0.0,2800.0,45.2,333.046875
exp2_0.75x,151.71683561400278,0,0.0,2800.0,45.2,333.046875
exp2_0.75x,152.21723958000075,0,0.0,2800.0,45.75,333.046875
exp2_0.75x,152.71776258398313,0,0.0,2800.0,46.3,333.046875
exp2_0.75x,153.21822262599017,0,0.0,2800.0,46.3,333.046875
exp2_0.75x,153.718676613993,0,0.0,2800.0,46.3,333.046875
exp2_0.75x,154.21920410098392,0,0.0,2800.0,46.3,333.046875
exp2_0.75x,154.71972879298846,0,0.0,2800.0,45.2,333.046875
exp2_0.75x,155.22017922697705,0,0.0,1500.0,43.55,333.046875
exp2_0.75x,155.72093342000153,0,0.0,1500.0,43.55,333.046875
exp2_0.75x,156.22156477998942,0,0.0,2800.0,44.1,333.046875
exp2_0.75x,156.7220881980029,0,0.0,2800.0,46.3,333.046875
exp2_0.75x,157.22259737597778,0,0.0,2800.0,44.65,333.046875
exp2_0.75x,157.7229862959939,0,0.0,2800.0,44.1,333.046875
exp2_0.75x,158.22340536498814,0,1.998205631293581,2800.0,44.65,333.046875
exp2_0.75x,158.7239314710023,0,0.0,2800.0,45.2,333.046875
exp2_0.75x,159.22434257800342,0,0.0,2800.0,45.2,333.046875
exp2_0.75x,159.7247569829924,0,0.0,2800.0,45.2,333.046875
exp2_0.75x,160.22528559100465,0,0.0,2800.0,45.75,333.046875
exp2_0.75x,160.72580212698085,0,1.9981334516378462,2800.0,44.65,333.046875
exp2_0.75x,161.22620118199848,0,0.0,1500.0,44.1,333.046875
exp2_0.75x,161.72697503198287,0,45.9302814137491,2800.0,46.85,343.65625
exp2_0.75x,162.22763084599865,0,99.86291418680432,2800.0,48.5,334.15625
exp2_0.75x,162.7283251619956,0,99.86151783410628,2800.0,47.4,334.15625
exp2_0.75x,163.22900599599234,0,99.86756442837302,2800.0,48.5,334.15625
exp2_0.75x,163.72968364600092,0,99.85566742048988,2800.0,47.4,334.15625
exp2_0.75x,164.23048312898027,0,99.82666756288609,2800.0,48.5,334.15625
exp2_0.75x,164.73178888799157,0,101.73058363592682,2800.0,47.4,334.15625
exp2_0.75x,165.23279344500042,0,99.81177674842382,2800.0,46.85,334.15625
exp2_0.75x,165.73392422500183,0,99.7870243552689,2800.0,47.95,334.15625
exp2_0.75x,166.23460887899273,0,99.86170891213179,2800.0,46.85,334.15625
exp2_0.75x,166.73615691700252,0,101.67922076261496,2800.0,47.95,334.15625
exp2_0.75x,167.2369067199761,0,99.8597031111022,2800.0,48.5,334.15625
exp2_0.75x,167.73754385797656,0,99.87288219374429,2800.0,49.6,334.15625
exp2_0.75x,168.2381902379857,0,99.87269746531459,2800.0,49.6,334.15625
exp2_1.00x,0.5004201970004942,0,99.86067737926066,2800.0,49.6,375.1875
exp2_1.00x,1.0013323930033948,0,101.81286591712085,2800.0,49.6,334.234375
exp2_1.00x,1.502229885023553,0,99.8503036220529,2800.0,48.5,334.234375
exp2_1.00x,2.0028800280124415,0,99.83941888070939,2800.0,48.5,334.234375
exp2_1.00x,2.504092445014976,0,99.78059146048766,2800.0,48.5,334.234375
exp2_1.00x,3.0048153300012928,0,99.85867480624326,2800.0,50.7,334.234375
exp2_1.00x,3.505475956015289,0,99.86654574343376,2800.0,50.15,334.234375
exp2_1.00x,4.0063046569994185,0,99.82117654817085,2800.0,49.6,334.25
exp2_1.00x,4.507325856015086,0,99.81547891050467,2800.0,49.6,334.25
exp2_1.00x,5.007974004023708,0,99.86737991119077,2800.0,50.15,334.25
exp2_1.00x,5.508755836024648,0,99.84667265466716,2800.0,48.5,334.25
exp2_1.00x,6.0093888560077175,0,99.87088153477737,2800.0,49.6,334.25
exp2_1.00x,6.510045987000922,0,99.87323090774865,2800.0,49.05,334.25
exp2_1.00x,7.01067134202458,0,99.87278743448299,2800.0,50.15,334.25
exp2_1.00x,7.51129086400033,0,37.95724715879888,2800.0,48.5,334.25
exp2_1.00x,8.011775777005823,0,0.0,2800.0,46.85,334.25
exp2_1.00x,8.512316708016442,0,0.0,2800.0,46.85,334.25
exp2_1.00x,9.012782382022124,0,0.0,2800.0,46.3,334.25
exp2_1.00x,9.513301907019923,0,0.0,2800.0,46.85,334.25
exp2_1.00x,10.013793897000141,0,0.0,2800.0,46.3,334.25
exp2_1.00x,10.514329202007502,0,0.0,2800.0,46.3,334.25
exp2_1.00x,11.014838119997876,0,0.0,2800.0,45.75,334.25
exp2_1.00x,11.515290370996809,0,0.0,2800.0,46.3,334.25
exp2_1.00x,12.015741568000522,0,0.0,2800.0,46.85,334.25
exp2_1.00x,12.516293709020829,0,0.0,2800.0,46.3,334.25
exp2_1.00x,13.01677588900202,0,0.0,1500.0,46.3,334.25
exp2_1.00x,13.517448716011131,0,0.0,1500.0,45.2,334.25
exp2_1.00x,14.018203044019174,0,0.0,1500.0,44.65,334.25
exp2_1.00x,14.518960390007123,0,0.0,1500.0,44.1,334.25
exp2_1.00x,15.019719867996173,0,0.0,1500.0,44.1,334.25
exp2_1.00x,15.520487030007644,0,0.0,1500.0,45.2,334.25
exp2_1.00x,16.021124770020833,0,0.0,1500.0,44.1,334.25
exp2_1.00x,16.521778898022603,0,0.0,2800.0,45.2,334.25
exp2_1.00x,17.02230938000139,0,0.0,2800.0,46.85,334.25
exp2_1.00x,17.52278747301898,0,43.954035418479926,2800.0,47.4,344.3125
exp2_1.00x,18.02339103000122,0,101.87697743612998,2800.0,46.3,334.8125
exp2_1.00x,18.523991477006348,0,97.87447031886191,2800.0,47.95,334.8125
exp2_1.00x,19.02472899699933,0,99.82933217093142,2800.0,48.5,334.8125
exp2_1.00x,19.525969793001423,0,99.77752584919645,2800.0,48.5,334.8125
exp2_1.00x,20.02665014899685,0,101.86486586414307,2800.0,47.4,334.8125
exp2_1.00x,20.527303634997224,0,99.86678430455008,2800.0,49.6,334.8125
exp2_1.00x,21.027973363001365,0,99.86661036741103,2800.0,49.6,334.8125
exp2_1.00x,21.52863501702086,0,99.86494065510969,2800.0,47.95,334.8125
exp2_1.00x,22.029366783011938,0,99.8484841185924,2800.0,47.95,334.8125
exp2_1.00x,22.530164530006004,0,99.85252760319372,2800.0,49.6,334.8125
exp2_1.00x,23.030908704997273,0,99.84792262726677,2800.0,47.95,334.8125
exp2_1.00x,23.531561196024995,0,99.86829030087742,2800.0,47.4,334.8125
exp2_1.00x,24.032458186004078,0,101.8054707171351,2800.0,49.05,334.8125
exp2_1.00x,24.53326519500115,0,87.88667961781562,2800.0,49.05,334.8125
exp2_1.00x,25.033619117020862,0,0.0,2800.0,46.85,334.8125
exp2_1.00x,25.533976649021497,0,0.0,2800.0,46.85,334.8125
exp2_1.00x,26.034495127008995,0,0.0,2800.0,47.4,334.8125
exp2_1.00x,26.53496323400759,0,0.0,2800.0,47.4,334.8125
exp2_1.00x,27.03550202702172,0,0.0,2800.0,47.4,334.8125
exp2_1.00x,27.53603291400941,0,0.0,2800.0,47.4,334.8125
exp2_1.00x,28.036477672023466,0,1.9983259982884307,2800.0,46.85,334.8125
exp2_1.00x,28.536887691006996,0,0.0,2800.0,46.3,334.8125
exp2_1.00x,29.037515912001254,0,0.0,2800.0,46.3,334.8125
exp2_1.00x,29.53802261702367,0,0.0,2800.0,45.75,334.8125
exp2_1.00x,30.0385062849964,0,0.0,2800.0,46.85,334.8125
exp2_1.00x,30.539028361003147,0,0.0,2800.0,44.65,334.8125
exp2_1.00x,31.039475384022808,0,0.0,2800.0,46.3,334.8125
exp2_1.00x,31.54003979402478,0,0.0,1700.0,45.2,334.8125
exp2_1.00x,32.040730909007834,0,0.0,1500.0,45.2,334.8125
exp2_1.00x,32.54140393101261,0,0.0,1500.0,44.1,334.8125
exp2_1.00x,33.04209019601694,0,0.0,2800.0,45.2,334.8125
exp2_1.00x,33.54260386902024,0,0.0,2800.0,44.65,334.8125
exp2_1.00x,34.043057062022854,0,0.0,2800.0,46.3,334.8125
exp2_1.00x,34.54352344101062,0,0.0,2800.0,45.2,334.8125
exp2_1.00x,35.044076542020775,0,87.89006113810683,2800.0,48.5,375.78125
exp2_1.00x,35.54482990200631,0,99.83219904209794,2800.0,46.85,334.8125
exp2_1.00x,36.04601848201128,0,99.77828765777035,2800.0,47.4,334.8125
exp2_1.00x,36.546802880009636,0,99.83569839625709,2800.0,47.4,334.8125
exp2_1.00x,37.047613927017665,0,99.84288224917036,2800.0,47.4,334.8125
exp2_1.00x,37.548416919016745,0,99.84918100521156,2800.0,47.4,334.8125
exp2_1.00x,38.04905358000542,0,99.8752127150542,2800.0,48.5,334.8125
exp2_1.00x,38.549673964007525,0,99.87602528284816,2800.0,49.05,334.8125
exp2_1.00x,39.05030234900187,0,101.8660131895769,2800.0,47.4,334.8125
exp2_1.00x,39.55111467701499,0,99.84194740142523,2800.0,47.95,334.8125
exp2_1.00x,40.051774174004095,0,99.86028148674937,2800.0,49.05,334.8125
exp2_1.00x,40.55247852302273,0,99.8670884899131,2800.0,48.5,334.8125
exp2_1.00x,41.053114410024136,0,99.87321295554553,2800.0,48.5,334.8125
exp2_1.00x,41.553768742014654,0,99.86482775855235,2800.0,47.95,334.8125
exp2_1.00x,42.05445859400788,0,41.9482047898093,2800.0,48.5,334.8125
exp2_1.00x,42.55494779901346,0,0.0,2800.0,46.85,334.8125
exp2_1.00x,43.05541969102342,0,0.0,2800.0,47.95,334.8125
exp2_1.00x,43.55596611902001,0,1.9978688572950558,2800.0,46.85,334.8125
exp2_1.00x,44.05648949299939,0,0.0,2800.0,46.3,334.8125
exp2_1.00x,44.55697116401279,0,0.0,2800.0,45.75,334.8125
exp2_1.00x,45.05746189202182,0,0.0,2800.0,46.3,334.8125
exp2_1.00x,45.5579936010181,0,0.0,2800.0,47.4,334.8125
exp2_1.00x,46.05851308902493,0,0.0,2800.0,45.75,334.8125
exp2_1.00x,46.55896502302494,0,0.0,2800.0,46.3,334.8125
exp2_1.00x,47.05946449399926,0,0.0,2800.0,45.2,334.8125
exp2_1.00x,47.55990159601788,0,0.0,2800.0,46.85,334.8125
exp2_1.00x,48.06046953101759,0,0.0,1500.0,45.2,334.8125
exp2_1.00x,48.56122120600776,0,0.0,1500.0,44.65,334.8125
exp2_1.00x,49.06193956700736,0,1.9971690089271446,1500.0,44.65,334.8125
exp2_1.00x,49.562624540005345,0,0.0,2800.0,46.85,334.8125
exp2_1.00x,50.06313514499925,0,0.0,2800.0,45.2,334.8125
exp2_1.00x,50.563571047998266,0,0.0,2800.0,46.3,334.8125
exp2_1.00x,51.067948665004224,0,0.0,2800.0,46.3,334.8125
exp2_1.00x,51.56844486499904,0,0.0,2800.0,46.3,334.8125
exp2_1.00x,52.068983639008366,0,31.96306987066252,2800.0,46.85,344.3125
exp2_1.00x,52.57197865701164,0,101.39711183188398,2800.0,47.4,334.8125
exp2_1.00x,53.075966094009345,0,99.20719975085886,2800.0,48.5,334.8125
exp2_1.00x,53.57656144400244,0,97.87633560126233,2800.0,46.85,334.8125
exp2_1.00x,54.07735807201243,0,99.8457349447834,2800.0,47.4,334.8125
exp2_1.00x,54.57803034799872,0,99.8645802322344,2800.0,47.4,334.8125
exp2_1.00x,55.078708885004744,0,99.86463887449834,2800.0,49.05,334.8125
exp2_1.00x,55.57938877501874,0,99.86224183666029,2800.0,47.95,334.8125
exp2_1.00x,56.08011257200269,0,99.85473333157572,2800.0,48.5,334.8125
exp2_1.00x,56.580895962018985,0,99.82173694412025,2800.0,48.5,334.8125
exp2_1.00x,57.08204105400364,0,99.78795060505719,2800.0,48.5,334.8125
exp2_1.00x,57.58278866801993,0,99.85893188047255,2800.0,49.6,334.8125
exp2_1.00x,58.08347637602128,0,99.83333324535381,2800.0,48.5,334.8125
exp2_1.00x,58.58463991401368,0,101.78504829539945,2800.0,48.5,334.8125
exp2_1.00x,59.08534169802442,0,99.8856592884143,2800.0,48.5,334.8125
exp2_1.00x,59.58570516901091,0,0.0,2800.0,47.4,334.8125
exp2_1.00x,60.08622558400384,0,0.0,2800.0,46.3,334.8125
exp2_1.00x,60.58667542701005,0,0.0,2800.0,46.3,334.8125
exp2_1.00x,61.08714967701235,0,0.0,2800.0,45.75,334.8125
exp2_1.00x,61.587869945011334,0,0.0,2800.0,47.4,334.8125
exp2_1.00x,62.0885409550101,0,0.0,2800.0,46.3,334.8125
exp2_1.00x,62.589056540018646,0,0.0,2800.0,47.95,334.8125
exp2_1.00x,63.08947218299727,0,0.0,2800.0,46.3,334.8125
exp2_1.00x,63.5898376039986,0,0.0,2800.0,45.75,334.8125
exp2_1.00x,64.09036674699746,0,0.0,2800.0,45.75,334.8125
exp2_1.00x,64.59115218601073,0,0.0,1500.0,46.85,334.8125
exp2_1.00x,65.09191416201065,0,0.0,1500.0,45.75,334.8125
exp2_1.00x,65.59269117601798,0,0.0,1500.0,44.65,334.8125
exp2_1.00x,66.09338439500425,0,0.0,2800.0,45.2,334.8125
exp2_1.00x,66.5938952450233,0,0.0,2800.0,46.3,334.8125
exp2_1.00x,67.0944058560126,0,0.0,2800.0,46.3,334.8125
exp2_1.00x,67.59477900501224,0,0.0,2800.0,45.2,334.8125
exp2_1.00x,68.09516643200186,0,0.0,2800.0,46.3,334.8125
exp2_1.00x,68.59567393400357,0,0.0,2800.0,46.3,334.8125
exp2_1.00x,69.09605873300461,0,0.0,2800.0,46.3,334.8125
exp2_1.00x,69.59651992100407,0,79.91072150391793,2800.0,46.85,375.78125
exp2_1.00x,70.09739134801202,0,99.83043600438852,2800.0,46.85,334.8125
exp2_1.00x,70.59803501801798,0,99.87036028615168,2800.0,46.85,334.8125
exp2_1.00x,71.09868563301279,0,99.86796256727011,2800.0,47.4,334.8125
exp2_1.00x,71.59936650801683,0,99.85372467609194,2800.0,47.4,334.8125
exp2_1.00x,72.10021671501454,0,99.8449657345436,2800.0,47.4,334.8125
exp2_1.00x,72.60119420001865,0,101.77223698724171,2800.0,48.5,334.8125
exp2_1.00x,73.10242988800746,0,99.75358589840168,2800.0,47.95,334.8125
exp2_1.00x,73.60362474402064,0,99.78748120378701,2800.0,49.05,334.8125
exp2_1.00x,74.10437619601726,0,99.82272462394823,2800.0,49.6,334.8125
exp2_1.00x,74.60554586802027,0,99.79456251687385,2800.0,47.95,334.8125
exp2_1.00x,75.10618359901127,0,99.87182928510309,2800.0,47.95,334.8125
exp2_1.00x,75.60682292401907,0,99.87162221972743,2800.0,49.6,334.8125
exp2_1.00x,76.10747780502425,0,99.87166272121773,2800.0,48.5,334.8125
exp2_1.00x,76.60811255700537,0,57.937031831066335,2800.0,48.5,334.8125
exp2_1.00x,77.10845070102368,0,0.0,2800.0,46.3,334.8125
exp2_1.00x,77.60885171600967,0,0.0,2800.0,46.85,334.8125
exp2_1.00x,78.10926256401581,0,0.0,2800.0,47.95,334.8125
exp2_1.00x,78.60979907901492,0,0.0,2800.0,46.3,334.8125
exp2_1.00x,79.11028231700766,0,0.0,2800.0,46.85,334.8125
exp2_1.00x,79.61070890800329,0,0.0,2800.0,46.85,334.8125
exp2_1.00x,80.11111246299697,0,0.0,2800.0,45.75,334.8125
exp2_1.00x,80.61158012901433,0,0.0,2800.0,46.85,334.8125
exp2_1.00x,81.11209877801593,0,0.0,1500.0,45.2,334.8125
exp2_1.00x,81.6127083140018,0,0.0,1500.0,45.2,334.8125
exp2_1.00x,82.1133529630024,0,0.0,1500.0,45.2,334.8125
exp2_1.00x,82.6139460010163,0,1.9975727932557898,2800.0,45.2,334.8125
exp2_1.00x,83.11445835602353,0,0.0,2800.0,46.85,334.8125
exp2_1.00x,83.61493719302234,0,0.0,2800.0,46.3,334.8125
exp2_1.00x,84.11537480802508,0,0.0,2800.0,45.75,334.8125
exp2_1.00x,84.61583331300062,0,0.0,2800.0,46.3,334.8125
exp2_1.00x,85.11634317101561,0,0.0,2800.0,45.75,334.8125
exp2_1.00x,85.61676610301947,0,0.0,2800.0,46.85,334.8125
exp2_1.00x,86.11724429501919,0,0.0,2800.0,46.3,334.8125
exp2_1.00x,86.61778965400299,0,21.96823529467447,2800.0,47.4,334.8125
exp2_1.00x,87.118983287015,0,99.78628651268113,2800.0,47.4,334.8125
exp2_1.00x,87.61957742500817,0,99.86820572725306,2800.0,46.85,334.8125
exp2_1.00x,88.120253229019,0,99.87706810703963,2800.0,47.95,334.8125
exp2_1.00x,88.62089368302259,0,99.86082556404435,2800.0,47.4,334.8125
exp2_1.00x,89.12177646902273,0,99.83014280893532,2800.0,48.5,334.8125
exp2_1.00x,89.62251842301339,0,99.85876455280169,2800.0,47.4,334.8125
exp2_1.00x,90.12313595300657,0,99.87244212004195,2800.0,49.05,334.8125
exp2_1.00x,90.6238161130168,0,99.85758231647915,2800.0,49.05,334.8125
exp2_1.00x,91.12458355000126,0,99.85471279169424,2800.0,49.05,334.8125
exp2_1.00x,91.62539834002382,0,99.84020136209664,2800.0,49.05,334.8125
exp2_1.00x,92.12605652000639,0,101.83813520811286,2800.0,48.5,334.8125
exp2_1.00x,92.62714958700235,0,99.80691175293377,2800.0,49.05,334.8125
exp2_1.00x,93.12780578702223,0,99.8649464427486,2800.0,47.95,334.8125
exp2_1.00x,93.6284757660178,0,99.87113706946644,2800.0,48.5,334.8125
exp2_1.00x,94.12908263399731,0,7.991227725769617,2800.0,48.5,334.8125
exp2_1.00x,94.62956941200537,0,0.0,2800.0,46.85,334.8125
exp2_1.00x,95.13009556001634,0,0.0,2800.0,47.95,334.8125
exp2_1.00x,95.63058130099671,0,0.0,2800.0,46.85,334.8125
exp2_1.00x,96.1310651730164,0,0.0,2800.0,46.3,334.8125
exp2_1.00x,96.63157067602151,0,1.9979435127128484,2800.0,46.85,334.8125
exp2_1.00x,97.13211141902138,0,0.0,2800.0,45.75,334.8125
exp2_1.00x,97.63262257000315,0,0.0,1500.0,46.3,334.8125
exp2_1.00x,98.13329381399672,0,0.0,1700.0,46.3,334.8125
exp2_1.00x,98.63392948399996,0,1.997516551661687,1500.0,44.65,334.8125
exp2_1.00x,99.1345562110073,0,0.0,2800.0,46.85,334.8125
exp2_1.00x,99.63506421700004,0,0.0,2800.0,45.75,334.8125
exp2_1.00x,100.13553074302035,0,0.0,2800.0,46.85,334.8125
exp2_1.00x,100.63593928801129,0,0.0,2800.0,46.85,334.8125
exp2_1.00x,101.13636988901999,0,0.0,2800.0,46.3,334.8125
exp2_1.00x,101.63687023101375,0,0.0,2800.0,46.85,334.8125
exp2_1.00x,102.13730094401399,0,0.0,2800.0,45.75,334.8125
exp2_1.00x,102.63775106501998,0,0.0,2800.0,46.3,334.8125
exp2_1.00x,103.13824568700511,0,0.0,2800.0,45.75,334.8125
exp2_1.00x,103.63874873501481,0,0.0,2800.0,46.3,334.8125
exp2_1.00x,104.1392058590136,0,63.934399472217144,2800.0,47.95,375.78125
exp2_1.00x,104.6398065740068,0,99.87657233040132,2800.0,48.5,334.8125
exp2_1.00x,105.1404485120147,0,99.86741801163411,2800.0,47.4,334.8125
exp2_1.00x,105.64120358001674,0,99.82745164842744,2800.0,46.85,334.8125
exp2_1.00x,106.14238820099854,0,101.78233054284539,2800.0,47.4,334.8125
exp2_1.00x,106.64313186300569,0,99.83299537414378,2800.0,49.05,334.8125
exp2_1.00x,107.1441938560165,0,99.80753155546542,2800.0,49.05,334.8125
exp2_1.00x,107.64486396400025,0,99.8686363877654,2800.0,49.05,334.8125
exp2_1.00x,108.1455078870058,0,99.86950431507634,2800.0,49.05,334.8125
exp2_1.00x,108.64620058902074,0,99.86407061865145,2800.0,47.95,334.8125
exp2_1.00x,109.14693253202131,0,99.8519090349824,2800.0,49.05,334.8125
exp2_1.00x,109.64759247601614,0,99.87320178477296,2800.0,47.4,334.8125
exp2_1.00x,110.14854876999743,0,99.79907153544625,2800.0,47.4,334.8125
exp2_1.00x,110.64941775100306,0,99.82786003070841,2800.0,49.6,334.8125
exp2_1.00x,111.15026264000335,0,65.89607450955704,2800.0,47.95,334.8125
exp2_1.00x,111.65079740202054,0,0.0,2800.0,48.5,334.8125
exp2_1.00x,112.15126692401827,0,0.0,2800.0,46.85,334.8125
exp2_1.00x,112.65166037299787,0,0.0,2800.0,45.75,334.8125
exp2_1.00x,113.15212928599794,0,0.0,2800.0,46.85,334.8125
exp2_1.00x,113.65265834701131,0,0.0,2800.0,47.4,334.8125
exp2_1.00x,114.15311235300032,0,1.9980145409691537,1500.0,46.85,334.8125
exp2_1.00x,114.653804933012,0,0.0,1600.0,46.3,334.8125
exp2_1.00x,115.15448582801037,0,0.0,1500.0,45.2,334.8125
exp2_1.00x,115.65524170402205,0,0.0,2800.0,46.3,334.8125
exp2_1.00x,116.15576132401475,0,0.0,2800.0,45.75,334.8125
exp2_1.00x,116.65626938900095,0,0.0,2800.0,46.85,334.8125
exp2_1.00x,117.15671480700257,0,0.0,2800.0,47.4,334.8125
exp2_1.00x,117.65712668802007,0,0.0,2800.0,47.4,334.8125
exp2_1.00x,118.1576421810023,0,0.0,2800.0,45.75,334.8125
exp2_1.00x,118.65806539700134,0,0.0,2800.0,46.3,334.8125
exp2_1.00x,119.1584972430137,0,0.0,2800.0,46.3,334.8125
exp2_1.00x,119.65898262700648,0,0.0,2800.0,46.85,334.828125
exp2_1.00x,120.15949619602179,0,0.0,2800.0,46.3,334.828125
exp2_1.00x,120.65996152500156,0,0.0,1500.0,46.3,334.828125
exp2_1.00x,121.19831077201525,0,16.712836589349582,1900.0,45.75,334.828125
exp2_1.00x,121.69968946700101,0,99.70075178205963,2800.0,46.85,375.796875
exp2_1.00x,122.20065499900375,0,99.85759268858259,2800.0,47.95,334.828125
exp2_1.00x,122.70142471700092,0,99.82423268490241,2800.0,49.6,334.828125
exp2_1.00x,123.2025807860191,0,99.78951895758222,2800.0,47.95,334.828125
exp2_1.00x,123.7032423960045,0,99.87124758830522,2800.0,47.4,334.828125
exp2_1.00x,124.20394504300202,0,101.83192131682709,2800.0,48.5,334.828125
exp2_1.00x,124.7050283550052,0,99.80572297451447,2800.0,47.95,334.828125
exp2_1.00x,125.20576800301205,0,99.85710088957245,2800.0,48.5,334.828125
exp2_1.00x,125.70651194802485,0,99.84931241353645,2800.0,48.5,334.828125
exp2_1.00x,126.20719078200636,0,99.86069034084059,2800.0,49.6,334.828125
exp2_1.00x,126.70793380300165,0,99.85267257759959,2800.0,49.6,334.828125
exp2_1.00x,127.20859008299885,0,99.86973231830933,2800.0,48.5,334.828125
exp2_1.00x,127.70923129102448,0,99.87379946525692,2800.0,48.5,334.828125
exp2_1.00x,128.20987727600732,0,99.87075525999573,2800.0,48.5,334.828125
exp2_1.00x,128.710502078,0,23.973992436802153,2800.0,46.85,334.828125
exp2_1.00x,129.21087317701313,0,0.0,2800.0,47.95,334.828125
exp2_1.00x,129.71131709200563,0,0.0,2800.0,46.85,334.828125
exp2_1.00x,130.21185621101176,0,0.0,2800.0,46.85,334.828125
exp2_1.00x,130.71232483000495,0,0.0,2800.0,45.75,334.828125
exp2_1.00x,131.21276439502253,0,0.0,2800.0,46.3,334.828125
exp2_1.00x,131.71322560802219,0,1.9978730443238555,1800.0,46.85,334.828125
exp2_1.00x,132.21391580201453,0,0.0,1500.0,46.3,334.828125
exp2_1.00x,132.71463914500782,0,0.0,1500.0,44.65,334.828125
exp2_1.00x,133.21526893301052,0,0.0,1500.0,46.3,334.828125
exp2_1.00x,133.71596524000051,0,0.0,1500.0,45.2,334.828125
exp2_1.00x,134.21672049199697,0,0.0,2800.0,47.4,334.828125
exp2_1.00x,134.71724319001078,0,1.9979409580050331,2800.0,46.85,334.828125
exp2_1.00x,135.21777203702368,0,0.0,2800.0,46.85,334.828125
exp2_1.00x,135.71862227100064,0,0.0,2800.0,46.3,334.828125
exp2_1.00x,136.21913417399628,0,0.0,2800.0,45.75,334.828125
exp2_1.00x,136.72005081700627,0,0.0,2800.0,46.3,334.828125
exp2_1.00x,137.2204895740142,0,0.0,2800.0,46.85,334.828125
exp2_1.00x,137.72133473699796,0,0.0,2800.0,45.75,334.828125
exp2_1.00x,138.22182829101803,0,0.0,2800.0,46.3,334.828125
exp2_1.00x,138.7223572540097,0,59.93047633317094,2800.0,47.4,375.796875
exp2_1.00x,139.22303275202285,0,97.87049560627325,2800.0,49.05,334.828125
exp2_1.00x,139.7236531410017,0,99.8692344199969,2800.0,49.05,334.828125
exp2_1.00x,140.22438393702032,0,99.85794289199195,2800.0,47.95,334.828125
exp2_1.00x,140.72505551201175,0,101.85789295762862,2800.0,48.5,334.828125
exp2_1.00x,141.22576455000672,0,99.86408837019961,2800.0,47.95,334.828125
exp2_1.00x,141.7264380340057,0,97.84019780049034,2800.0,48.5,334.828125
exp2_1.00x,142.22757797699887,0,99.80217711870844,2800.0,49.6,334.828125
exp2_1.00x,142.7282465180033,0,101.85874025698547,2800.0,49.05,334.828125
exp2_1.00x,143.2289087070094,0,99.85992548568372,2800.0,48.5,334.828125
exp2_1.00x,143.72969213602482,0,99.8557593555495,2800.0,48.5,334.828125
exp2_1.00x,144.23032484500436,0,99.86956555241714,2800.0,50.15,334.828125
exp2_1.00x,144.73103618400637,0,99.85976254284832,2800.0,49.6,334.828125
exp2_1.00x,145.23169176399824,0,99.87078079360168,2800.0,47.95,334.828125
exp2_1.00x,145.73232293801266,0,75.91898199513523,2800.0,47.95,334.828125
exp2_1.00x,146.23267968802247,0,0.0,2800.0,48.5,334.828125
exp2_1.00x,146.733197493013,0,0.0,2800.0,46.85,334.828125
exp2_1.00x,147.23370513200643,0,0.0,2800.0,46.85,334.828125
exp2_1.00x,147.7342066790152,0,0.0,2800.0,46.85,334.828125
exp2_1.00x,148.23460039502243,0,0.0,2800.0,47.4,334.828125
exp2_1.00x,148.73511981300544,0,0.0,2800.0,46.85,334.828125
exp2_1.00x,149.2355400660017,0,0.0,1500.0,45.75,334.828125
exp2_1.00x,149.73628170700977,0,1.9970109458759804,1500.0,46.3,334.828125
exp2_1.00x,150.23703310801648,0,0.0,1600.0,46.3,334.828125
exp2_1.00x,150.73779021200608,0,0.0,1500.0,46.3,334.828125
exp2_1.00x,151.23855111401645,0,0.0,1500.0,46.3,334.828125
exp2_1.00x,151.73929081202368,0,0.0,1500.0,44.65,334.828125
exp2_1.00x,152.23993584502023,0,0.0,1500.0,45.2,334.828125
exp2_1.00x,152.74064360102057,0,0.0,2800.0,46.3,334.828125
exp2_1.00x,153.241162729013,0,0.0,2800.0,45.75,334.828125
exp2_1.00x,153.74180133800837,0,0.0,2800.0,47.4,334.828125
exp2_1.00x,154.2421858010057,0,0.0,2800.0,47.4,334.828125
exp2_1.00x,154.7426835600054,0,0.0,2800.0,45.75,334.828125
exp2_1.00x,155.24318472700543,0,0.0,2800.0,46.85,334.828125
exp2_1.00x,155.77314324001782,0,11.317917464131268,2800.0,47.4,334.828125
exp2_1.00x,156.27430697801174,0,99.77440308933741,2800.0,47.4,375.796875
exp2_1.00x,156.77533842201228,0,99.77824883139273,2800.0,48.5,334.828125
exp2_1.00x,157.27655691999826,0,101.78906679412962,2800.0,49.05,334.828125
exp2_1.00x,157.7771625519963,0,99.87590538201987,2800.0,47.4,334.828125
exp2_1.00x,158.27780061101657,0,99.8732121601214,2800.0,47.4,334.828125
exp2_1.00x,158.77842861501267,0,99.8724068084133,2800.0,48.5,334.828125
exp2_1.00x,159.2790989150235,0,99.86210800275475,2800.0,47.4,334.828125
exp2_1.00x,159.77979982699617,0,99.85583693169173,2800.0,48.5,334.828125
exp2_1.00x,160.28059573902283,0,99.82273617784203,2800.0,48.5,334.828125
exp2_1.00x,160.7816900940088,0,99.80451190778892,2800.0,49.05,334.828125
exp2_1.00x,161.28237945202272,0,99.8703040291071,2800.0,48.5,334.828125
exp2_1.00x,161.7830462550046,0,99.8373527712765,2800.0,49.6,334.828125
exp2_1.00x,162.284283926012,0,99.77054530232078,2800.0,49.05,334.828125
exp2_1.00x,162.78509352600668,0,99.82808725215352,2800.0,49.05,334.875
exp2_1.00x,163.28616851300467,0,27.948126822596766,2800.0,46.85,335.140625
exp2_1.00x,163.78666613501264,0,0.0,2800.0,46.85,335.140625
exp2_1.00x,164.28705338700092,0,0.0,2800.0,47.95,335.140625
exp2_1.00x,164.78757554700132,0,0.0,2800.0,47.4,335.140625
exp2_1.00x,165.2881284840114,0,0.0,2800.0,46.3,335.140625
exp2_1.00x,165.78861979400972,0,0.0,2800.0,47.4,335.140625
exp2_1.00x,166.289097380999,0,1.9980511808243813,2800.0,46.3,335.140625
exp2_1.00x,166.78961283899844,0,0.0,2800.0,47.95,335.140625
exp2_1.00x,167.29015716799768,0,0.0,2800.0,47.4,335.140625
exp2_1.00x,167.79066796100233,0,0.0,1500.0,46.3,335.140625
exp2_1.00x,168.29137034501764,0,0.0,1500.0,46.3,335.140625
exp2_1.00x,168.79210517500178,0,0.0,1500.0,45.2,335.140625
exp2_1.00x,169.2927843570069,0,0.0,2800.0,46.85,335.140625
exp2_1.00x,169.79329900399898,0,0.0,2800.0,45.75,335.140625
exp2_1.00x,170.29371368902503,0,0.0,2800.0,45.75,335.140625
exp2_1.00x,170.79418918900774,0,0.0,2800.0,46.3,335.140625
exp2_1.00x,171.29465478201746,0,0.0,2800.0,46.85,335.140625
exp2_1.00x,171.79515922800056,0,0.0,2800.0,45.75,335.140625
exp2_1.00x,172.29552010001498,0,0.0,2800.0,45.75,335.140625
exp2_1.00x,172.79602893601987,0,1.998160421587471,2800.0,47.4,335.140625
exp2_1.00x,173.29648764201556,0,53.931020067719345,2800.0,48.5,374.703125
exp2_1.00x,173.79769984501763,0,99.74896178656752,2800.0,49.6,335.125
exp2_1.00x,174.29882308500237,0,99.80263091718656,2800.0,46.85,335.125
exp2_1.00x,174.79946686699986,0,99.87282413981364,2800.0,48.5,335.125
exp2_1.00x,175.30019401799655,0,99.83771519075809,2800.0,49.05,335.125
exp2_1.00x,175.8010502810066,0,99.84565997819355,2800.0,49.05,335.125
exp2_1.00x,176.30168489701464,0,99.87048914927614,2800.0,49.6,335.125
exp2_1.00x,176.80236647700076,0,99.8638881170807,2800.0,49.05,335.125
exp2_1.00x,177.30303489000653,0,101.8546747659408,2800.0,50.15,335.125
exp2_1.00x,177.80380193301244,0,99.84141369548172,2800.0,48.5,335.125
exp2_1.00x,178.30461482799728,0,99.84944062461534,2800.0,48.5,335.125
exp2_1.00x,178.80535898401286,0,99.85793012846936,2800.0,49.6,335.125
exp2_1.00x,179.3061659540108,0,99.81101223644566,2800.0,48.5,335.125
exp2_1.00x,179.8074247930199,0,99.76247174223384,2800.0,48.5,335.125
exp2_1.25x,0.5003978639724664,0,99.85915605097736,2800.0,51.8,376.265625
exp2_1.25x,1.0018445539753884,0,99.74375331013567,2800.0,49.05,335.296875
exp2_1.25x,1.5025359719875269,0,97.83871269049322,2800.0,49.6,335.296875
exp2_1.25x,2.0037444429763127,0,101.78369275605557,2800.0,49.05,335.296875
exp2_1.25x,2.5043634189933073,0,99.8726154736775,2800.0,50.7,335.296875
exp2_1.25x,3.005093615996884,0,99.85605330510904,2800.0,50.7,335.296875
exp2_1.25x,3.5056933889864013,0,99.87988604597265,2800.0,49.05,335.296875
exp2_1.25x,4.006334217992844,0,99.86989269856565,2800.0,50.7,335.296875
exp2_1.25x,4.507001953985309,0,99.86846664152483,2800.0,51.25,335.296875
exp2_1.25x,5.007698709989199,0,99.83422446706008,2800.0,49.6,335.296875
exp2_1.25x,5.508842036972055,0,99.7978291626295,2800.0,50.7,335.296875
exp2_1.25x,6.0095396819815505,0,101.85484604571589,2800.0,49.6,335.296875
exp2_1.25x,6.51037499398808,0,99.83055121903612,2800.0,49.6,335.296875
exp2_1.25x,7.011216787999729,0,99.82816298706432,2800.0,49.05,335.296875
exp2_1.25x,7.511974193999777,0,39.94707906693597,2800.0,49.6,335.296875
exp2_1.25x,8.012476787000196,0,0.0,2800.0,49.05,335.296875
exp2_1.25x,8.512915917992359,0,0.0,2800.0,47.95,335.296875
exp2_1.25x,9.0133988460002,0,0.0,2800.0,47.95,335.296875
exp2_1.25x,9.513893996976549,0,0.0,2800.0,46.85,335.296875
exp2_1.25x,10.0144045179768,0,0.0,2800.0,47.4,335.296875
exp2_1.25x,10.514831391978078,0,0.0,2800.0,47.4,335.296875
exp2_1.25x,11.015322858991567,0,0.0,2800.0,47.4,335.296875
exp2_1.25x,11.515771993988892,0,0.0,2800.0,47.4,335.296875
exp2_1.25x,12.016310072998749,0,1.9979401037651736,2800.0,46.3,335.296875
exp2_1.25x,12.516798651980935,0,0.0,2800.0,46.85,335.296875
exp2_1.25x,13.017293046985287,0,0.0,2800.0,47.95,335.296875
exp2_1.25x,13.517723442986608,0,0.0,2800.0,46.85,335.296875
exp2_1.25x,14.018283079989487,0,33.96107008544259,2800.0,47.4,344.796875
exp2_1.25x,14.518887660990003,0,101.86543433933288,2800.0,50.7,335.296875
exp2_1.25x,15.019631537987152,0,99.85425572202806,2800.0,50.7,335.296875
exp2_1.25x,15.520357082976261,0,99.85921548207229,2800.0,50.15,335.296875
exp2_1.25x,16.021104978979565,0,99.85509029389443,2800.0,49.05,335.296875
exp2_1.25x,16.521717784984503,0,101.85386801640456,2800.0,49.05,335.296875
exp2_1.25x,17.022524218977196,0,99.85059953585768,2800.0,49.05,335.296875
exp2_1.25x,17.523260709975148,0,99.85472794558733,2800.0,50.7,335.296875
exp2_1.25x,18.02396973897703,0,99.83399284337769,2800.0,49.05,335.296875
exp2_1.25x,18.525200190983014,0,99.7759937139428,2800.0,49.6,335.296875
exp2_1.25x,19.02594440599205,0,99.86148632644449,2800.0,50.7,335.296875
exp2_1.25x,19.526591398986056,0,99.84741218555949,2800.0,48.5,335.296875
exp2_1.25x,20.02746485499665,0,99.84254611208257,2800.0,51.8,335.296875
exp2_1.25x,20.528155756997876,0,99.86186607403657,2800.0,49.05,335.296875
exp2_1.25x,21.028817177983,0,99.86956774693076,2800.0,50.7,335.296875
exp2_1.25x,21.529486654995708,0,21.974152858096733,2800.0,49.05,335.296875
exp2_1.25x,22.02994048598339,0,0.0,2800.0,47.95,335.296875
exp2_1.25x,22.53047394697205,0,0.0,2800.0,49.05,335.296875
exp2_1.25x,23.03098170500016,0,0.0,2800.0,46.85,335.296875
exp2_1.25x,23.531462295999518,0,1.998067209629566,2800.0,48.5,335.296875
exp2_1.25x,24.031971258984413,0,0.0,2100.0,47.4,335.296875
exp2_1.25x,24.532597275974695,0,0.0,2800.0,46.85,335.296875
exp2_1.25x,25.033090702985646,0,0.0,2800.0,47.4,335.296875
exp2_1.25x,25.53355427799397,0,0.0,2800.0,47.4,335.296875
exp2_1.25x,26.03409087198088,0,0.0,2800.0,47.4,335.296875
exp2_1.25x,26.534694983973168,0,0.0,2800.0,47.4,335.296875
exp2_1.25x,27.03521143097896,0,0.0,2800.0,48.5,335.296875
exp2_1.25x,27.535708026989596,0,0.0,2800.0,46.85,335.296875
exp2_1.25x,28.03623054898344,0,69.8105266885567,2800.0,48.5,376.265625
exp2_1.25x,28.537712324992754,0,97.85874579437221,2800.0,49.05,335.296875
exp2_1.25x,29.038413124973886,0,99.86368526997106,2800.0,48.5,335.296875
exp2_1.25x,29.539095665997593,0,99.86092987817656,2800.0,49.05,335.296875
exp2_1.25x,30.039743003988406,0,99.87441630739744,2800.0,48.5,335.296875
exp2_1.25x,30.54036762099713,0,99.87176724958502,2800.0,49.6,335.296875
exp2_1.25x,31.041036199982045,0,99.86266187521649,2800.0,49.05,335.296875
exp2_1.25x,31.541709002980497,0,99.8701933207697,2800.0,50.7,335.296875
exp2_1.25x,32.04251186098554,0,99.82859310506528,2800.0,50.15,335.296875
exp2_1.25x,32.54338781099068,0,99.82678097064382,2800.0,49.05,335.296875
exp2_1.25x,33.04424140998162,0,99.83742991849381,2800.0,49.6,335.296875
exp2_1.25x,33.54490495598293,0,99.87118295252053,2800.0,50.15,335.296875
exp2_1.25x,34.045772851997754,0,99.828068712896,2800.0,49.05,335.296875
exp2_1.25x,34.5463612509775,0,99.87770693826548,2800.0,50.7,335.296875
exp2_1.25x,35.04705796498456,0,69.90240966645327,2800.0,47.95,335.296875
exp2_1.25x,35.547742141992785,0,0.0,2800.0,47.4,335.296875
exp2_1.25x,36.04822672798764,0,0.0,2800.0,47.4,335.296875
exp2_1.25x,36.549202366993995,0,0.0,2800.0,47.4,335.296875
exp2_1.25x,37.04974676898564,0,0.0,2800.0,47.4,335.296875
exp2_1.25x,37.550551280990476,0,1.9973573006150995,2800.0,47.95,335.296875
exp2_1.25x,38.051040071994066,0,0.0,2800.0,48.5,335.296875
exp2_1.25x,38.551540049986215,0,0.0,2800.0,46.3,335.296875
exp2_1.25x,39.052066157979425,0,0.0,2800.0,47.95,335.296875
exp2_1.25x,39.55257874698145,0,0.0,1500.0,46.3,335.296875
exp2_1.25x,40.05325476199505,0,0.0,1500.0,45.75,335.296875
exp2_1.25x,40.55398186997627,0,0.0,1500.0,45.75,335.296875
exp2_1.25x,41.05475055199349,0,0.0,2800.0,47.95,335.296875
exp2_1.25x,41.579892283974914,0,11.42194813442275,2800.0,47.4,335.296875
exp2_1.25x,42.081152018974535,0,99.76200198394848,2800.0,49.05,376.265625
exp2_1.25x,42.581981220981106,0,99.83972429189906,2800.0,49.6,335.296875
exp2_1.25x,43.08272321999539,0,99.84975228342643,2800.0,49.05,335.296875
exp2_1.25x,43.583503997972,0,99.84734080851268,2800.0,49.6,335.296875
exp2_1.25x,44.08417271997314,0,99.87022403274389,2800.0,50.7,335.296875
exp2_1.25x,44.58488746199873,0,101.83235746582328,2800.0,49.05,335.296875
exp2_1.25x,45.08603290497558,0,99.78970636353912,2800.0,50.15,335.296875
exp2_1.25x,45.58672031498281,0,99.85462604720747,2800.0,49.05,335.296875
exp2_1.25x,46.08756014998653,0,99.81538943890999,2800.0,50.7,335.296875
exp2_1.25x,46.588831167988246,0,99.7708409463684,2800.0,50.7,335.296875
exp2_1.25x,47.08952018999844,0,99.86004733908565,2800.0,49.6,335.296875
exp2_1.25x,47.59026917497977,0,99.85503924274045,2800.0,50.7,335.296875
exp2_1.25x,48.09093351298361,0,99.86552468176092,2800.0,50.15,335.296875
exp2_1.25x,48.591630277980585,0,99.86560206989734,2800.0,49.6,335.296875
exp2_1.25x,49.092234301991994,0,29.965489344781094,2800.0,49.05,335.296875
exp2_1.25x,49.59279106897884,0,0.0,2800.0,47.95,335.296875
exp2_1.25x,50.093334965000395,0,0.0,2800.0,49.05,335.296875
exp2_1.25x,50.593837713997345,0,0.0,2800.0,47.4,335.296875
exp2_1.25x,51.09428035299061,0,0.0,2800.0,47.4,335.296875
exp2_1.25x,51.59479689897853,0,0.0,2800.0,48.5,335.296875
exp2_1.25x,52.095191114000045,0,0.0,2800.0,46.85,335.296875
exp2_1.25x,52.59568286497961,0,0.0,2800.0,46.85,335.296875
exp2_1.25x,53.09620017197449,0,1.9979207120314293,2800.0,47.4,335.296875
exp2_1.25x,53.59671420199447,0,0.0,2800.0,47.95,335.296875
exp2_1.25x,54.0971152879938,0,0.0,2800.0,46.85,335.296875
exp2_1.25x,54.5976332819846,0,0.0,2800.0,46.85,335.296875
exp2_1.25x,55.09811946199625,0,0.0,2800.0,47.4,335.296875
exp2_1.25x,55.59867967799073,0,45.94324364597583,1600.0,48.5,344.796875
exp2_1.25x,56.099505819991464,0,99.84359441119962,2800.0,49.6,335.296875
exp2_1.25x,56.600097092974465,0,97.87704196979927,2800.0,48.5,335.296875
exp2_1.25x,57.100842698971974,0,99.8497530784769,2800.0,50.15,335.296875
exp2_1.25x,57.60164493499906,0,101.84071094632485,2800.0,50.15,335.296875
exp2_1.25x,58.102333837974584,0,99.86236070626703,2800.0,50.15,335.296875
exp2_1.25x,58.60298403899651,0,99.87070139446419,2800.0,49.05,335.296875
exp2_1.25x,59.10365949900006,0,99.85670622686615,2800.0,50.15,335.296875
exp2_1.25x,59.60464471697924,0,99.81053824014577,2800.0,49.6,335.296875
exp2_1.25x,60.105320473987376,0,99.86376026363105,2800.0,50.15,335.296875
exp2_1.25x,60.606032028998015,0,99.83185779646044,2800.0,49.6,335.296875
exp2_1.25x,61.10728815398761,0,99.77262636656903,2800.0,50.7,335.296875
exp2_1.25x,61.60821229999419,0,99.79256498865658,2800.0,49.6,335.296875
exp2_1.25x,62.10955764798564,0,101.72808165091968,2800.0,50.7,335.296875
exp2_1.25x,62.610596868995344,0,99.81663325228297,2800.0,50.15,335.296875
exp2_1.25x,63.11122777700075,0,1.9977271697717354,2800.0,49.6,335.296875
exp2_1.25x,63.611719298991375,0,0.0,2800.0,49.05,335.296875
exp2_1.25x,64.11223796897684,0,0.0,2800.0,47.95,335.296875
exp2_1.25x,64.6127536019776,0,0.0,2800.0,47.4,335.296875
exp2_1.25x,65.11326949499198,0,0.0,2800.0,47.4,335.296875
exp2_1.25x,65.61381629598327,0,0.0,2800.0,47.4,335.296875
exp2_1.25x,66.11437305997242,0,0.0,1700.0,47.95,335.296875
exp2_1.25x,66.61506108299363,0,0.0,1500.0,46.3,335.296875
exp2_1.25x,67.11567460699007,0,0.0,1500.0,46.3,335.296875
exp2_1.25x,67.61641407498973,0,0.0,1500.0,46.85,335.296875
exp2_1.25x,68.11719861798338,0,1.9969008657622653,1500.0,45.75,335.296875
exp2_1.25x,68.61792666098336,0,0.0,1500.0,45.75,335.296875
exp2_1.25x,69.11853992799297,0,0.0,1700.0,45.75,335.296875
exp2_1.25x,69.61926817600033,0,81.87884550908683,2800.0,47.95,376.265625
exp2_1.25x,70.11986425798386,0,99.88575846255314,2800.0,48.5,335.296875
exp2_1.25x,70.62048352599959,0,99.87118295252053,2800.0,49.05,335.296875
exp2_1.25x,71.12116470199544,0,101.86041171157375,2800.0,49.05,335.296875
exp2_1.25x,71.6218443409889,0,95.85329652846981,2800.0,48.5,335.296875
exp2_1.25x,72.12272066497826,0,99.84029068090383,2800.0,50.15,335.296875
exp2_1.25x,72.6234104159812,0,101.85896851417394,2800.0,48.5,335.296875
exp2_1.25x,73.12412996299099,0,99.85770437311433,2800.0,49.05,335.296875
exp2_1.25x,73.6248060859798,0,99.85651497645024,2800.0,49.6,335.296875
exp2_1.25x,74.12563724498614,0,99.84336951560807,2800.0,49.05,335.296875
exp2_1.25x,74.62629968399415,0,99.86718143871295,2800.0,49.05,335.296875
exp2_1.25x,75.12712362097227,0,99.82569475289698,2800.0,50.7,335.296875
exp2_1.25x,75.62808344798395,0,99.81526908629776,2800.0,51.25,335.296875
exp2_1.25x,76.1288258129789,0,99.84681023652703,2800.0,49.6,335.296875
exp2_1.25x,76.6296511599794,0,53.923341391530066,2800.0,49.6,335.296875
exp2_1.25x,77.13011343497783,0,0.0,2800.0,49.05,335.296875
exp2_1.25x,77.63061009999365,0,0.0,2800.0,47.4,335.296875
exp2_1.25x,78.13105628298945,0,0.0,2800.0,47.4,335.296875
exp2_1.25x,78.6315638749802,0,0.0,2800.0,47.4,335.296875
exp2_1.25x,79.1320195219887,0,0.0,2800.0,48.5,335.296875
exp2_1.25x,79.63251942998613,0,0.0,1500.0,46.3,335.296875
exp2_1.25x,80.13318990997504,0,0.0,2800.0,47.4,335.296875
exp2_1.25x,80.6337029299757,0,0.0,2800.0,47.4,335.296875
exp2_1.25x,81.13412774598692,0,0.0,2800.0,46.85,335.296875
exp2_1.25x,81.63461295099114,0,0.0,2800.0,46.85,335.296875
exp2_1.25x,82.13508613899467,0,0.0,2800.0,47.4,335.296875
exp2_1.25x,82.63560080798925,0,0.0,2800.0,47.95,335.296875
exp2_1.25x,83.13605247798841,0,17.976622983799796,2800.0,48.5,335.296875
exp2_1.25x,83.63717810699018,0,99.79947690278645,2800.0,50.15,376.265625
exp2_1.25x,84.14110621897271,0,99.21783977343296,2800.0,49.6,335.296875
exp2_1.25x,84.64175890799379,0,99.87313834249615,2800.0,49.6,335.296875
exp2_1.25x,85.14239276398439,0,99.87280917783046,2800.0,49.05,335.296875
exp2_1.25x,85.64301463897573,0,99.87112470316906,2800.0,49.05,335.296875
exp2_1.25x,86.14381912499084,0,99.8286784179274,2800.0,50.15,335.296875
exp2_1.25x,86.6446549439861,0,99.83741217642185,2800.0,50.7,335.296875
exp2_1.25x,87.14546591197723,0,99.84761297031977,2800.0,49.6,335.296875
exp2_1.25x,87.64620228798594,0,99.85287856617738,2800.0,50.15,335.296875
exp2_1.25x,88.1468673129857,0,99.8354737392923,2800.0,50.7,335.296875
exp2_1.25x,88.6481036869809,0,99.77986247531996,2800.0,50.7,335.296875
exp2_1.25x,89.14881658297963,0,99.86087382911154,2800.0,51.25,335.296875
exp2_1.25x,89.64949120298843,0,101.86341073939083,2800.0,50.15,335.296875
exp2_1.25x,90.15014491498005,0,99.8565931515871,2800.0,50.7,335.296875
exp2_1.25x,90.65100770097342,0,25.9621064364216,2800.0,49.6,335.296875
exp2_1.25x,91.15148295197287,0,0.0,2800.0,47.95,335.296875
exp2_1.25x,91.65196442598244,0,0.0,2800.0,47.95,335.296875
exp2_1.25x,92.15242399397539,0,0.0,2800.0,47.95,335.296875
exp2_1.25x,92.6529703939741,0,0.0,2800.0,47.4,335.296875
exp2_1.25x,93.15353866599617,0,0.0,2800.0,47.4,335.296875
exp2_1.25x,93.65402193798218,0,0.0,2800.0,48.5,335.296875
exp2_1.25x,94.15455217298586,0,0.0,2800.0,46.85,335.296875
exp2_1.25x,94.65505013198708,0,1.9980149521454713,2800.0,46.85,335.296875
exp2_1.25x,95.1555911829928,0,0.0,1500.0,46.3,335.296875
exp2_1.25x,95.65636889898451,0,0.0,1500.0,46.3,335.296875
exp2_1.25x,96.15721296798438,0,0.0,1500.0,45.75,335.296875
exp2_1.25x,96.65796618597233,0,0.0,1500.0,45.75,335.296875
exp2_1.25x,97.15877006997471,0,53.91169910670359,2800.0,49.05,344.796875
exp2_1.25x,97.6594871969719,0,97.8587794099819,2800.0,49.05,335.296875
exp2_1.25x,98.160246489977,0,99.82431379667209,2800.0,49.6,335.296875
exp2_1.25x,98.66163259497262,0,101.74680977674967,2800.0,49.6,335.296875
exp2_1.25x,99.16240277799079,0,99.84559856706754,2800.0,49.6,335.296875
exp2_1.25x,99.66312825799105,0,99.82735457967246,2800.0,49.6,335.296875
exp2_1.25x,100.16439684599754,0,99.74394711701471,2800.0,49.05,335.296875
exp2_1.25x,100.6656991559721,0,99.75932941813986,2800.0,51.8,335.296875
exp2_1.25x,101.16656852597953,0,99.83043999550625,2800.0,49.05,335.296875
exp2_1.25x,101.6673906739743,0,99.83592524726829,2800.0,50.15,335.296875
exp2_1.25x,102.16822843297268,0,99.8317023185211,2800.0,50.15,335.296875
exp2_1.25x,102.66909204499098,0,101.82411940623874,2800.0,50.7,335.296875
exp2_1.25x,103.17002809999394,0,99.81712026254608,2800.0,50.15,335.296875
exp2_1.25x,103.67077287999564,0,99.8517086275828,2800.0,49.6,335.296875
exp2_1.25x,104.17148064199137,0,91.88719596967653,2800.0,49.6,335.296875
exp2_1.25x,104.6719348509796,0,0.0,2800.0,48.5,335.296875
exp2_1.25x,105.17250722597237,0,0.0,2800.0,49.05,335.296875
exp2_1.25x,105.67304186098045,0,0.0,2800.0,47.95,335.296875
exp2_1.25x,106.17358953299117,0,0.0,2800.0,47.4,335.296875
exp2_1.25x,106.6741148539877,0,0.0,2800.0,49.6,335.296875
exp2_1.25x,107.17475059998105,0,0.0,1500.0,47.95,335.296875
exp2_1.25x,107.67552497598808,0,0.0,1500.0,46.85,335.296875
exp2_1.25x,108.1762331489881,0,0.0,1500.0,46.3,335.296875
exp2_1.25x,108.67697141499957,0,0.0,1500.0,45.75,335.296875
exp2_1.25x,109.17775819898816,0,0.0,2800.0,47.95,335.296875
exp2_1.25x,109.67830270799459,0,0.0,2800.0,47.4,335.296875
exp2_1.25x,110.17879251399427,0,0.0,2800.0,46.3,335.296875
exp2_1.25x,110.67932478297735,0,1.9979820700766953,2800.0,48.5,335.296875
exp2_1.25x,111.17981201599468,0,87.90013068233286,2800.0,49.6,376.265625
exp2_1.25x,111.68053043299005,0,99.85865745711794,2800.0,49.05,335.296875
exp2_1.25x,112.1812697009882,0,99.85299602061461,2800.0,50.7,335.296875
exp2_1.25x,112.68198030497297,0,101.85616564927044,2800.0,49.6,335.296875
exp2_1.25x,113.18264818598982,0,99.86525002479662,2800.0,51.25,335.296875
exp2_1.25x,113.68334399399464,0,99.86064028234362,2800.0,49.6,335.296875
exp2_1.25x,114.18407506099902,0,99.84920692820958,2800.0,49.6,335.296875
exp2_1.25x,114.68486225800007,0,99.84757109560486,2800.0,50.7,335.296875
exp2_1.25x,115.18557519599563,0,99.82940392829778,2800.0,50.7,335.296875
exp2_1.25x,115.68689564999659,0,99.76002705934805,2800.0,51.25,335.296875
exp2_1.25x,116.18765405198792,0,99.85119695165342,2800.0,51.25,335.296875
exp2_1.25x,116.68838426997536,0,99.84622662604158,2800.0,49.6,335.296875
exp2_1.25x,117.1894066889945,0,101.80029165052903,2800.0,50.7,335.296875
exp2_1.25x,117.69013022299623,0,99.8547785959558,2800.0,51.25,335.296875
exp2_1.25x,118.19083464497817,0,49.938625729040744,2800.0,49.05,335.296875
exp2_1.25x,118.69127603297238,0,0.0,2800.0,47.95,335.296875
exp2_1.25x,119.19168521798565,0,0.0,2800.0,47.95,335.296875
exp2_1.25x,119.69224693899741,0,0.0,2800.0,47.95,335.296875
exp2_1.25x,120.19274821598083,0,0.0,2800.0,47.95,335.296875
exp2_1.25x,120.69327151298057,0,0.0,2800.0,47.4,335.296875
exp2_1.25x,121.19378925397177,0,0.0,2800.0,49.05,335.296875
exp2_1.25x,121.6943535139726,0,0.0,2800.0,47.95,335.296875
exp2_1.25x,122.19482744199922,0,0.0,2800.0,47.95,335.296875
exp2_1.25x,122.69536325897207,0,0.0,2800.0,47.95,335.296875
exp2_1.25x,123.19587048297399,0,0.0,2800.0,47.4,335.296875
exp2_1.25x,123.6969292969734,0,0.0,2800.0,46.85,335.296875
exp2_1.25x,124.19747615198139,0,0.0,1500.0,47.4,335.296875
exp2_1.25x,124.69828744998085,0,25.953005750624147,2800.0,46.85,335.296875
exp2_1.25x,125.19945569097763,0,99.7783147319429,2800.0,51.25,376.265625
exp2_1.25x,125.7002637119731,0,99.84313844134621,2800.0,50.15,335.296875
exp2_1.25x,126.20099917898187,0,101.83825397183746,2800.0,50.7,335.296875
exp2_1.25x,126.701877089974,0,99.83640427115567,2800.0,49.6,335.296875
exp2_1.25x,127.20256883499678,0,99.83875601407712,2800.0,50.15,335.296875
exp2_1.25x,127.70378991100006,0,99.77899989536175,2800.0,50.15,335.296875
exp2_1.25x,128.20450204599183,0,99.86006908269067,2800.0,51.25,335.296875
exp2_1.25x,128.7051571449847,0,101.86713001436297,2800.0,51.25,335.296875
exp2_1.25x,129.20582165097585,0,99.85878749154176,2800.0,50.7,335.296875
exp2_1.25x,129.70659654698102,0,99.84613191735502,2800.0,51.25,335.296875
exp2_1.25x,130.20757807098562,0,99.80915272225504,2800.0,50.7,335.296875
exp2_1.25x,130.7083253749879,0,99.82571408594048,2800.0,51.8,335.296875
exp2_1.25x,131.20967652698164,0,99.73047201651711,2800.0,49.6,335.296875
exp2_1.25x,131.71094379099668,0,99.77294153256663,2800.0,50.7,335.296875
exp2_1.25x,132.2116229859821,0,23.970762332989693,2800.0,49.6,335.296875
exp2_1.25x,132.71210690398584,0,0.0,2800.0,47.95,335.296875
exp2_1.25x,133.212616469973,0,0.0,2800.0,49.05,335.296875
exp2_1.25x,133.71308559298632,0,0.0,2800.0,47.95,335.296875
exp2_1.25x,134.21363978998852,0,0.0,2800.0,48.5,335.296875
exp2_1.25x,134.714185505989,0,0.0,2000.0,46.85,335.296875
exp2_1.25x,135.2147961659939,0,0.0,1500.0,46.85,335.296875
exp2_1.25x,135.71556277098716,0,0.0,2100.0,47.4,335.296875
exp2_1.25x,136.216236208973,0,0.0,1500.0,46.3,335.296875
exp2_1.25x,136.71696286997758,0,1.9971441797207248,1500.0,47.4,335.296875
exp2_1.25x,137.217658345995,0,0.0,1700.0,46.3,335.296875
exp2_1.25x,137.7183885629929,0,0.0,1600.0,46.3,335.296875
exp2_1.25x,138.21917650298565,0,0.0,2800.0,46.85,335.296875
exp2_1.25x,138.71975336998003,0,59.92468390374952,2800.0,49.05,376.265625
exp2_1.25x,139.2204751999816,0,99.85743393817437,2800.0,50.15,335.296875
exp2_1.25x,139.72121943699312,0,101.851791182086,2800.0,49.6,335.296875
exp2_1.25x,140.22189534199424,0,99.86258229743012,2800.0,50.7,335.296875
exp2_1.25x,140.7226160619757,0,99.8579137721273,2800.0,50.15,335.296875
exp2_1.25x,141.22346511497744,0,99.82466775155574,2800.0,49.05,335.296875
exp2_1.25x,141.7242205569928,0,99.85171321816378,2800.0,50.7,335.296875
exp2_1.25x,142.2249542969803,0,99.81668147464126,2800.0,50.15,335.296875
exp2_1.25x,142.72629731099005,0,99.7720067946822,2800.0,49.6,335.296875
exp2_1.25x,143.22700081099174,0,99.84885858505884,2800.0,49.6,335.296875
exp2_1.25x,143.72786003199872,0,101.83467344449173,2800.0,50.7,335.296875
exp2_1.25x,144.22858393998467,0,99.83794085574014,2800.0,51.25,335.296875
exp2_1.25x,144.72961051299353,0,99.81285449251104,2800.0,49.6,335.296875
exp2_1.25x,145.23030931098037,0,99.85905792800884,2800.0,51.25,335.296875
exp2_1.25x,145.73097922099987,0,75.91081283803736,2800.0,49.05,335.5625
exp2_1.25x,146.2314057799813,0,0.0,2800.0,49.6,335.5625
exp2_1.25x,146.73191926599247,0,1.998057057310461,2800.0,48.5,335.5625
exp2_1.25x,147.23238214099547,0,0.0,2800.0,49.05,335.5625
exp2_1.25x,147.73288342298474,0,0.0,2800.0,47.4,335.5625
exp2_1.25x,148.23341637299745,0,0.0,2800.0,47.4,335.5625
exp2_1.25x,148.73396321199834,0,0.0,2800.0,46.85,335.5625
exp2_1.25x,149.23707399799605,0,0.0,2800.0,48.5,335.5625
exp2_1.25x,149.73760013398714,0,0.0,2800.0,47.4,335.5625
exp2_1.25x,150.23813386299298,0,0.0,2800.0,47.95,335.5625
exp2_1.25x,150.73868279598537,0,0.0,2800.0,47.95,335.5625
exp2_1.25x,151.23913693299983,0,0.0,2800.0,47.4,335.5625
exp2_1.25x,151.73967390498728,0,0.0,2800.0,48.5,335.5625
exp2_1.25x,152.24013263499364,0,0.0,2800.0,47.4,335.5625
exp2_1.25x,152.7407027919835,0,95.88634093565685,2800.0,50.15,376.53125
exp2_1.25x,153.24139852297958,0,99.85613526955454,2800.0,49.05,335.5625
exp2_1.25x,153.74209717998747,0,99.8655165023452,2800.0,49.05,335.5625
exp2_1.25x,154.24275513298926,0,101.86257800544192,2800.0,50.7,335.5625
exp2_1.25x,154.7439305469743,0,99.76406397934097,2800.0,50.7,335.5625
exp2_1.25x,155.24482759297825,0,99.82178317619703,2800.0,50.15,335.5625
exp2_1.25x,155.74571258298238,0,99.82076443322313,2800.0,51.25,335.5625
exp2_1.25x,156.24645100097405,0,99.85056603872158,2800.0,50.15,335.5625
exp2_1.25x,156.74725156699424,0,99.84612753038756,2800.0,50.15,335.5625
exp2_1.25x,157.24792930099647,0,99.86365056824438,2800.0,50.15,335.5625
exp2_1.25x,157.7487462379795,0,99.83531007562146,2800.0,51.25,335.5625
exp2_1.25x,158.24964048998663,0,99.82260564567845,2800.0,49.6,335.5625
exp2_1.25x,158.750525964977,0,99.79740169233499,2800.0,50.7,335.5625
exp2_1.25x,159.2518080289883,0,101.76246929992816,2800.0,50.15,335.5625
exp2_1.25x,159.75249915398308,0,49.94070600057644,2800.0,49.05,335.5625
exp2_1.25x,160.25289741097367,0,0.0,2800.0,48.5,335.5625
exp2_1.25x,160.75344772197423,0,0.0,2800.0,48.5,335.5625
exp2_1.25x,161.25399847899098,0,0.0,2800.0,47.4,335.5625
exp2_1.25x,161.75452221697196,0,0.0,2800.0,49.05,335.5625
exp2_1.25x,162.2550549369771,0,1.9979094554745485,2800.0,47.95,335.5625
exp2_1.25x,162.75556421399233,0,0.0,2800.0,49.05,335.5625
exp2_1.25x,163.25611752699479,0,0.0,1500.0,46.85,335.5625
exp2_1.25x,163.75689469199278,0,0.0,1500.0,47.4,335.5625
exp2_1.25x,164.25756343099056,0,0.0,1500.0,47.4,335.5625
exp2_1.25x,164.75831494899467,0,0.0,2800.0,48.5,335.5625
exp2_1.25x,165.2588477639947,0,0.0,2800.0,46.85,335.5625
exp2_1.25x,165.75934422799037,0,0.0,2800.0,48.5,335.5625
exp2_1.25x,166.259828543989,0,29.96782336758405,2800.0,49.6,345.0625
exp2_1.25x,166.76055017497856,0,99.82776017680779,2800.0,50.15,335.5625
exp2_1.25x,167.26171028398676,0,101.78806605231992,2800.0,49.05,335.5625
exp2_1.25x,167.76242439699126,0,99.85436779955943,2800.0,50.15,335.5625
exp2_1.25x,168.26330126798712,0,99.8292253355998,2800.0,50.15,335.5625
exp2_1.25x,168.76397647397243,0,99.86476772285849,2800.0,50.7,335.5625
exp2_1.25x,169.26468745799502,0,99.85821571524436,2800.0,50.7,335.5625
exp2_1.25x,169.76541231299052,0,99.8580639453726,2800.0,49.6,335.5625
exp2_1.25x,170.266093223996,0,99.85377273696763,2800.0,51.8,335.5625
exp2_1.25x,170.76723187297466,0,99.75987777748976,2800.0,50.15,335.5625
exp2_1.25x,171.26844350399915,0,99.77447994228486,2800.0,50.7,335.5625
exp2_1.25x,171.7692513599759,0,101.84351092459177,2800.0,51.25,335.5625
exp2_1.25x,172.26989082799992,0,99.8674046477392,2800.0,50.15,335.5625
exp2_1.25x,172.77057003698428,0,99.84319705843085,2800.0,51.25,335.5625
exp2_1.25x,173.27178379899124,0,99.77725585995071,2800.0,51.25,335.5625
exp2_1.25x,173.77249776799,0,3.994922988115839,2800.0,49.6,335.5625
exp2_1.25x,174.27297440599068,0,0.0,2800.0,50.15,335.5625
exp2_1.25x,174.7734999699751,0,0.0,2800.0,47.4,335.5625
exp2_1.25x,175.27395070099737,0,0.0,2800.0,47.4,335.5625
exp2_1.25x,175.77447187597863,0,0.0,2800.0,49.6,335.5625
exp2_1.25x,176.27491929399548,0,1.9982430608376376,2800.0,47.4,335.5625
exp2_1.25x,176.77535100799287,0,0.0,2800.0,46.85,335.5625
exp2_1.25x,177.2758734439849,0,0.0,2800.0,47.4,335.5625
exp2_1.25x,177.77640565799084,0,0.0,2800.0,48.5,335.5625
exp2_1.25x,178.2768517989898,0,0.0,2800.0,47.4,335.5625
exp2_1.25x,178.77737973598414,0,0.0,2800.0,47.4,335.5625
exp2_1.25x,179.27779411899974,0,0.0,2800.0,48.5,335.5625
exp2_1.25x,179.77834457499557,0,0.0,1500.0,46.3,335.5625
exp2_1.25x,180.27911477099406,0,65.89647282273071,2800.0,49.05,376.515625
exp2_1.25x,180.77980615297565,0,99.86355063692633,2800.0,49.6,335.546875
exp2_1.25x,181.28061009099474,0,99.83160405225789,2800.0,50.15,335.546875
exp2_1.25x,181.78144687999156,0,99.84418157114342,2800.0,49.05,335.546875
exp2_1.25x,182.282229318982,0,99.84025678453114,2800.0,48.5,335.546875
exp2_1.25x,182.7829581279948,0,99.85502269001277,2800.0,50.7,335.546875
exp2_1.25x,183.28362304897746,0,99.86132676842126,2800.0,49.05,335.546875
exp2_1.25x,183.78441869298695,0,99.84749314350253,2800.0,50.15,335.546875
exp2_1.25x,184.28511337397504,0,99.85939158171502,2800.0,49.6,335.546875
exp2_1.25x,184.78583140697447,0,101.84840130629347,2800.0,49.6,335.546875
exp2_1.25x,185.28672890199232,0,97.8300844032505,2800.0,50.7,335.546875
exp2_1.25x,185.7874230479938,0,99.86069492644289,2800.0,49.6,335.546875
exp2_1.25x,186.28814960099407,0,99.84782134049118,2800.0,50.15,335.546875
exp2_1.25x,186.78897809798946,0,101.83706131064427,2800.0,49.6,335.546875
exp2_1.50x,0.5003580009797588,0,99.86290700043998,2800.0,52.35,376.609375
exp2_1.50x,1.0018564769998193,0,99.73807027433809,2800.0,50.15,335.640625
exp2_1.50x,1.5025284209987149,0,99.85303490518629,2800.0,51.25,335.640625
exp2_1.50x,2.003314623987535,0,99.8561591995763,2800.0,50.7,335.640625
exp2_1.50x,2.5039406799769495,0,99.87535176327498,2800.0,50.7,335.640625
exp2_1.50x,3.0045729209959973,0,99.87245528788357,2800.0,51.8,335.640625
exp2_1.50x,3.505229459988186,0,101.85686441502162,2800.0,50.7,335.640625
exp2_1.50x,4.006059589999495,0,99.82960942641931,2800.0,51.8,335.640625
exp2_1.50x,4.506917164981132,0,99.83894101730935,2800.0,51.8,335.640625
exp2_1.50x,5.007633351982804,0,99.85875857433624,2800.0,52.9,335.640625
exp2_1.50x,5.508364353998331,0,99.85396876499632,2800.0,50.15,335.640625
exp2_1.50x,6.009027893975144,0,99.86343794668254,2800.0,52.35,335.640625
exp2_1.50x,6.509778155974345,0,99.85625073506247,2800.0,51.25,335.640625
exp2_1.50x,7.010425159998704,0,99.87017177595371,2800.0,51.8,335.640625
exp2_1.50x,7.511055589973694,0,43.94934389725401,2800.0,50.15,335.640625
exp2_1.50x,8.015276924998034,0,0.0,2800.0,50.7,335.640625
exp2_1.50x,8.515838783001527,0,0.0,2800.0,50.15,335.640625
exp2_1.50x,9.016381695983,0,0.0,2800.0,48.5,335.640625
exp2_1.50x,9.516863739991095,0,0.0,2800.0,48.5,335.640625
exp2_1.50x,10.017268209980102,0,0.0,2800.0,48.5,335.640625
exp2_1.50x,10.51772723699105,0,0.0,2800.0,49.6,335.640625
exp2_1.50x,11.018261132994667,0,0.0,2800.0,48.5,335.640625
exp2_1.50x,11.518747326976154,0,0.0,2800.0,47.95,335.640625
exp2_1.50x,12.019175094988896,0,97.89851390097724,2800.0,51.8,376.609375
exp2_1.50x,12.519826917996397,0,99.870333347786,2800.0,51.8,335.640625
exp2_1.50x,13.02051783297793,0,99.86410193638046,2800.0,49.6,335.640625
exp2_1.50x,13.521202637988608,0,99.82913166271769,2800.0,50.15,335.640625
exp2_1.50x,14.022499680984765,0,99.76939102971028,2800.0,51.8,335.640625
exp2_1.50x,14.523224485979881,0,101.85189797199871,2800.0,51.25,335.640625
exp2_1.50x,15.023875032988144,0,99.87301505789955,2800.0,51.8,335.640625
exp2_1.50x,15.524643375974847,0,99.84083693091249,2800.0,50.7,335.640625
exp2_1.50x,16.025404848973267,0,99.85852802668083,2800.0,51.25,335.640625
exp2_1.50x,16.526023656973848,0,99.86682359461986,2800.0,50.15,335.640625
exp2_1.50x,17.0268108889868,0,99.84235052926748,2800.0,51.25,335.640625
exp2_1.50x,17.52771608499461,0,101.82098892246863,2800.0,50.7,335.640625
exp2_1.50x,18.02838287499617,0,99.86224323560263,2800.0,50.7,335.640625
exp2_1.50x,18.529160126985516,0,99.84258278938552,2800.0,50.7,335.640625
exp2_1.50x,19.02990036198753,0,51.932951340787504,2800.0,50.15,335.640625
exp2_1.50x,19.53038626498892,0,0.0,2800.0,48.5,335.640625
exp2_1.50x,20.030879686994012,0,0.0,2800.0,50.15,335.640625
exp2_1.50x,20.53137970197713,0,0.0,2800.0,47.4,335.640625
exp2_1.50x,21.03178034699522,0,0.0,2800.0,47.95,335.640625
exp2_1.50x,21.532314769981895,0,0.0,2800.0,48.5,335.640625
exp2_1.50x,22.032861563988263,0,0.0,2800.0,49.6,335.640625
exp2_1.50x,22.533379690983566,0,0.0,2800.0,47.95,335.640625
exp2_1.50x,23.03388704097597,0,0.0,1500.0,47.4,335.640625
exp2_1.50x,23.534687852981733,0,93.83760239279616,2800.0,50.15,376.609375
exp2_1.50x,24.03930343798129,0,101.05622640360833,2800.0,49.6,335.640625
exp2_1.50x,24.54056080299779,0,99.7705654135928,2800.0,51.25,335.640625
exp2_1.50x,25.04335130797699,0,99.43604587903404,2800.0,50.15,335.640625
exp2_1.50x,25.544204842997715,0,99.83960248809011,2800.0,49.6,335.640625
exp2_1.50x,26.044928230985533,0,99.8292036112255,2800.0,50.15,335.640625
exp2_1.50x,26.54611726498115,0,99.78288401617256,2800.0,51.8,335.640625
exp2_1.50x,27.046953540993854,0,99.79216306267605,2800.0,50.15,335.640625
exp2_1.50x,27.54828381599509,0,101.77704070059136,2800.0,50.15,335.640625
exp2_1.50x,28.049026741995476,0,99.84666886535393,2800.0,50.15,335.640625
exp2_1.50x,28.549824242974864,0,99.85071918442219,2800.0,51.25,335.640625
exp2_1.50x,29.050420688989107,0,99.88177652914379,2800.0,50.7,335.640625
exp2_1.50x,29.55102782099857,0,99.87685144512194,2800.0,51.25,335.640625
exp2_1.50x,30.051677323994227,0,97.87075579501004,2800.0,51.25,335.640625
exp2_1.50x,30.552297085989267,0,35.96152885891452,2800.0,49.05,335.640625
exp2_1.50x,31.052654906001408,0,0.0,2800.0,49.05,335.640625
exp2_1.50x,31.553143669996643,0,1.9980080419891766,2800.0,47.95,335.640625
exp2_1.50x,32.05366409997805,0,0.0,2800.0,49.05,335.640625
exp2_1.50x,32.554167605994735,0,0.0,2800.0,49.6,335.640625
exp2_1.50x,33.0545644449885,0,0.0,2800.0,47.95,335.640625
exp2_1.50x,33.555064283980755,0,0.0,1500.0,48.5,335.640625
exp2_1.50x,34.055852047982626,0,0.0,1500.0,48.5,335.640625
exp2_1.50x,34.55658238698379,0,0.0,1500.0,47.4,335.640625
exp2_1.50x,35.05733409599634,0,89.86617488697416,2800.0,49.05,376.609375
exp2_1.50x,35.557926306995796,0,97.88463630033199,2800.0,49.6,335.640625
exp2_1.50x,36.05854923898005,0,99.87473710432015,2800.0,50.15,335.640625
exp2_1.50x,36.559291154000675,0,99.8483660770473,2800.0,50.15,335.640625
exp2_1.50x,37.0599295499851,0,99.87218417503358,2800.0,50.7,335.640625
exp2_1.50x,37.56329818998347,0,99.33202333783834,2800.0,50.7,335.640625
exp2_1.50x,38.06394858699059,0,99.87226177669821,2800.0,50.15,335.640625
exp2_1.50x,38.5645747249946,0,99.87283032897835,2800.0,50.7,335.640625
exp2_1.50x,39.06522265999229,0,99.86928787755687,2800.0,50.15,335.640625
exp2_1.50x,39.56589368797722,0,99.86588570938537,2800.0,51.25,335.640625
exp2_1.50x,40.06661784497555,0,99.83001364383816,2800.0,52.35,335.640625
exp2_1.50x,40.56787807398359,0,101.76214279770852,2800.0,49.6,335.640625
exp2_1.50x,41.0686522499891,0,99.85031140434879,2800.0,50.15,335.640625
exp2_1.50x,41.56951303797541,0,99.80020179165413,2800.0,50.15,335.640625
exp2_1.50x,42.07071541598998,0,53.895252633875174,2800.0,50.15,335.640625
exp2_1.50x,42.57115440999041,0,0.0,2800.0,49.05,335.640625
exp2_1.50x,43.07167245997698,0,0.0,2800.0,47.95,335.640625
exp2_1.50x,43.57218300999375,0,0.0,2800.0,48.5,335.640625
exp2_1.50x,44.072722078999504,0,0.0,2800.0,49.05,335.640625
exp2_1.50x,44.57322977797594,0,0.0,2800.0,48.5,335.640625
exp2_1.50x,45.07361636598944,0,0.0,1500.0,47.4,335.640625
exp2_1.50x,45.574339045997476,0,0.0,1500.0,47.4,335.640625
exp2_1.50x,46.0750582079927,0,0.0,2800.0,47.95,335.640625
exp2_1.50x,46.57935319998069,0,87.21240569228742,2800.0,50.7,376.609375
exp2_1.50x,47.0813175769872,0,99.64910441582457,2800.0,49.6,335.640625
exp2_1.50x,47.58188087097369,0,99.88607134120693,2800.0,49.05,335.640625
exp2_1.50x,48.08245877499576,0,99.88186991177827,2800.0,50.7,335.640625
exp2_1.50x,48.5831154579937,0,99.85815030114256,2800.0,49.6,335.640625
exp2_1.50x,49.0838518620003,0,99.85508490786754,2800.0,51.25,335.640625
exp2_1.50x,49.584598525980255,0,99.85793211932328,2800.0,49.6,335.640625
exp2_1.50x,50.08524720999412,0,99.86227933529462,2800.0,51.25,335.640625
exp2_1.50x,50.58600476299762,0,99.86014068109391,2800.0,49.6,335.640625
exp2_1.50x,51.086626724980306,0,99.87366001493366,2800.0,50.7,335.640625
exp2_1.50x,51.58732609497383,0,101.8409360686778,2800.0,50.15,335.640625
exp2_1.50x,52.088127889990574,0,99.8558636532937,2800.0,50.7,335.640625
exp2_1.50x,52.588786333973985,0,99.8481495396374,2800.0,50.15,335.640625
exp2_1.50x,53.089653980976436,0,99.82901904433923,2800.0,50.15,335.640625
exp2_1.50x,53.590523684979416,0,39.944030983426664,2800.0,50.15,335.640625
exp2_1.50x,54.09092201999738,0,0.0,2800.0,50.7,335.640625
exp2_1.50x,54.59145709697623,0,0.0,2800.0,49.6,335.640625
exp2_1.50x,55.09197200697963,0,0.0,2800.0,48.5,335.640625
exp2_1.50x,55.592465212976094,0,0.0,2800.0,48.5,335.640625
exp2_1.50x,56.09292053198442,0,0.0,2800.0,49.05,335.640625
exp2_1.50x,56.59343333198922,0,0.0,2800.0,49.05,335.640625
exp2_1.50x,57.093846502975794,0,0.0,2800.0,48.5,335.640625
exp2_1.50x,57.59435696998844,0,0.0,2800.0,47.4,335.640625
exp2_1.50x,58.094886955979746,0,85.90442908984143,2800.0,51.8,376.609375
exp2_1.50x,58.598440701985965,0,97.30895384860193,2800.0,51.25,335.640625
exp2_1.50x,59.09899737397791,0,99.89008294734414,2800.0,50.15,335.640625
exp2_1.50x,59.59956636099378,0,99.88551900935002,2800.0,49.6,335.640625
exp2_1.50x,60.10015525500057,0,97.88467638724927,2800.0,51.8,335.640625
exp2_1.50x,60.6007441309921,0,99.8818717061481,2800.0,51.25,335.640625
exp2_1.50x,61.10131243398064,0,99.88652770909039,2800.0,51.8,335.640625
exp2_1.50x,61.601880107977195,0,99.88688968423074,2800.0,51.25,335.640625
exp2_1.50x,62.10244326299289,0,99.88186053343851,2800.0,50.7,335.640625
exp2_1.50x,62.60311321399058,0,99.85750573594555,2800.0,51.8,335.640625
exp2_1.50x,63.103900756977964,0,101.85158594409377,2800.0,50.15,335.640625
exp2_1.50x,63.604565171990544,0,99.86252844071444,2800.0,50.15,335.640625
exp2_1.50x,64.10538666098728,0,99.83528894616433,2800.0,50.15,335.640625
exp2_1.50x,64.60622740897816,0,99.80633738151205,2800.0,50.7,335.640625
exp2_1.50x,65.10748457998852,0,47.89864235255664,2800.0,50.15,335.640625
exp2_1.50x,65.60795644199243,0,0.0,2800.0,49.6,335.640625
exp2_1.50x,66.10835165699245,0,0.0,2800.0,50.15,335.640625
exp2_1.50x,66.60880868599634,0,0.0,2800.0,49.05,335.640625
exp2_1.50x,67.10933295599534,0,0.0,2800.0,49.05,335.640625
exp2_1.50x,67.60982948599849,0,1.9981379831427344,2800.0,50.15,335.640625
exp2_1.50x,68.11026290498558,0,0.0,2800.0,49.05,335.640625
exp2_1.50x,68.61077154698432,0,0.0,2800.0,47.95,335.640625
exp2_1.50x,69.11129137297394,0,0.0,2800.0,48.5,335.640625
exp2_1.50x,69.61178579297848,0,79.91395137433577,2800.0,50.15,376.609375
exp2_1.50x,70.11243130499497,0,99.86911732793719,2800.0,49.6,335.640625
exp2_1.50x,70.61311028097407,0,99.83753976515104,2800.0,51.25,335.640625
exp2_1.50x,71.11444143697736,0,99.75622730023521,2800.0,50.15,335.640625
exp2_1.50x,71.61520080198534,0,101.83594351759942,2800.0,51.25,335.640625
exp2_1.50x,72.11601496199728,0,99.85261135517003,2800.0,51.8,335.640625
exp2_1.50x,72.6166609939828,0,99.86690059001026,2800.0,50.7,335.640625
exp2_1.50x,73.11734822997823,0,99.86233896746879,2800.0,50.15,335.640625
exp2_1.50x,73.6180242439732,0,99.86362045241282,2800.0,50.7,335.640625
exp2_1.50x,74.11883836897323,0,99.83699673060995,2800.0,51.8,335.640625
exp2_1.50x,74.61958973598666,0,101.85544145921435,2800.0,50.7,335.640625
exp2_1.50x,75.12022654697648,0,99.86804535241488,2800.0,50.15,335.640625
exp2_1.50x,75.62101015498047,0,99.83023389646027,2800.0,50.7,335.640625
exp2_1.50x,76.12185335499817,0,99.84293667655199,2800.0,50.7,335.640625
exp2_1.50x,76.62253105599666,0,51.94040337226381,2800.0,50.7,335.640625
exp2_1.50x,77.12291685197852,0,0.0,2800.0,50.7,335.640625
exp2_1.50x,77.62345501797972,0,0.0,2800.0,49.05,335.640625
exp2_1.50x,78.12391792499693,0,0.0,2800.0,49.05,335.640625
exp2_1.50x,78.62444533300004,0,0.0,2800.0,50.7,335.640625
exp2_1.50x,79.12496944397571,0,0.0,2800.0,49.05,335.640625
exp2_1.50x,79.625489500002,0,0.0,2800.0,48.5,335.640625
exp2_1.50x,80.12595485299244,0,0.0,2800.0,48.5,335.640625
exp2_1.50x,80.62647552098497,0,0.0,2800.0,49.05,335.640625
exp2_1.50x,81.12709068899858,0,75.86168745461255,2800.0,50.15,376.609375
exp2_1.50x,81.62849827797618,0,99.73965038904105,2800.0,51.25,335.640625
exp2_1.50x,82.13457019097405,0,100.8060887744387,2800.0,50.7,335.640625
exp2_1.50x,82.6352267669863,0,99.85879187962179,2800.0,50.7,335.640625
exp2_1.50x,83.13596852798946,0,101.85657433356332,2800.0,50.15,335.640625
exp2_1.50x,83.63667080798768,0,99.85913151586387,2800.0,52.35,335.640625
exp2_1.50x,84.13739438398625,0,99.85859982602534,2800.0,50.15,335.640625
exp2_1.50x,84.63803509098943,0,99.87053762107901,2800.0,50.15,335.640625
exp2_1.50x,85.13872390898177,0,99.85526458557403,2800.0,51.8,335.640625
exp2_1.50x,85.63958541199099,0,101.8040796796947,2800.0,50.7,335.640625
exp2_1.50x,86.1407836349972,0,99.78349536012408,2800.0,51.25,335.640625
exp2_1.50x,86.6415155089926,0,99.86325664322491,2800.0,51.8,335.640625
exp2_1.50x,87.14212605098146,0,99.874194669519,2800.0,51.25,335.640625
exp2_1.50x,87.64278179698158,0,99.867131373708,2800.0,51.25,335.640625
exp2_1.50x,88.14345348699135,0,55.936058148752025,2800.0,50.15,335.640625
exp2_1.50x,88.64383319899207,0,0.0,2800.0,49.6,335.640625
exp2_1.50x,89.1443660009827,0,0.0,2800.0,51.8,335.640625
exp2_1.50x,89.64489365697955,0,0.0,2800.0,49.05,335.640625
exp2_1.50x,90.14535614597844,0,0.0,2800.0,50.7,335.640625
exp2_1.50x,90.64586122799665,0,0.0,2800.0,49.6,335.640625
exp2_1.50x,91.14637827299885,0,0.0,2800.0,49.05,335.640625
exp2_1.50x,91.646908892988,0,0.0,2800.0,47.95,335.640625
exp2_1.50x,92.14742256799946,0,0.0,2800.0,49.6,335.640625
exp2_1.50x,92.64795565098757,0,75.9145470938435,2800.0,51.25,376.609375
exp2_1.50x,93.14897256498807,0,99.78895255326553,2800.0,50.15,335.640625
exp2_1.50x,93.64970607298892,0,99.84358763379561,2800.0,50.7,335.640625
exp2_1.50x,94.1505485259986,0,99.84739084787391,2800.0,50.7,335.640625
exp2_1.50x,94.65119236899773,0,99.86638057881407,2800.0,50.7,335.640625
exp2_1.50x,95.15185424897936,0,99.8727748703741,2800.0,50.15,335.640625
exp2_1.50x,95.65249575898633,0,99.86860048666898,2800.0,51.8,335.640625
exp2_1.50x,96.15317573299399,0,99.86226197911206,2800.0,51.25,335.640625
exp2_1.50x,96.65388244698988,0,99.86357317732757,2800.0,52.35,335.640625
exp2_1.50x,97.15469688299345,0,99.83454998934809,2800.0,50.7,335.640625
exp2_1.50x,97.65542202399229,0,101.8280706353408,2800.0,50.7,335.640625
exp2_1.50x,98.15658610698301,0,99.79462445651725,2800.0,51.8,335.640625
exp2_1.50x,98.65742343297461,0,99.83015716063342,2800.0,50.7,335.640625
exp2_1.50x,99.15809953698772,0,99.8651943714327,2800.0,51.25,335.640625
exp2_1.50x,99.6587337909732,0,53.94050610126267,2800.0,50.7,335.640625
exp2_1.50x,100.1591827129887,0,0.0,2800.0,48.5,335.640625
exp2_1.50x,100.65968115298892,0,0.0,2800.0,50.15,335.640625
exp2_1.50x,101.16007788997376,0,0.0,2800.0,48.5,335.640625
exp2_1.50x,101.66055286899791,0,0.0,2800.0,49.6,335.640625
exp2_1.50x,102.16106532799313,0,0.0,2800.0,49.05,335.640625
exp2_1.50x,102.6615473619895,0,0.0,2800.0,49.05,335.640625
exp2_1.50x,103.16193473097519,0,0.0,2800.0,49.6,335.640625
exp2_1.50x,103.66242154297652,0,0.0,2800.0,48.5,335.640625
exp2_1.50x,104.16294805999496,0,69.9220295261828,2800.0,50.15,376.609375
exp2_1.50x,104.66357198299374,0,99.87315430321145,2800.0,50.15,335.640625
exp2_1.50x,105.16420216599363,0,99.87374520162828,2800.0,50.15,335.640625
exp2_1.50x,105.66488583097816,0,99.83604764548127,2800.0,50.7,335.640625
exp2_1.50x,106.16607173299417,0,99.78404955480119,2100.0,51.25,335.640625
exp2_1.50x,106.66683482399094,0,99.85046135161105,2800.0,50.15,335.640625
exp2_1.50x,107.16755674799788,0,99.85931700092429,2800.0,51.25,335.640625
exp2_1.50x,107.6682116180018,0,99.86625710771838,2800.0,50.7,335.640625
exp2_1.50x,108.16893657998298,0,99.85678699673771,2800.0,50.7,335.640625
exp2_1.50x,108.66972981998697,0,99.84227535887264,2800.0,50.15,335.640625
exp2_1.50x,109.17037396799424,0,99.86572494144336,2800.0,52.35,335.640625
exp2_1.50x,109.67112122799153,0,99.85613307563122,2800.0,50.7,335.640625
exp2_1.50x,110.17177119199187,0,101.85979935955874,2800.0,50.7,335.640625
exp2_1.50x,110.67257406198769,0,99.84017424852647,2800.0,51.25,335.640625
exp2_1.50x,111.17332559998613,0,55.93103278703248,2800.0,49.6,335.640625
exp2_1.50x,111.67369097398478,0,1.998464571700545,2800.0,49.05,335.640625
exp2_1.50x,112.17411656997865,0,0.0,2800.0,48.5,335.640625
exp2_1.50x,112.67463523999322,0,0.0,2800.0,49.6,335.640625
exp2_1.50x,113.17511590998038,0,0.0,2800.0,48.5,335.640625
exp2_1.50x,113.67561063700123,0,0.0,2800.0,48.5,335.640625
exp2_1.50x,114.1761161039758,0,0.0,2800.0,51.25,335.640625
exp2_1.50x,114.67664879298536,0,0.0,2800.0,49.6,335.640625
exp2_1.50x,115.17711018698174,0,0.0,2800.0,50.15,335.640625
exp2_1.50x,115.67766689599375,0,65.91442053832016,2800.0,49.6,376.609375
exp2_1.50x,116.17844047397375,0,99.85422301756046,2800.0,50.15,335.640625
exp2_1.50x,116.67910031200154,0,99.86184214127948,2800.0,50.7,335.640625
exp2_1.50x,117.17983200197341,0,99.8393132190149,2800.0,49.6,335.640625
exp2_1.50x,117.68093144899467,0,99.80218408761554,2800.0,51.8,335.640625
exp2_1.50x,118.18157008397975,0,99.87025635290802,2800.0,50.15,335.640625
exp2_1.50x,118.68226986797526,0,99.86043086609116,2800.0,52.35,335.640625
exp2_1.50x,119.18294200400123,0,99.867275194626,2800.0,51.8,335.640625
exp2_1.50x,119.68363925098674,0,101.85783905014345,2800.0,51.8,335.640625
exp2_1.50x,120.18441396098933,0,99.82200877496199,2800.0,51.25,335.640625
exp2_1.50x,120.68537333697896,0,99.83069333351739,2800.0,52.35,335.640625
exp2_1.50x,121.18603402998997,0,99.87214367892624,2800.0,50.7,335.640625
exp2_1.50x,121.68669688899536,0,99.83816094607694,2800.0,51.8,335.640625
exp2_1.50x,122.18792583898176,0,99.77576952261983,2800.0,51.25,335.640625
exp2_1.50x,122.68871995797963,0,69.90505216000301,2800.0,49.6,335.640625
exp2_1.50x,123.18912130099488,0,0.0,2800.0,50.7,335.640625
exp2_1.50x,123.68957616298576,0,0.0,2800.0,49.05,335.640625
exp2_1.50x,124.1900097479811,0,0.0,2800.0,48.5,335.640625
exp2_1.50x,124.69052138799452,0,0.0,2800.0,49.6,335.640625
exp2_1.50x,125.19105389897595,0,0.0,2800.0,49.6,335.640625
exp2_1.50x,125.69157148399972,0,0.0,2800.0,49.05,335.640625
exp2_1.50x,126.19209106999915,0,0.0,2800.0,48.5,335.640625
exp2_1.50x,126.69259337798576,0,0.0,1500.0,48.5,335.640625
exp2_1.50x,127.19341779599199,0,61.89351666084792,2800.0,49.6,376.609375
exp2_1.50x,127.69427263899706,0,99.83561686567184,2800.0,50.15,335.640625
exp2_1.50x,128.19513255698257,0,101.79491134761908,2800.0,50.15,335.640625
exp2_1.50x,128.6962865300011,0,99.79145601631598,2800.0,51.25,335.640625
exp2_1.50x,129.19699687499087,0,99.86523505927762,2800.0,51.8,335.640625
exp2_1.50x,129.69764335098444,0,99.87339489317846,2800.0,50.7,335.640625
exp2_1.50x,130.19838193699252,0,99.83641384402202,2800.0,51.8,335.640625
exp2_1.50x,130.69927146798,0,99.8141546278206,2800.0,50.7,335.640625
exp2_1.50x,131.2003954599786,0,99.79844924657804,2800.0,51.25,335.640625
exp2_1.50x,131.70104191897553,0,99.86581470067466,2800.0,51.25,335.640625
exp2_1.50x,132.20174926597974,0,99.83937780775243,2800.0,51.25,335.640625
exp2_1.50x,132.70294479597942,0,99.75526482333733,2800.0,51.8,335.640625
exp2_1.50x,133.20425491797505,0,101.76760573627296,2800.0,51.8,335.640625
exp2_1.50x,133.70487732198671,0,99.8716064569,2800.0,50.15,335.640625
exp2_1.50x,134.20565978100058,0,73.8974144281329,2800.0,50.7,335.640625
exp2_1.50x,134.70605227997294,0,0.0,2800.0,49.05,335.640625
exp2_1.50x,135.2066982399847,0,0.0,2800.0,49.6,335.640625
exp2_1.50x,135.70721183199203,0,0.0,2800.0,49.6,335.640625
exp2_1.50x,136.207720218983,0,0.0,2800.0,49.6,335.640625
exp2_1.50x,136.7082352929865,0,0.0,2800.0,50.15,335.640625
exp2_1.50x,137.20873162598582,0,0.0,1500.0,48.5,335.640625
exp2_1.50x,137.70949464300065,0,1.9969065003554702,1500.0,49.05,335.640625
exp2_1.50x,138.21025365998503,0,0.0,1500.0,47.4,335.640625
exp2_1.50x,138.71101171398186,0,55.904331253531986,2800.0,49.6,353.0
exp2_1.50x,139.21185754597536,0,101.83201525929954,2800.0,50.15,335.640625
exp2_1.50x,139.7126494719996,0,99.85077122354149,2800.0,51.25,335.640625
exp2_1.50x,140.2134328969987,0,99.84610759754423,2800.0,50.15,335.640625
exp2_1.50x,140.71408256498398,0,99.87169802070855,2800.0,50.15,335.640625
exp2_1.50x,141.2148137689801,0,99.84409524533429,2800.0,51.8,335.640625
exp2_1.50x,141.71559039899148,0,101.84644936745157,2800.0,49.05,335.640625
exp2_1.50x,142.21639591798885,0,99.84239299145176,2800.0,51.8,335.640625
exp2_1.50x,142.71717471597367,0,99.8265457851327,2800.0,51.25,335.640625
exp2_1.50x,143.21801612398122,0,99.85163106365835,2800.0,51.25,335.640625
exp2_1.50x,143.71869734898792,0,99.8506563684548,2800.0,50.15,335.640625
exp2_1.50x,144.21955953599536,0,99.8413369366646,2800.0,50.7,335.640625
exp2_1.50x,144.7202242059866,0,101.84687831272555,2800.0,50.7,335.640625
exp2_1.50x,145.22131466897554,0,99.79947311705466,2800.0,50.7,335.640625
exp2_1.50x,145.72192713597906,0,75.91994318024643,2800.0,50.15,335.640625
exp2_1.50x,146.22228786398773,0,0.0,2800.0,51.25,335.640625
exp2_1.50x,146.72274703599396,0,0.0,2800.0,49.6,335.640625
exp2_1.50x,147.22325839300174,0,0.0,2800.0,49.05,335.640625
exp2_1.50x,147.72375802899478,0,0.0,2800.0,49.6,335.640625
exp2_1.50x,148.22416518299724,0,0.0,2800.0,50.15,335.640625
exp2_1.50x,148.724681837979,0,0.0,1500.0,48.5,335.640625
exp2_1.50x,149.22542724999948,0,0.0,1700.0,47.95,335.640625
exp2_1.50x,149.7261289039743,0,0.0,1600.0,47.95,335.640625
exp2_1.50x,150.2268462429929,0,55.92082371982886,2800.0,50.15,345.140625
exp2_1.50x,150.72747252800036,0,99.87232481725344,2800.0,50.15,335.640625
exp2_1.50x,151.22813509000116,0,99.84009191573404,2800.0,51.8,335.640625
exp2_1.50x,151.72932331697666,0,99.78699090077467,2800.0,50.15,335.640625
exp2_1.50x,152.22999173100106,0,99.86662113614695,2800.0,50.15,335.640625
exp2_1.50x,152.7306570719811,0,101.864699435856,2800.0,51.25,335.640625
exp2_1.50x,153.23133619097644,0,99.86371398685813,2800.0,50.15,335.640625
exp2_1.50x,153.73201693999,0,99.86586735926659,2800.0,50.15,335.640625
exp2_1.50x,154.23267302298336,0,99.86484790785236,2800.0,50.15,335.640625
exp2_1.50x,154.73344204897876,0,99.82506814708366,2800.0,50.7,335.640625
exp2_1.50x,155.2346236849844,0,99.79017300348883,2800.0,50.7,335.640625
exp2_1.50x,155.73528400898795,0,99.8679801228181,2800.0,51.8,335.640625
exp2_1.50x,156.23594427798525,0,99.86837148426059,2800.0,52.35,335.640625
exp2_1.50x,156.7366370469972,0,99.83453922752759,2800.0,50.15,335.640625
exp2_1.50x,157.23790403499152,0,81.82339957395315,2800.0,50.15,335.640625
exp2_1.50x,157.7383855469816,0,1.9980350724561087,2800.0,49.6,335.640625
exp2_1.50x,158.23889531797613,0,0.0,2800.0,49.05,335.640625
exp2_1.50x,158.7394057189813,0,0.0,2800.0,49.05,335.640625
exp2_1.50x,159.23991150897928,0,0.0,2800.0,50.15,335.640625
exp2_1.50x,159.74039842898492,0,0.0,2800.0,49.6,335.640625
exp2_1.50x,160.24092086797464,0,0.0,1500.0,49.6,335.640625
exp2_1.50x,160.74166623098426,0,0.0,1500.0,47.4,335.640625
exp2_1.50x,161.24235559499357,0,0.0,1500.0,48.5,335.640625
exp2_1.50x,161.7430917559832,0,49.925482224168036,2800.0,49.6,345.140625
exp2_1.50x,162.24382060198695,0,101.82464411584886,2800.0,50.15,335.640625
exp2_1.50x,162.74498968597618,0,101.7594161161771,2800.0,51.8,335.640625
exp2_1.50x,163.24602334600058,0,99.81919908282568,2800.0,51.25,335.640625
exp2_1.50x,163.74668221198954,0,99.86663090638214,2800.0,50.7,335.640625
exp2_1.50x,164.24755274297786,0,99.83053328217305,2800.0,49.6,335.640625
exp2_1.50x,164.74821555399103,0,99.83963996392194,2800.0,50.7,335.640625
exp2_1.50x,165.2494040839956,0,99.78437096538129,2800.0,50.7,335.640625
exp2_1.50x,165.75012691298616,0,99.86010039210544,2800.0,50.7,335.640625
exp2_1.50x,166.2508189289947,0,99.85396975744241,2800.0,50.15,335.640625
exp2_1.50x,166.75168766497518,0,101.80176285682128,2800.0,52.35,335.640625
exp2_1.50x,167.25288939999882,0,99.7874463521389,2800.0,52.35,335.640625
exp2_1.50x,167.75370104497415,0,99.83939973962805,2800.0,51.25,335.640625
exp2_1.50x,168.2543565609958,0,99.85983433816362,2800.0,52.35,335.640625
exp2_1.50x,168.75512994799647,0,79.89779314624927,2800.0,50.15,335.640625
exp2_1.50x,169.25553502197727,0,0.0,2800.0,50.7,335.640625
exp2_1.50x,169.75597828099853,0,0.0,2800.0,49.6,335.640625
exp2_1.50x,170.25647622498218,0,0.0,2800.0,48.5,335.640625
exp2_1.50x,170.75698900298448,0,0.0,2800.0,49.05,335.640625
exp2_1.50x,171.25745359697612,0,0.0,2800.0,49.6,335.640625
exp2_1.50x,171.7579728749988,0,0.0,2000.0,48.5,335.640625
exp2_1.50x,172.25859115298954,0,0.0,1500.0,48.5,335.640625
exp2_1.50x,172.75936937498045,0,0.0,1500.0,47.95,335.640625
exp2_1.50x,173.26013663498452,0,47.927661248072525,2800.0,48.5,345.125
exp2_1.50x,173.76071898799273,0,99.87723210507056,2800.0,50.7,335.625
exp2_1.50x,174.26139561799937,0,99.87064873077423,2800.0,50.7,335.625
exp2_1.50x,174.7619811569748,0,99.86786702200506,2800.0,51.8,335.625
exp2_1.50x,175.2630837119941,0,99.77753322030406,2800.0,50.15,335.625
exp2_1.50x,175.763799731998,0,99.87280618775674,2800.0,51.25,335.625
exp2_1.50x,176.26443321598344,0,99.86854283829355,2800.0,50.15,335.625
exp2_1.50x,176.76511277398095,0,99.86524064377255,2800.0,50.7,335.625
exp2_1.50x,177.26577648098464,0,99.8611037897242,2800.0,50.15,335.625
exp2_1.50x,177.7664027249848,0,99.88408192515269,2800.0,50.7,335.625
exp2_1.50x,178.2670219509746,0,99.85610296433357,2800.0,51.8,335.625
exp2_1.50x,178.76817628499703,0,99.78988301800487,2800.0,52.35,335.625
exp2_1.50x,179.26882460399065,0,99.87002755190886,2800.0,51.8,335.625
exp2_1.50x,179.7694697379775,0,99.87009397433908,2800.0,50.7,335.625
exp2_2.00x,0.500494820997119,0,99.85848115691383,2800.0,54.0,376.609375
exp2_2.00x,1.0013073989830445,0,99.85193336342297,2800.0,51.8,335.640625
exp2_2.00x,1.5019368119828869,0,99.87267612262652,2800.0,52.35,335.640625
exp2_2.00x,2.0025700769911055,0,99.88063783949153,2800.0,51.8,335.640625
exp2_2.00x,2.503186415997334,0,99.86895595162164,2800.0,51.25,335.640625
exp2_2.00x,3.0039936440007295,0,99.83299318123714,2800.0,52.35,335.640625
exp2_2.00x,3.5047362789919134,0,99.86280568326151,2800.0,50.7,335.640625
exp2_2.00x,4.005338638002286,0,99.88136171282825,2800.0,50.7,335.640625
exp2_2.00x,4.505979885987472,0,99.8404537574753,2800.0,52.35,335.640625
exp2_2.00x,5.006852207006887,0,99.85356893851117,2800.0,51.8,335.640625
exp2_2.00x,5.507508751004934,0,99.86206312645044,2800.0,51.25,335.640625
exp2_2.00x,6.008308221003972,0,99.84438194832977,2800.0,51.8,335.640625
exp2_2.00x,6.5090111180034,0,99.85717308735111,2800.0,51.25,335.640625
exp2_2.00x,7.0097244220087305,0,99.86045998742388,2800.0,51.25,335.640625
exp2_2.00x,7.5103543199948035,0,25.97102262295568,2800.0,50.7,335.640625
exp2_2.00x,8.01080584799638,0,0.0,2800.0,50.15,335.640625
exp2_2.00x,8.511257932987064,0,0.0,2800.0,50.15,335.640625
exp2_2.00x,9.011849145987071,0,71.88046953402655,2800.0,52.35,376.609375
exp2_2.00x,9.512783487007255,0,99.85107591492128,2800.0,51.25,335.640625
exp2_2.00x,10.013440552982502,0,99.86216225373863,2800.0,50.7,335.640625
exp2_2.00x,10.514177136006765,0,99.86227314743753,2800.0,51.25,335.640625
exp2_2.00x,11.014829646999715,0,101.86053194829131,2800.0,51.25,335.640625
exp2_2.00x,11.515527287003351,0,99.86247619197735,2800.0,51.25,335.640625
exp2_2.00x,12.016211779002333,0,99.85536668839502,2800.0,52.35,335.640625
exp2_2.00x,12.517082436999772,0,99.80497927762222,2800.0,51.25,335.640625
exp2_2.00x,13.018311557010747,0,99.7887490135187,2800.0,52.35,335.640625
exp2_2.00x,13.518961864989251,0,101.8667106692477,2800.0,52.35,335.640625
exp2_2.00x,14.01973019100842,0,99.84667025805709,2800.0,50.7,335.640625
exp2_2.00x,14.522852077992866,0,99.38638152304162,2800.0,51.25,335.640625
exp2_2.00x,15.023432868008967,0,99.87988624921034,2800.0,51.8,335.640625
exp2_2.00x,15.524051270011114,0,99.87718921260053,2800.0,51.8,335.640625
exp2_2.00x,16.02459400598309,0,63.94049569537497,2800.0,51.25,335.640625
exp2_2.00x,16.524941224983195,0,0.0,2800.0,50.7,335.640625
exp2_2.00x,17.025446443003602,0,0.0,2800.0,49.6,335.640625
exp2_2.00x,17.525967199006118,0,43.95153481843788,2800.0,50.15,345.140625
exp2_2.00x,18.02653241698863,0,97.88430153829455,2800.0,51.8,335.640625
exp2_2.00x,18.527320096996846,0,101.81580889213126,2800.0,51.8,335.640625
exp2_2.00x,19.02839801699156,0,99.79559765811534,2800.0,52.9,335.640625
exp2_2.00x,19.529265660006786,0,99.8104166988976,2800.0,52.9,335.640625
exp2_2.00x,20.030384190991754,0,99.80539166231155,2800.0,51.25,335.640625
exp2_2.00x,20.531062188005308,0,99.86676714998588,2800.0,51.25,335.640625
exp2_2.00x,21.03171544399811,0,101.86154815439541,2800.0,52.35,335.640625
exp2_2.00x,21.532429885992315,0,99.85548016136927,2800.0,51.8,335.640625
exp2_2.00x,22.03323154899408,0,99.8219589524403,2800.0,51.8,335.640625
exp2_2.00x,22.534393526002532,0,99.79239210409281,2800.0,52.35,335.640625
exp2_2.00x,23.035056264983723,0,99.86832581278587,2800.0,52.35,335.640625
exp2_2.00x,23.535725836991332,0,99.83882359593481,2800.0,51.8,335.640625
exp2_2.00x,24.036952091992134,0,99.75824984640806,2800.0,51.8,335.640625
exp2_2.00x,24.538057661993662,0,81.85370042841785,2800.0,52.35,335.640625
exp2_2.00x,25.038411866989918,0,0.0,2800.0,50.15,335.640625
exp2_2.00x,25.53895371899125,0,0.0,2800.0,50.15,335.640625
exp2_2.00x,26.039537534001283,0,15.976739082000298,2800.0,50.15,335.640625
exp2_2.00x,26.54070204900927,0,101.78659158804109,2800.0,50.15,376.609375
exp2_2.00x,27.041337475995533,0,99.86079046378967,2800.0,51.25,335.640625
exp2_2.00x,27.542143753002165,0,99.8473112944238,2800.0,51.25,335.640625
exp2_2.00x,28.0428349020076,0,101.85809639155175,2800.0,51.25,335.640625
exp2_2.00x,28.54351851399406,0,99.8667184786588,2800.0,52.35,335.640625
exp2_2.00x,29.0443020699895,0,99.818515165111,2800.0,51.25,335.640625
exp2_2.00x,29.54552001299453,0,99.75234107256779,2800.0,52.9,335.640625
exp2_2.00x,30.046757084986893,0,99.7617175381273,2800.0,51.25,335.640625
exp2_2.00x,30.54784963998827,0,99.80025916404156,2800.0,51.8,335.640625
exp2_2.00x,31.04852073499933,0,99.86036883892805,2800.0,53.45,335.640625
exp2_2.00x,31.549822845001472,0,101.73853603553134,2800.0,51.8,335.640625
exp2_2.00x,32.050498884986155,0,99.8669839655341,2800.0,51.25,335.640625
exp2_2.00x,32.551214350009104,0,99.83374307390208,2800.0,52.9,335.640625
exp2_2.00x,33.05227403700701,0,99.80169383723039,2800.0,52.35,335.640625
exp2_2.00x,33.55344683298608,0,7.982979967527137,2800.0,50.15,335.640625
exp2_2.00x,34.0539502640022,0,0.0,2800.0,51.25,335.640625
exp2_2.00x,34.554411213990534,0,0.0,2800.0,51.25,335.640625
exp2_2.00x,35.05496360801044,0,91.885112185035,2800.0,52.35,376.609375
exp2_2.00x,35.5557301119843,0,99.82564452646224,2800.0,51.8,335.640625
exp2_2.00x,36.05686404000153,0,99.80155698263624,2800.0,52.9,335.640625
exp2_2.00x,36.557510785991326,0,99.86666601654794,2800.0,51.8,335.640625
exp2_2.00x,37.058176956983516,0,99.86979076342762,2800.0,51.25,335.640625
exp2_2.00x,37.55884174100356,0,101.86468112676434,2800.0,52.9,335.640625
exp2_2.00x,38.059493635984836,0,99.87048894607668,2800.0,51.8,335.640625
exp2_2.00x,38.56012234601076,0,99.87378051420336,2800.0,51.8,335.640625
exp2_2.00x,39.06077166699106,0,99.86500348905082,2800.0,51.8,335.640625
exp2_2.00x,39.56152572800056,0,99.82509046710156,2800.0,52.9,335.640625
exp2_2.00x,40.062734768987866,0,101.77843506626476,2800.0,51.25,335.640625
exp2_2.00x,40.56343321999884,0,99.86691674611154,2800.0,51.8,335.640625
exp2_2.00x,41.06409759799135,0,99.83892886205493,2800.0,51.8,335.640625
exp2_2.00x,41.56521501101088,0,99.80313531778246,2800.0,51.25,335.640625
exp2_2.00x,42.06588261100114,0,35.95643618967021,2800.0,50.15,335.640625
exp2_2.00x,42.5663717679854,0,0.0,2800.0,50.7,335.640625
exp2_2.00x,43.06682688900037,0,0.0,2800.0,51.8,335.640625
exp2_2.00x,43.567301380011486,0,61.932661978452344,2800.0,51.8,376.609375
exp2_2.00x,44.06794025900308,0,99.87298552863051,2800.0,52.9,335.640625
exp2_2.00x,44.56862976800767,0,99.85829947676282,2800.0,51.25,335.640625
exp2_2.00x,45.069340369984275,0,99.83487870461643,2800.0,51.8,335.640625
exp2_2.00x,45.57052417300292,0,99.77905822853748,2800.0,51.8,335.640625
exp2_2.00x,46.071337255998515,0,101.84429331882662,2800.0,51.8,335.640625
exp2_2.00x,46.57203289499739,0,99.83429543665545,2800.0,54.0,335.640625
exp2_2.00x,47.07329673599452,0,99.7788995364972,2800.0,51.25,335.640625
exp2_2.00x,47.57486288898508,0,99.68194342827312,2800.0,52.35,335.640625
exp2_2.00x,48.07554204799817,0,99.86960883892559,2800.0,52.35,335.640625
exp2_2.00x,48.57644283500849,0,99.8173876838021,2800.0,51.25,335.640625
exp2_2.00x,49.07716829099809,0,99.84257940075206,2800.0,52.35,335.640625
exp2_2.00x,49.578012042009505,0,99.83285544020745,2800.0,53.45,335.640625
exp2_2.00x,50.078843848983524,0,101.8344904440383,2800.0,52.9,335.640625
exp2_2.00x,50.57962373099872,0,57.92466005775971,2800.0,50.7,335.640625
exp2_2.00x,51.0800129850104,0,0.0,2800.0,51.25,335.640625
exp2_2.00x,51.58049972099252,0,0.0,2800.0,48.5,335.640625
exp2_2.00x,52.081017104996135,0,35.9611143836687,2800.0,52.35,345.140625
exp2_2.00x,52.58162173000164,0,99.87381602421034,2800.0,50.7,335.640625
exp2_2.00x,53.08226285400451,0,99.87410789118087,2800.0,51.8,335.640625
exp2_2.00x,53.582908220007084,0,99.86935709728651,2800.0,52.35,335.640625
exp2_2.00x,54.08356880801148,0,99.86488002136028,2800.0,52.35,335.640625
exp2_2.00x,54.58432119101053,0,99.82844780611687,2800.0,51.8,335.640625
exp2_2.00x,55.08516498201061,0,101.85594269750142,2800.0,51.8,335.640625
exp2_2.00x,55.585893034003675,0,99.84494180408375,2800.0,51.8,335.640625
exp2_2.00x,56.08662784399348,0,99.86388612018435,2800.0,51.8,335.640625
exp2_2.00x,56.58726817398565,0,99.86952685816529,2800.0,52.35,335.640625
exp2_2.00x,57.08797022598446,0,99.85217883062307,2800.0,51.8,335.640625
exp2_2.00x,57.588715888996376,0,99.85847517848231,2800.0,53.45,335.640625
exp2_2.00x,58.08934777599643,0,99.87338332174876,2800.0,52.9,335.640625
exp2_2.00x,58.5900119029975,0,99.86513832338558,2800.0,53.45,335.640625
exp2_2.00x,59.09067216000403,0,95.89298362011013,2800.0,52.35,335.640625
exp2_2.00x,59.59105782600818,0,0.0,2800.0,50.7,335.640625
exp2_2.00x,60.09146693701041,0,0.0,2800.0,51.8,335.640625
exp2_2.00x,60.61249757598853,0,9.591703750625685,2800.0,51.8,335.640625
exp2_2.00x,61.11408549500629,0,99.71958950770826,2800.0,51.25,376.609375
exp2_2.00x,61.61497853000765,0,101.818718084797,2800.0,52.35,335.640625
exp2_2.00x,62.115743936010404,0,99.83479956560858,2800.0,51.25,335.640625
exp2_2.00x,62.61698915399029,0,99.76994607009253,2800.0,52.9,335.640625
exp2_2.00x,63.117667190002976,0,99.83988657172692,2800.0,52.35,335.640625
exp2_2.00x,63.61885500198696,0,101.78349185987496,2800.0,51.8,335.640625
exp2_2.00x,64.11967305699363,0,99.83646806129057,2800.0,54.0,335.640625
exp2_2.00x,64.62037151999539,0,99.85782462493343,2800.0,51.25,335.640625
exp2_2.00x,65.12104753899621,0,99.86830327023912,2800.0,52.9,335.640625
exp2_2.00x,65.62170600300306,0,99.8561440452488,2800.0,53.45,335.640625
exp2_2.00x,66.12259339098819,0,99.83553034581338,2800.0,53.45,335.640625
exp2_2.00x,66.62326452200068,0,99.8635195227142,2800.0,53.45,335.640625
exp2_2.00x,67.1239405790111,0,99.86571736572982,2800.0,53.45,335.640625
exp2_2.00x,67.62458006298402,0,99.87370749697602,2800.0,52.35,335.640625
exp2_2.00x,68.1252118429984,0,15.981485065778465,2800.0,50.15,335.640625
exp2_2.00x,68.6256823639851,0,0.0,2800.0,51.25,335.640625
exp2_2.00x,69.12620246000006,0,0.0,2800.0,51.8,335.640625
exp2_2.00x,69.62674511200748,0,83.85980770478322,2800.0,51.8,376.609375
exp2_2.00x,70.12765991000924,0,99.83470308012186,2800.0,51.8,335.640625
exp2_2.00x,70.62874503998319,0,99.80938961758567,2800.0,52.9,335.640625
exp2_2.00x,71.12940393199096,0,99.86582766358823,2800.0,51.25,335.640625
exp2_2.00x,71.63017282399232,0,99.85008747666873,2800.0,52.35,335.640625
exp2_2.00x,72.13083723600721,0,99.86441667629396,2800.0,51.25,335.640625
exp2_2.00x,72.63163249799982,0,99.81266221544264,2800.0,51.25,335.640625
exp2_2.00x,73.13348064399906,0,99.65602090020083,2800.0,52.35,335.640625
exp2_2.00x,73.63432401799946,0,101.8053138278427,2800.0,51.25,335.640625
exp2_2.00x,74.13564059298369,0,101.76185040714608,2800.0,51.8,335.640625
exp2_2.00x,74.63632026501,0,99.83381663025337,2800.0,52.9,335.640625
exp2_2.00x,75.1376049699902,0,99.76605179803143,2800.0,51.8,335.640625
exp2_2.00x,75.63837725299527,0,99.85036025699898,2800.0,52.9,335.640625
exp2_2.00x,76.13909888800117,0,99.8528159506206,2800.0,52.9,335.640625
exp2_2.00x,76.63979894900694,0,35.95415665298457,2800.0,51.25,335.640625
exp2_2.00x,77.14033990100143,0,0.0,2800.0,50.7,335.640625
exp2_2.00x,77.64085470399004,0,1.9979412773721967,2800.0,50.15,335.640625
exp2_2.00x,78.14140361899626,0,55.912415661541324,2800.0,51.8,376.609375
exp2_2.00x,78.64287593599875,0,99.73410826503499,2800.0,53.45,335.640625
exp2_2.00x,79.1436419239908,0,99.8473541670384,2800.0,51.8,335.640625
exp2_2.00x,79.64443563399254,0,99.84012879430982,2800.0,53.45,335.640625
exp2_2.00x,80.14522884500911,0,99.850433837839,2800.0,52.9,335.640625
exp2_2.00x,80.64589905700996,0,99.8493036332397,2800.0,52.9,335.640625
exp2_2.00x,81.14675437798724,0,99.81934037042168,2800.0,51.8,335.640625
exp2_2.00x,81.64763275600853,0,99.84928529501748,2800.0,51.8,335.640625
exp2_2.00x,82.14843826400465,0,99.83296686636506,2800.0,52.9,335.640625
exp2_2.00x,82.64913353099837,0,99.87089469640172,2800.0,52.9,335.640625
exp2_2.00x,83.1498260590015,0,99.83406679459664,2800.0,51.8,335.640625
exp2_2.00x,83.65100667599472,0,99.78637453529181,2800.0,51.8,335.640625
exp2_2.00x,84.15175614799955,0,101.85329154198426,2800.0,52.35,335.640625
exp2_2.00x,84.65242210199358,0,99.86609254779292,2800.0,53.45,335.640625
exp2_2.00x,85.1530616490054,0,71.92065397253229,2800.0,51.8,335.640625
exp2_2.00x,85.65346204998787,0,0.0,2800.0,51.25,335.640625
exp2_2.00x,86.15393665400916,0,0.0,2800.0,50.15,335.640625
exp2_2.00x,86.65443714699359,0,27.969878900605554,2800.0,51.8,345.140625
exp2_2.00x,87.15512626900454,0,99.85451736434383,2800.0,53.45,335.640625
exp2_2.00x,87.65582198399352,0,99.8596061827719,2800.0,52.35,335.640625
exp2_2.00x,88.15657703098259,0,99.84741258016459,2800.0,53.45,335.640625
exp2_2.00x,88.65730644998257,0,101.8588440181999,2800.0,51.8,335.640625
exp2_2.00x,89.1579652579967,0,99.8651760157629,2800.0,54.0,335.640625
exp2_2.00x,89.65870145498775,0,99.8218341991522,2800.0,52.9,335.640625
exp2_2.00x,90.15996520398767,0,99.777420521287,2800.0,51.25,335.640625
exp2_2.00x,90.66071623499738,0,99.8296626443347,2800.0,53.45,335.640625
exp2_2.00x,91.16197761398507,0,99.7763732114376,2800.0,52.9,335.640625
exp2_2.00x,91.66266057200846,0,99.82830768770167,2800.0,53.45,335.640625
exp2_2.00x,92.16394676599884,0,99.76657753765767,2800.0,52.35,335.640625
exp2_2.00x,92.66474044599454,0,101.84821702523672,2800.0,53.45,335.640625
exp2_2.00x,93.16538181100623,0,99.86954919806878,2800.0,52.35,335.640625
exp2_2.00x,93.66604565799935,0,97.88991456835164,2800.0,51.8,335.640625
exp2_2.00x,94.16641498898389,0,0.0,2800.0,50.15,335.640625
exp2_2.00x,94.66683661600109,0,0.0,2800.0,51.25,335.640625
exp2_2.00x,95.16764455501107,0,10.917664948269872,2800.0,52.35,335.640625
exp2_2.00x,95.71752534099505,0,99.76595784391208,2800.0,52.9,376.609375
exp2_2.00x,96.21822324499954,0,99.85822409080944,2800.0,54.0,335.640625
exp2_2.00x,96.71892798200133,0,99.86560007293244,2800.0,51.8,335.640625
exp2_2.00x,97.21965383100905,0,99.85226378335538,2800.0,52.35,335.640625
exp2_2.00x,97.72028684598627,0,99.87483146665313,2800.0,51.8,335.640625
exp2_2.00x,98.22093243600102,0,99.8601630167984,2800.0,52.9,335.640625
exp2_2.00x,98.72170378500596,0,101.85044647359014,2800.0,52.35,335.640625
exp2_2.00x,99.22241369000403,0,99.85333821168847,2800.0,52.9,335.640625
exp2_2.00x,99.72329057598836,0,99.83409470545232,2800.0,53.45,335.640625
exp2_2.00x,100.2239322589885,0,99.85870033947677,2800.0,53.45,335.640625
exp2_2.00x,100.72471581300488,0,99.8554356914941,2800.0,52.9,335.640625
exp2_2.00x,101.22536366299028,0,99.8592467909518,2800.0,53.45,335.640625
exp2_2.00x,101.72618342100759,0,99.81994757351242,2800.0,52.9,335.640625
exp2_2.00x,102.22742700899835,0,101.77412230955615,2800.0,51.8,335.640625
exp2_2.00x,102.72817628600751,0,13.98058306746407,2800.0,52.35,335.640625
exp2_2.00x,103.22864986100467,0,0.0,2800.0,50.7,335.640625
exp2_2.00x,103.72905245400034,0,0.0,2800.0,51.25,335.640625
exp2_2.00x,104.22959384400747,0,81.90356903084128,2800.0,53.45,376.609375
exp2_2.00x,104.73032052899362,0,99.83161382144382,2800.0,52.9,335.640625
exp2_2.00x,105.23171126600937,0,101.71418030205865,2800.0,52.35,335.640625
exp2_2.00x,105.73285356000997,0,99.79905659555271,2800.0,52.35,335.640625
exp2_2.00x,106.23356185699231,0,99.85857050843089,2800.0,52.9,335.640625
exp2_2.00x,106.73424828398856,0,99.83529033855002,2800.0,52.9,335.640625
exp2_2.00x,107.23543615298695,0,99.78186964857696,2800.0,52.35,335.640625
exp2_2.00x,107.73891689701122,0,99.30323625977854,2800.0,52.9,335.640625
exp2_2.00x,108.23979241700727,0,99.81249285079225,2800.0,53.45,335.640625
exp2_2.00x,108.74100815600832,0,99.77762918967495,2800.0,52.35,335.640625
exp2_2.00x,109.2417817869864,0,99.85072277092381,2800.0,51.8,335.640625
exp2_2.00x,109.74252864098526,0,99.85334838558424,2800.0,52.35,335.640625
exp2_2.00x,110.24318279200816,0,101.86303882446246,2800.0,51.8,335.640625
exp2_2.00x,110.74384710998856,0,99.8706854403386,2800.0,52.35,335.640625
exp2_2.00x,111.24446466899826,0,37.95918931628749,2800.0,50.7,335.640625
exp2_2.00x,111.7448581919889,0,0.0,2800.0,51.8,335.640625
exp2_2.00x,112.24535819599987,0,0.0,2800.0,50.7,335.640625
exp2_2.00x,112.74592903399025,0,55.92728167155848,2800.0,52.35,376.609375
exp2_2.00x,113.24671433400363,0,99.84436041464882,2800.0,51.8,335.640625
exp2_2.00x,113.7508429849986,0,99.19075362647624,2800.0,50.7,335.640625
exp2_2.00x,114.25141167500988,0,99.88656102709429,2800.0,52.9,335.640625
exp2_2.00x,114.75202538300073,0,99.87734602839305,2800.0,52.9,335.640625
exp2_2.00x,115.25259416698827,0,99.88654266937665,2800.0,51.8,335.640625
exp2_2.00x,115.75316222800757,0,99.88673842536764,2800.0,50.7,335.640625
exp2_2.00x,116.25373045599554,0,99.8862357753329,2800.0,52.9,335.640625
exp2_2.00x,116.75435049799853,0,99.87601191664956,2800.0,51.25,335.640625
exp2_2.00x,117.25498252300895,0,99.8429386726106,2800.0,52.35,335.640625
exp2_2.00x,117.75615222999477,0,99.78942893550423,2800.0,51.8,335.640625
exp2_2.00x,118.25683206898975,0,99.86820971558592,2800.0,51.8,335.640625
exp2_2.00x,118.75752946399734,0,99.83638553735165,2800.0,52.35,335.640625
exp2_2.00x,119.2587525039853,0,99.76424531675318,2800.0,52.35,335.640625
exp2_2.00x,119.75961473200005,0,73.89789675252732,2800.0,52.9,335.640625
exp2_2.00x,120.25998855600483,0,0.0,2800.0,50.7,335.640625
exp2_2.00x,120.76051684099366,0,0.0,2800.0,50.7,335.640625
exp2_2.00x,121.26104627599125,0,27.968918812278286,2800.0,52.35,345.140625
exp2_2.00x,121.7616530059895,0,99.87591935204829,2800.0,53.45,335.640625
exp2_2.00x,122.26239012400038,0,99.85188111416504,2800.0,51.25,335.640625
exp2_2.00x,122.76308459500433,0,101.8420452292474,2800.0,53.45,335.640625
exp2_2.00x,123.26388915799907,0,99.85363154920859,2800.0,51.25,335.640625
exp2_2.00x,123.7645596479997,0,99.86833857896609,2800.0,51.8,335.640625
exp2_2.00x,124.265832709003,0,99.72090969049367,2800.0,52.35,335.640625
exp2_2.00x,124.76710073300637,0,101.76800924208861,2800.0,51.8,335.640625
exp2_2.00x,125.26773868699092,0,99.84319267172128,2800.0,52.35,335.640625
exp2_2.00x,125.76897924800869,0,99.77580994060936,2800.0,52.35,335.640625
exp2_2.00x,126.27085462099058,0,99.62010371629331,2800.0,52.35,335.640625
exp2_2.00x,126.77161207498284,0,99.85745348665996,2800.0,53.45,335.640625
exp2_2.00x,127.2724213800102,0,99.84132437466518,2800.0,52.35,335.640625
exp2_2.00x,127.77306361298542,0,99.87012609702671,2800.0,54.0,335.640625
exp2_2.00x,128.27370860500378,0,95.89597913690942,2800.0,52.9,335.640625
exp2_2.00x,128.77406506199623,0,0.0,2800.0,50.7,335.640625
exp2_2.00x,129.274577573,0,0.0,2800.0,51.25,335.640625
exp2_2.00x,129.81998964198283,0,9.163693929141148,2800.0,51.25,335.640625
exp2_2.00x,130.32119829798467,0,99.77262736319318,2800.0,52.9,376.609375
exp2_2.00x,130.82200782798463,0,99.84958737746426,2800.0,51.25,335.640625
exp2_2.00x,131.32272878300864,0,101.82458048086758,2800.0,53.45,335.640625
exp2_2.00x,131.82393532898277,0,99.78918058878644,2800.0,52.9,335.640625
exp2_2.00x,132.3246021560044,0,99.86749919940446,2800.0,51.8,335.640625
exp2_2.00x,132.82526103899,0,99.85863492474004,2800.0,52.9,335.640625
exp2_2.00x,133.3260691059986,0,99.84422204457782,2800.0,53.45,335.640625
exp2_2.00x,133.8268346549885,0,101.84027798691933,2800.0,52.9,335.640625
exp2_2.00x,134.32758068598923,0,99.85329453882795,2800.0,52.9,335.640625
exp2_2.00x,134.82839442099794,0,99.83089883694741,2800.0,52.9,335.640625
exp2_2.00x,135.3291929329862,0,99.85230107137104,2800.0,52.9,335.640625
exp2_2.00x,135.82987979898462,0,99.83825224550073,2800.0,51.25,335.640625
exp2_2.00x,136.33128966001095,0,99.74208333143321,2800.0,52.9,335.640625
exp2_2.00x,136.83201313699828,0,99.85395899143475,2800.0,52.9,335.640625
exp2_2.00x,137.33276705798926,0,19.972299339871793,2800.0,52.35,335.640625
exp2_2.00x,137.8332817949995,0,0.0,2800.0,50.7,335.640625
exp2_2.00x,138.3337792000093,0,1.9980512446119028,2800.0,51.8,335.640625
exp2_2.00x,138.83428160400945,0,81.90963287178717,2800.0,52.35,376.609375
exp2_2.00x,139.33496628599823,0,101.85985286057834,2800.0,51.25,335.640625
exp2_2.00x,139.83558393100975,0,99.87445481383494,2800.0,51.8,335.640625
exp2_2.00x,140.33622750200448,0,99.87568493363077,2800.0,52.9,335.640625
exp2_2.00x,140.8370859049901,0,99.82284121283551,2800.0,52.9,335.640625
exp2_2.00x,141.33785393901053,0,99.84854513285084,2800.0,51.8,335.640625
exp2_2.00x,141.8386102319928,0,99.84913973271597,2800.0,53.45,335.640625
exp2_2.00x,142.33939008100424,0,99.84338685942164,2800.0,50.7,335.640625
exp2_2.00x,142.84145820100093,0,99.59184513453532,2800.0,54.0,335.640625
exp2_2.00x,143.342118681001,0,99.8663201406934,2800.0,52.35,335.640625
exp2_2.00x,143.84298430700437,0,101.82255769909251,2800.0,52.9,335.640625
exp2_2.00x,144.34368575000553,0,99.83460042199656,2800.0,53.45,335.640625
exp2_2.00x,144.8449187829974,0,99.76794793391896,2800.0,52.9,335.640625
exp2_2.00x,145.34578305800096,0,99.83981301223298,2800.0,53.45,335.640625
exp2_2.00x,145.84642739099218,0,49.94339754792261,2800.0,52.35,335.640625
exp2_2.00x,146.34684311400633,0,0.0,2800.0,52.35,335.640625
exp2_2.00x,146.84719917099574,0,0.0,2800.0,50.15,335.640625
exp2_2.00x,147.3477347829903,0,55.92990528642394,2800.0,52.9,376.609375
exp2_2.00x,147.84859417000553,0,99.83557460070514,2800.0,52.9,335.640625
exp2_2.00x,148.34926802199334,0,99.86351254523869,2800.0,54.0,335.640625
exp2_2.00x,148.850003317988,0,99.85719682052905,2800.0,54.0,335.640625
exp2_2.00x,149.3506500789954,0,99.86530746619223,2800.0,53.45,335.640625
exp2_2.00x,149.85138028298388,0,99.83213047139512,2800.0,52.35,335.640625
exp2_2.00x,150.35255024398793,0,99.78970636933543,2800.0,54.0,335.640625
exp2_2.00x,150.85340172500582,0,99.83724293083259,2800.0,51.8,335.640625
exp2_2.00x,151.35419422600535,0,101.8356258942659,2800.0,52.35,335.640625
exp2_2.00x,151.85487528299564,0,99.8655621770556,2800.0,53.45,335.640625
exp2_2.00x,152.3556353400054,0,99.84864762234892,2800.0,54.0,335.640625
exp2_2.00x,152.85631704499247,0,99.83753836690073,2800.0,52.35,335.640625
exp2_2.00x,153.3573897680035,0,99.798325949198,2800.0,52.35,335.640625
exp2_2.00x,153.85819187999004,0,99.84587092247607,2800.0,51.8,335.640625
exp2_2.00x,154.3589681419835,0,73.90218868041136,2800.0,53.45,335.640625
exp2_2.00x,154.85935612700996,0,0.0,2800.0,52.35,335.640625
exp2_2.00x,155.35983409400797,0,0.0,2800.0,50.7,335.640625
exp2_2.00x,155.86039124600939,0,29.965312155638294,2800.0,51.25,345.140625
exp2_2.00x,156.36100034299307,0,97.87983195262949,2800.0,53.45,335.640625
exp2_2.00x,156.8616356799903,0,99.87106944385508,2800.0,50.7,335.640625
exp2_2.00x,157.36234007199528,0,99.84704092157693,2800.0,52.35,335.640625
exp2_2.00x,157.8632161860005,0,103.8302101987836,2800.0,53.45,335.640625
exp2_2.00x,158.3639183199848,0,99.85353982119746,2800.0,52.35,335.640625
exp2_2.00x,158.86467165700742,0,99.85457399246238,2800.0,52.9,335.640625
exp2_2.00x,159.36546323500806,0,99.83796976669201,2800.0,54.0,335.640625
exp2_2.00x,159.86630355400848,0,99.83632293667625,2800.0,54.0,335.640625
exp2_2.00x,160.36698853998678,0,99.86408039419257,2800.0,53.45,335.640625
exp2_2.00x,160.86766973001068,0,99.86109222114244,2800.0,52.35,335.640625
exp2_2.00x,161.3684890870063,0,99.84162801619333,2800.0,52.35,335.640625
exp2_2.00x,161.86913216600078,0,99.86974647819612,2800.0,52.9,335.640625
exp2_2.00x,162.36981091299094,0,99.84902368592265,2800.0,52.9,335.640625
exp2_2.00x,162.87096756399842,0,93.81482267186851,2800.0,52.35,335.640625
exp2_2.00x,163.37132181299967,0,0.0,2800.0,50.15,335.640625
exp2_2.00x,163.87180539401015,0,0.0,2800.0,51.8,335.640625
exp2_2.00x,164.37562156800414,0,10.858864337529996,2800.0,51.25,335.640625
exp2_2.00x,164.9255514969991,0,99.74080257804502,2800.0,52.35,376.609375
exp2_2.00x,165.42637833600747,0,101.84480969507082,2800.0,51.25,335.640625
exp2_2.00x,165.92702812099014,0,99.8527234232065,2800.0,54.0,335.640625
exp2_2.00x,166.42786057200283,0,99.84514238161509,2800.0,54.0,335.640625
exp2_2.00x,166.9286622829968,0,99.84421208143686,2800.0,52.35,335.640625
exp2_2.00x,167.42941651199362,0,99.84529390911457,2800.0,54.0,335.640625
exp2_2.00x,167.93012868700316,0,99.86399841670342,2800.0,52.9,335.640625
exp2_2.00x,168.43083369499072,0,101.83714590586563,2800.0,52.9,335.640625
exp2_2.00x,168.93170701700728,0,99.84028728662378,2800.0,54.0,335.640625
exp2_2.00x,169.4323683590046,0,99.87004131128974,2800.0,52.35,335.640625
exp2_2.00x,169.93304145999718,0,99.85264545725538,2800.0,53.45,335.640625
exp2_2.00x,170.4339141160017,0,99.8075032651707,2800.0,52.35,335.640625
exp2_2.00x,170.93520845499006,0,99.77067749453823,2800.0,52.9,335.640625
exp2_2.00x,171.4359848150052,0,99.84821792923887,2800.0,53.45,335.640625
exp2_2.00x,171.93677271300112,0,13.979043596608832,2800.0,51.8,335.640625
exp2_2.00x,172.43728727899725,0,0.0,2800.0,50.7,335.640625
exp2_2.00x,172.9378055119887,0,0.0,2800.0,51.25,335.640625
exp2_2.00x,173.43831663398305,0,81.90708836824656,2800.0,52.9,376.59375
exp2_2.00x,173.93901338501018,0,101.85807563959659,2800.0,54.0,335.625
exp2_2.00x,174.43966191398795,0,99.8724459113117,2800.0,52.35,335.625
exp2_2.00x,174.94029029499507,0,99.87035130475961,2800.0,52.35,335.625
exp2_2.00x,175.44106493500294,0,99.84695857745898,2800.0,52.35,335.625
exp2_2.00x,175.94173590900027,0,99.86867408858883,2800.0,52.9,335.625
exp2_2.00x,176.44238029100234,0,99.86602573593296,2800.0,52.35,335.625
exp2_2.00x,176.94309759899625,0,101.85426691388265,2800.0,53.45,335.625
exp2_2.00x,177.4437784620095,0,99.86725544491377,2800.0,54.0,335.625
exp2_2.00x,177.94451760299853,0,99.85193575448218,2800.0,52.35,335.625
exp2_2.00x,178.44517259698478,0,99.86977859485458,2800.0,54.0,335.625
exp2_2.00x,178.94582923900452,0,99.86494684329736,2800.0,53.45,335.625
exp2_2.00x,179.44654408399947,0,99.85096444833607,2800.0,52.9,335.625
exp2_2.00x,179.94733198499307,0,99.83617761522571,2800.0,52.35,335.625
exp3_1.50x,0.5004147370054852,0,97.8828858646064,2800.0,54.55,360.15625
exp3_1.50x,1.001112694008043,0,99.87485062132274,2800.0,53.45,336.703125
exp3_1.50x,1.501722597022308,0,99.87165852940485,2800.0,53.45,337.59375
exp3_1.50x,2.0024029620108195,0,99.85857908140218,2800.0,54.0,338.390625
exp3_1.50x,2.5031641600071453,0,99.85461647084824,2800.0,54.55,339.21875
exp3_1.50x,3.0038093040056992,0,101.86762953194517,2800.0,52.35,339.875
exp3_1.50x,3.5044433000148274,0,97.87737140178525,2800.0,52.35,340.765625
exp3_1.50x,4.005099369009258,0,99.86850354106551,2800.0,53.45,341.5
exp3_1.50x,4.505786624009488,0,99.83481869912453,2800.0,54.0,342.25
exp3_1.50x,5.006753674009815,0,99.83295091849187,2800.0,52.35,343.265625
exp3_1.50x,5.5073959110013675,0,103.86841492295359,2800.0,54.55,343.59375
exp3_1.50x,6.0080811670050025,0,99.8588409437227,2800.0,52.9,344.203125
exp3_1.50x,6.508747534011491,0,99.87438458838054,2800.0,52.9,345.34375
exp3_1.50x,7.009401698014699,0,97.85987991589099,2800.0,53.45,346.09375
exp3_1.50x,7.5102467680117115,0,27.95889952375788,2800.0,53.45,346.09375
exp3_1.50x,8.010697766003432,0,0.0,2800.0,52.35,346.09375
exp3_1.50x,8.511150154023198,0,0.0,2800.0,51.25,346.09375
exp3_1.50x,9.011693356005708,0,0.0,2800.0,52.35,346.09375
exp3_1.50x,9.512199558026623,0,0.0,2800.0,50.7,346.09375
exp3_1.50x,10.012698020000244,0,0.0,2800.0,51.25,346.09375
exp3_1.50x,10.513160130009055,0,0.0,2800.0,51.8,346.09375
exp3_1.50x,11.013680315023521,0,0.0,2800.0,50.7,346.09375
exp3_1.50x,11.514103666006122,0,0.0,2800.0,51.8,346.09375
exp3_1.50x,12.014633592014434,0,95.88659473064999,2800.0,51.8,387.0625
exp3_1.50x,12.515305461012758,0,99.86571416709556,2800.0,52.9,347.015625
exp3_1.50x,13.01597347902134,0,99.86856199055107,1800.0,52.35,347.015625
exp3_1.50x,13.516729403025238,0,99.84871102771194,2800.0,51.8,347.015625
exp3_1.50x,14.017405810009222,0,101.83724168671685,2800.0,52.9,347.015625
exp3_1.50x,14.518528937012888,0,99.80153586166622,2800.0,54.0,347.015625
exp3_1.50x,15.019210529018892,0,99.83213446264834,2800.0,53.45,347.015625
exp3_1.50x,15.520296341012,0,99.81269986821795,2800.0,54.0,347.015625
exp3_1.50x,16.020991323021008,0,99.85941632011071,2800.0,52.35,347.015625
exp3_1.50x,16.52167421201011,0,99.86800405851731,2800.0,54.0,347.015625
exp3_1.50x,17.022328917024424,0,99.86445796722492,2800.0,52.9,347.015625
exp3_1.50x,17.523133805021644,0,99.84114534475827,2800.0,53.45,347.015625
exp3_1.50x,18.02381532502477,0,101.86461419086557,2800.0,54.55,347.015625
exp3_1.50x,18.524472493008943,0,99.8644320363073,2800.0,54.55,347.015625
exp3_1.50x,19.025157660013065,0,37.955774310832574,2800.0,51.8,347.03125
exp3_1.50x,19.52555733002373,0,0.0,2800.0,50.15,347.03125
exp3_1.50x,20.026045666018035,0,0.0,2800.0,50.7,347.03125
exp3_1.50x,20.526455206010723,0,0.0,2800.0,50.7,347.03125
exp3_1.50x,21.026980913011357,0,0.0,2800.0,50.7,347.03125
exp3_1.50x,21.527530360006494,0,0.0,2800.0,51.25,347.03125
exp3_1.50x,22.028035790019203,0,0.0,2800.0,50.15,347.03125
exp3_1.50x,22.52852690400323,0,0.0,2800.0,51.8,347.03125
exp3_1.50x,23.029043334012385,0,0.0,1700.0,49.05,347.03125
exp3_1.50x,23.529862538998714,0,91.80805982582898,2800.0,52.9,388.0
exp3_1.50x,24.031262409000192,0,99.73174036965372,2800.0,52.35,347.03125
exp3_1.50x,24.532456483022543,0,99.79362279438361,2800.0,52.9,347.03125
exp3_1.50x,25.035526268999092,0,99.36145401088228,2800.0,52.9,347.03125
exp3_1.50x,25.53670106601203,0,99.7901594573865,2800.0,52.9,347.03125
exp3_1.50x,26.037358811008744,0,99.87019371555488,2800.0,51.8,347.03125
exp3_1.50x,26.537994500016794,0,99.87502977212722,2800.0,52.9,347.03125
exp3_1.50x,27.03863844901207,0,99.84965876352636,2800.0,53.45,347.03125
exp3_1.50x,27.53950110101141,0,99.84762812786104,2800.0,51.25,347.03125
exp3_1.50x,28.040153457026463,0,99.86727559519345,2800.0,52.9,347.03125
exp3_1.50x,28.540806480014,0,99.87422758447876,2800.0,52.35,347.03125
exp3_1.50x,29.041437060019234,0,99.86788876321015,2800.0,51.8,347.03125
exp3_1.50x,29.542146620020503,0,101.85824998588622,2800.0,51.8,347.03125
exp3_1.50x,30.04282736600726,0,99.83341775992477,2800.0,52.35,347.046875
exp3_1.50x,30.54405433102511,0,47.90466760252348,2800.0,51.25,347.5
exp3_1.50x,31.044527968013426,0,0.0,2800.0,50.7,347.5
exp3_1.50x,31.54506534500979,0,0.0,2800.0,51.8,347.5
exp3_1.50x,32.04557274101535,0,0.0,2800.0,50.15,347.5
exp3_1.50x,32.54599537802278,0,0.0,2800.0,50.15,347.5
exp3_1.50x,33.04650840401882,0,0.0,2800.0,50.7,347.5
exp3_1.50x,33.547056039999006,0,0.0,1500.0,50.15,347.5
exp3_1.50x,34.04780878699967,0,0.0,1500.0,49.6,347.5
exp3_1.50x,34.54850168302073,0,0.0,1500.0,50.7,347.5
exp3_1.50x,35.049268856004346,0,87.8574323367968,2800.0,53.45,388.46875
exp3_1.50x,35.5500584920228,0,99.83988517921301,2800.0,52.35,347.5
exp3_1.50x,36.05089083200437,0,99.83044956142781,2800.0,51.25,347.5
exp3_1.50x,36.55176215301617,0,99.83995156735672,2800.0,52.35,347.5
exp3_1.50x,37.05245827202452,0,99.82944558474348,2800.0,52.35,347.5
exp3_1.50x,37.553939683013596,0,99.73368055303115,2800.0,51.8,347.5
exp3_1.50x,38.05469409801299,0,99.84300107269272,2800.0,51.25,347.5
exp3_1.50x,38.55546056901221,0,101.84907312001374,2800.0,53.45,347.5
exp3_1.50x,39.05620985501446,0,99.82546655046339,2800.0,52.35,347.5
exp3_1.50x,39.55738437900436,0,99.78590255809581,2800.0,52.9,347.5
exp3_1.50x,40.058268072025385,0,99.82995485079965,2800.0,52.9,347.5
exp3_1.50x,40.558967284014216,0,99.83573885701252,2800.0,52.9,347.5
exp3_1.50x,41.060172142024385,0,101.77803594676429,2800.0,52.9,347.5
exp3_1.50x,41.560908448009286,0,99.85961017041792,2800.0,53.45,347.5
exp3_1.50x,42.06914563602186,0,49.19399970377587,2800.0,52.35,347.5
exp3_1.50x,42.56961955502629,0,0.0,2800.0,50.7,347.5
exp3_1.50x,43.07010367701878,0,0.0,2800.0,51.25,347.5
exp3_1.50x,43.57050724400324,0,1.9982016504146354,2800.0,51.8,347.5
exp3_1.50x,44.071025311015546,0,0.0,2800.0,51.25,347.5
exp3_1.50x,44.571406508010114,0,0.0,2800.0,50.15,347.5
exp3_1.50x,45.07192316700821,0,0.0,1500.0,49.6,347.5
exp3_1.50x,45.57265753002139,0,0.0,2800.0,49.05,347.5
exp3_1.50x,46.073175579018425,0,0.0,2800.0,50.15,347.5
exp3_1.50x,46.573564295016695,0,83.91996318270735,2800.0,50.7,388.46875
exp3_1.50x,47.0742162509996,0,101.8602265818068,2800.0,51.8,347.5
exp3_1.50x,47.57491494700662,0,99.86386857188062,2800.0,52.9,347.5
exp3_1.50x,48.07560734800063,0,99.8638129200564,2800.0,51.8,347.5
exp3_1.50x,48.57624321102048,0,99.87026612966018,2800.0,52.35,347.5
exp3_1.50x,49.07725062902318,0,99.79479774300529,2800.0,52.9,347.5
exp3_1.50x,49.57797854801174,0,99.86585917979474,2800.0,51.8,347.5
exp3_1.50x,50.07859046800877,0,99.84585796474288,2800.0,52.9,347.5
exp3_1.50x,50.57976203400176,0,101.78552812461147,2800.0,52.9,347.5
exp3_1.50x,51.08046397200087,0,99.86020429840741,2800.0,53.45,347.5
exp3_1.50x,51.58122920701862,0,99.84308122273595,2800.0,54.0,347.5
exp3_1.50x,52.08198858902324,0,99.85457958156887,2800.0,54.0,347.5
exp3_1.50x,52.58266301002004,0,99.86490255655659,2800.0,53.45,347.5
exp3_1.50x,53.08334385702619,0,101.83095410112753,2800.0,52.9,347.5
exp3_1.50x,53.58452962600859,0,39.92125373053864,2800.0,51.8,347.5
exp3_1.50x,54.08504790000734,0,0.0,2800.0,50.15,347.5
exp3_1.50x,54.58558148902375,0,0.0,2800.0,50.15,347.5
exp3_1.50x,55.08607530102017,0,0.0,2800.0,50.15,347.5
exp3_1.50x,55.58649409402278,0,0.0,2800.0,49.05,347.5
exp3_1.50x,56.08700155399856,0,0.0,2800.0,50.7,347.5
exp3_1.50x,56.587556532002054,0,0.0,2800.0,50.7,347.5
exp3_1.50x,57.088061733025825,0,0.0,2800.0,51.8,347.5
exp3_1.50x,57.58857432199875,0,0.0,2800.0,50.7,347.5
exp3_1.50x,58.089090950001264,0,83.89922209974104,2800.0,52.35,388.46875
exp3_1.50x,58.590332276013214,0,99.75845266510902,2800.0,51.8,347.5
exp3_1.50x,59.090973811020376,0,99.86775731179071,2800.0,51.8,347.5
exp3_1.50x,59.59173212200403,0,97.85576119569033,2800.0,52.9,347.5
exp3_1.50x,60.09237823000876,0,99.86935670250794,2800.0,52.35,347.5
exp3_1.50x,60.59303285801434,0,99.87135510579019,2800.0,52.9,347.5
exp3_1.50x,61.09366474402486,0,99.87271821580407,2800.0,52.9,347.5
exp3_1.50x,61.59430416801479,0,101.86339019251528,2800.0,52.35,347.5
exp3_1.50x,62.09501575800823,0,99.86237905509714,2800.0,51.8,347.5
exp3_1.50x,62.5957110710151,0,99.85950925462974,2800.0,51.25,347.5
exp3_1.50x,63.096400310023455,0,99.862637344185,2800.0,53.45,347.5
exp3_1.50x,63.59709306800505,0,99.83830687090308,2800.0,52.35,347.5
exp3_1.50x,64.09823882300407,0,99.77261163159915,2800.0,51.8,347.5
exp3_1.50x,64.59940354101127,0,101.78463572121596,2800.0,51.8,347.5
exp3_1.50x,65.10004331800155,0,61.9341938051521,2800.0,51.25,347.5
exp3_1.50x,65.60042426301516,0,0.0,2800.0,51.8,347.5
exp3_1.50x,66.10091409701272,0,0.0,2800.0,51.25,347.5
exp3_1.50x,66.60144961500191,0,0.0,2800.0,51.25,347.5
exp3_1.50x,67.10195320899948,0,0.0,2800.0,50.15,347.5
exp3_1.50x,67.60241513501387,0,0.0,2800.0,50.7,347.5
exp3_1.50x,68.10294652500306,0,0.0,2800.0,51.25,347.5
exp3_1.50x,68.60349154402502,0,0.0,2800.0,50.7,347.5
exp3_1.50x,69.10399950901046,0,0.0,2800.0,49.6,347.5
exp3_1.50x,69.60454788000789,0,79.89856126524997,2800.0,52.35,388.46875
exp3_1.50x,70.10649354002089,0,99.59276280504204,2800.0,52.35,347.5
exp3_1.50x,70.61147188700852,0,101.02613893404971,2800.0,52.9,347.5
exp3_1.50x,71.1120980179985,0,99.87381842212375,2800.0,51.25,347.5
exp3_1.50x,71.61289538801066,0,99.83602492024646,2800.0,52.35,347.5
exp3_1.50x,72.11356535300729,0,99.86771921108846,2800.0,52.9,347.5
exp3_1.50x,72.61424115000409,0,99.86669992504994,2800.0,51.25,347.5
exp3_1.50x,73.11488704101066,0,99.87020907734541,2800.0,52.9,347.5
exp3_1.50x,73.61563100499916,0,99.8409569506356,2800.0,53.45,347.5
exp3_1.50x,74.11646209901664,0,99.84269563565284,2800.0,51.25,347.5
exp3_1.50x,74.6171219900134,0,99.8631427578466,2800.0,52.9,347.5
exp3_1.50x,75.11790952901356,0,101.83382186445878,2800.0,52.9,347.5
exp3_1.50x,75.61886915902141,0,97.82258602415274,2800.0,52.35,347.5
exp3_1.50x,76.11957193902344,0,99.86081559178493,2800.0,51.8,347.5
exp3_1.50x,76.62021525701857,0,51.94185753203215,2800.0,50.7,347.5
exp3_1.50x,77.12065059502493,0,0.0,2800.0,51.25,347.5
exp3_1.50x,77.62113143200986,0,1.9980453042566801,2800.0,51.8,347.5
exp3_1.50x,78.12161899200873,0,0.0,2800.0,51.8,347.5
exp3_1.50x,78.62210660701385,0,0.0,2800.0,50.7,347.5
exp3_1.50x,79.12262407501112,0,0.0,2800.0,51.25,347.5
exp3_1.50x,79.6230353389983,0,0.0,2800.0,51.25,347.5
exp3_1.50x,80.12354365902138,0,0.0,2800.0,50.7,347.5
exp3_1.50x,80.62402525701327,0,0.0,1500.0,50.15,347.5
exp3_1.50x,81.12480709402007,0,75.87864697860495,2800.0,51.25,388.46875
exp3_1.50x,81.625539820001,0,99.82932818570318,2800.0,52.35,347.5
exp3_1.50x,82.12672363599995,0,99.76298131004701,2800.0,51.8,347.5
exp3_1.50x,82.62802648902289,0,99.76170958425736,2800.0,52.35,347.5
exp3_1.50x,83.12887432600837,0,99.83573985489792,2800.0,52.9,347.5
exp3_1.50x,83.62966068301466,0,99.84417937774533,2800.0,51.8,347.5
exp3_1.50x,84.13033466902561,0,99.84093761168755,2800.0,51.25,347.5
exp3_1.50x,84.63151580101112,0,99.76316922462996,2800.0,53.45,347.5
exp3_1.50x,85.13269650802249,0,99.78783190673407,2800.0,52.9,347.5
exp3_1.50x,85.63335771701531,0,99.86373653313802,2800.0,51.8,347.5
exp3_1.50x,86.13420029601548,0,99.8139681216755,2800.0,51.8,347.5
exp3_1.50x,86.63534559600521,0,101.77638527089077,2800.0,52.35,347.5
exp3_1.50x,87.13613662001444,0,99.84714759774226,2800.0,51.8,347.5
exp3_1.50x,87.63693649601191,0,99.8460140844713,2800.0,51.8,347.5
exp3_1.50x,88.13758244700148,0,79.91357682288738,2800.0,50.7,347.5
exp3_1.50x,88.63794301101007,0,0.0,2800.0,50.15,347.5
exp3_1.50x,89.13845055599813,0,0.0,2800.0,50.7,347.5
exp3_1.50x,89.6389714340039,0,0.0,2800.0,50.15,347.5
exp3_1.50x,90.13945323802182,0,0.0,2800.0,50.15,347.5
exp3_1.50x,90.63982015501824,0,0.0,2800.0,50.15,347.5
exp3_1.50x,91.14033058899804,0,0.0,1500.0,51.25,347.5
exp3_1.50x,91.64108968901564,0,0.0,1500.0,50.15,347.5
exp3_1.50x,92.14183008502005,0,0.0,1500.0,49.6,347.5
exp3_1.50x,92.64257375901798,0,71.89095895525304,2800.0,51.25,388.46875
exp3_1.50x,93.14318145302241,0,99.87534657828134,2800.0,51.25,347.5
exp3_1.50x,93.64429325499805,0,99.77928323436359,2800.0,51.25,347.5
exp3_1.50x,94.14495991100557,0,99.86867109876272,2800.0,51.25,347.5
exp3_1.50x,94.64560984601849,0,99.86598923297521,2800.0,53.45,347.5
exp3_1.50x,95.14632837302634,0,97.84962156877783,2800.0,54.0,347.5
exp3_1.50x,95.64724019501591,0,101.79534473741658,2800.0,53.45,347.5
exp3_1.50x,96.14850383100566,0,99.77571775287286,2800.0,52.35,347.5
exp3_1.50x,96.65150440100115,0,99.40806612420683,2800.0,52.35,347.5
exp3_1.50x,97.15217041000142,0,97.87188394222288,2800.0,52.35,347.5
exp3_1.50x,97.6528515680111,0,99.83565772667504,2800.0,52.9,347.5
exp3_1.50x,98.15414363000309,0,99.7589403011081,2800.0,54.0,347.5
exp3_1.50x,98.65494460202171,0,99.84569586860123,2800.0,52.35,347.5
exp3_1.50x,99.15567294502398,0,99.85642683005287,2800.0,54.0,347.5
exp3_1.50x,99.6563865840144,0,99.83073698080887,2800.0,52.35,347.5
exp3_1.50x,100.15752094401978,0,7.984531742599677,2800.0,50.7,347.5
exp3_1.50x,100.65859152600751,0,0.0,2800.0,52.35,347.5
exp3_1.50x,101.1591496480105,0,0.0,2800.0,50.7,347.5
exp3_1.50x,101.65971940002055,0,0.0,2800.0,51.25,347.5
exp3_1.50x,102.16027056000894,0,0.0,2800.0,51.25,347.5
exp3_1.50x,102.66105057101231,0,1.996815331225041,1900.0,49.05,347.5
exp3_1.50x,103.16173056300613,0,0.0,1700.0,50.7,347.5
exp3_1.50x,103.66245737101417,0,0.0,2800.0,50.7,347.5
exp3_1.50x,104.16302045702469,0,69.9186673862107,2800.0,52.35,388.46875
exp3_1.50x,104.66749885500758,0,99.11033607245795,2800.0,53.45,347.5
exp3_1.50x,105.16810790399904,0,99.88092096628374,2800.0,52.35,347.5
exp3_1.50x,105.66868887899909,0,99.88731731749677,2800.0,53.45,347.5
exp3_1.50x,106.16924278100487,0,99.88718780694722,2800.0,52.35,347.5
exp3_1.50x,106.66982001601718,0,97.88751745756024,2800.0,51.8,347.5
exp3_1.50x,107.1703943440225,0,101.88155820485328,2800.0,52.35,347.5
exp3_1.50x,107.6709765609994,0,99.88437564078015,2800.0,52.35,347.5
exp3_1.50x,108.17156207401422,0,97.88068071280885,2800.0,52.9,347.5
exp3_1.50x,108.67221355001675,0,99.86996311509503,2800.0,52.35,347.5
exp3_1.50x,109.17288680400816,0,99.84559557862292,2800.0,52.9,347.5
exp3_1.50x,109.67405535100261,0,99.78069818595522,2800.0,52.35,347.5
exp3_1.50x,110.17515876999823,0,99.7828776468988,2800.0,52.9,347.5
exp3_1.50x,110.67587396802264,0,101.8553666021805,2800.0,52.35,347.5
exp3_1.50x,111.1765379080025,0,99.86318084925215,2800.0,53.45,347.5
exp3_1.50x,111.6772667550249,0,3.994801030318582,2800.0,52.35,347.5
exp3_1.50x,112.177786492015,0,0.0,2800.0,51.8,347.5
exp3_1.50x,112.6782916180091,0,0.0,2800.0,50.7,347.5
exp3_1.50x,113.178685004008,0,0.0,2800.0,50.7,347.5
exp3_1.50x,113.6791144090239,0,0.0,2800.0,50.15,347.5
exp3_1.50x,114.17952459200751,0,1.9982055473924745,2800.0,50.15,347.5
exp3_1.50x,114.68004936701618,0,0.0,2800.0,50.15,347.5
exp3_1.50x,115.18052058701869,0,0.0,2800.0,50.15,347.5
exp3_1.50x,115.6809293620172,0,65.9152676378602,2800.0,51.8,388.46875
exp3_1.50x,116.18210043001454,0,99.78694847990545,2800.0,52.9,347.5
exp3_1.50x,116.68284189002588,0,99.85225261726863,2800.0,52.35,347.5
exp3_1.50x,117.18352427601349,0,99.86456946393861,2800.0,51.8,347.5
exp3_1.50x,117.68429462402128,0,99.84817964033547,2800.0,52.9,347.5
exp3_1.50x,118.184981066006,0,97.86445831663715,2800.0,51.8,347.5
exp3_1.50x,118.68564802600304,0,99.8712553622546,2800.0,51.8,347.5
exp3_1.50x,119.18626813500305,0,99.87670440889525,2800.0,51.8,347.5
exp3_1.50x,119.68691155902343,0,99.8654077899686,2800.0,52.35,347.5
exp3_1.50x,120.18783983401954,0,101.81140455820511,2800.0,52.35,347.5
exp3_1.50x,120.68854992400156,0,99.85249609540115,2800.0,52.35,347.5
exp3_1.50x,121.18937955101137,0,97.84565435012263,2800.0,52.35,347.5
exp3_1.50x,121.69003647501813,0,101.87006310471996,2800.0,52.9,347.5
exp3_1.50x,122.19068708500708,0,97.86826598667291,2800.0,52.35,347.5
exp3_1.50x,122.69144699102617,0,79.89567717840532,2800.0,52.9,347.5
exp3_1.50x,123.19179095400614,0,0.0,2800.0,51.8,347.5
exp3_1.50x,123.69213321400457,0,0.0,2800.0,52.35,347.5
exp3_1.50x,124.19263236300321,0,0.0,2800.0,50.7,347.5
exp3_1.50x,124.69315115900827,0,0.0,2800.0,50.15,347.5
exp3_1.50x,125.19361175200902,0,0.0,2800.0,49.6,347.5
exp3_1.50x,125.6940972340235,0,0.0,2800.0,49.6,347.5
exp3_1.50x,126.19453336502193,0,0.0,2800.0,50.15,347.5
exp3_1.50x,126.6950487360009,0,0.0,2800.0,51.25,347.5
exp3_1.50x,127.19558538502315,0,61.9237122170976,2800.0,52.9,388.46875
exp3_1.50x,127.69946681201691,0,101.22470480256867,2800.0,51.25,347.5
exp3_1.50x,128.20012947902433,0,99.83955424358258,2800.0,52.35,347.5
exp3_1.50x,128.7017022150103,0,99.70228976007247,2800.0,52.9,347.5
exp3_1.50x,129.2024406970013,0,99.8623339811877,2800.0,51.8,347.5
exp3_1.50x,129.7030591610237,0,99.8742581073317,2800.0,51.8,347.5
exp3_1.50x,130.20393495701137,0,101.82510235514727,2800.0,52.35,347.5
exp3_1.50x,130.70467475400073,0,99.84653567088661,2800.0,52.9,347.5
exp3_1.50x,131.20533123702626,0,99.8746644863208,2800.0,52.9,347.5
exp3_1.50x,131.70596842301893,0,99.85956390329565,2800.0,51.8,347.5
exp3_1.50x,132.20681957202032,0,99.84129287974473,2800.0,51.8,347.5
exp3_1.50x,132.7074860180146,0,99.86374470645724,2800.0,52.35,347.5
exp3_1.50x,133.20817418702063,0,101.85804736840167,2800.0,52.35,347.5
exp3_1.50x,133.7089500950242,0,99.84714480070342,2800.0,52.9,347.5
exp3_1.50x,134.20973098601098,0,65.9044602847416,2800.0,52.35,347.5
exp3_1.50x,134.71022495202487,0,0.0,2800.0,51.8,347.5
exp3_1.50x,135.21073651101324,0,0.0,2800.0,52.35,347.5
exp3_1.50x,135.711125293019,0,0.0,2800.0,50.7,347.5
exp3_1.50x,136.21165551801096,0,0.0,2800.0,50.15,347.5
exp3_1.50x,136.71214148501167,0,0.0,2800.0,50.15,347.5
exp3_1.50x,137.21266487802495,0,0.0,2800.0,49.05,347.5
exp3_1.50x,137.7131627520139,0,0.0,2800.0,51.25,347.5
exp3_1.50x,138.21370516400202,0,0.0,2800.0,51.25,347.5
exp3_1.50x,138.71419911301928,0,57.93383272627013,1700.0,50.15,357.0
exp3_1.50x,139.21501248600543,0,99.83834634163726,2800.0,51.8,347.5
exp3_1.50x,139.71571161900647,0,101.86179168284811,2800.0,52.35,347.5
exp3_1.50x,140.21634919699864,0,99.86408417902253,2800.0,51.8,347.5
exp3_1.50x,140.7170857930032,0,99.8589392636129,2800.0,54.0,347.5
exp3_1.50x,141.21774553801515,0,99.87300508320546,2800.0,53.45,347.5
exp3_1.50x,141.71834841300733,0,99.868867580066,2800.0,51.8,347.5
exp3_1.50x,142.21908488002373,0,99.85375778069209,2800.0,51.8,347.5
exp3_1.50x,142.72184057702543,0,99.45409785175461,2800.0,52.35,347.5
exp3_1.50x,143.22250382302445,0,99.86863120346901,2800.0,52.9,347.5
exp3_1.50x,143.7231864570058,0,99.86364438602227,2800.0,52.9,347.5
exp3_1.50x,144.22390401700977,0,99.84761695700801,2800.0,51.25,347.5
exp3_1.50x,144.7247247620253,0,99.85091778878873,2800.0,53.45,347.5
exp3_1.50x,145.22537978601758,0,99.85357312300195,2800.0,54.0,347.5
exp3_1.50x,145.72622121701716,0,87.87880756716332,2800.0,52.9,347.6875
exp3_1.50x,146.22658461300307,0,0.0,2800.0,50.7,347.6875
exp3_1.50x,146.72705930500524,0,0.0,2800.0,51.8,347.6875
exp3_1.50x,147.22756877500797,0,0.0,2800.0,51.25,347.6875
exp3_1.50x,147.72807952199946,0,0.0,2800.0,50.15,347.6875
exp3_1.50x,148.22856404801132,0,0.0,2800.0,51.25,347.6875
exp3_1.50x,148.72905281401472,0,0.0,2000.0,50.7,347.6875
exp3_1.50x,149.2296647290059,0,0.0,1500.0,50.7,347.6875
exp3_1.50x,149.73042721601087,0,1.9969593498172595,1500.0,48.5,347.6875
exp3_1.50x,150.23119025901542,0,53.918466544875386,2800.0,50.7,357.1875
exp3_1.50x,150.7319220250065,0,101.8200715103607,2800.0,52.35,347.6875
exp3_1.50x,151.23288456801674,0,99.83554370117905,2800.0,52.35,347.6875
exp3_1.50x,151.73374831399997,0,99.8285895201532,2800.0,51.25,347.6875
exp3_1.50x,152.2344374700042,0,99.83184862475109,2800.0,53.45,347.6875
exp3_1.50x,152.73561677100952,0,101.7934411553663,2800.0,52.9,347.6875
exp3_1.50x,153.23627431501518,0,97.86558553363044,2800.0,52.9,347.6875
exp3_1.50x,153.736941879004,0,99.87006744831821,2800.0,52.35,347.6875
exp3_1.50x,154.23758672000258,0,99.8679248669839,2800.0,51.25,347.6875
exp3_1.50x,154.7382640610158,0,99.86494045773787,2800.0,51.8,347.6875
exp3_1.50x,155.2389591060055,0,99.8378617176794,2800.0,52.35,347.6875
exp3_1.50x,155.74024713001563,0,101.76176329543568,2800.0,52.35,347.6875
exp3_1.50x,156.24108921102015,0,99.83295949286612,2800.0,52.9,347.6875
exp3_1.50x,156.74174557201331,0,99.86998605317466,2800.0,53.45,347.6875
exp3_1.50x,157.2423600809998,0,91.90335681815895,2800.0,53.45,347.71875
exp3_1.50x,157.74273255400476,0,0.0,2800.0,51.8,347.71875
exp3_1.50x,158.24318243502057,0,0.0,2800.0,50.15,347.71875
exp3_1.50x,158.74363064899808,0,0.0,2800.0,50.7,347.71875
exp3_1.50x,159.2441454550135,0,0.0,2800.0,50.7,347.71875
exp3_1.50x,159.74470637302147,0,0.0,2800.0,51.25,347.71875
exp3_1.50x,160.24524543900043,0,0.0,1500.0,50.15,347.71875
exp3_1.50x,160.74598220700864,0,0.0,1500.0,49.05,347.71875
exp3_1.50x,161.24667310601217,0,0.0,1500.0,49.05,347.71875
exp3_1.50x,161.7473819120205,0,51.91485289185735,2800.0,51.25,357.21875
exp3_1.50x,162.24819210602436,0,101.83996969379918,2800.0,52.9,347.71875
exp3_1.50x,162.74895659802132,0,99.85381581245912,2800.0,52.9,347.71875
exp3_1.50x,163.24970684800064,0,99.82672117210655,2800.0,51.8,347.71875
exp3_1.50x,163.7509340220131,0,99.77262776300171,2800.0,52.9,347.71875
exp3_1.50x,164.25178294000216,0,99.84065969564311,2800.0,51.25,347.71875
exp3_1.50x,164.75240667301114,0,99.87424873622744,2800.0,51.25,347.71875
exp3_1.50x,165.25303296200582,0,99.87587406269354,2800.0,51.25,347.71875
exp3_1.50x,165.7537308059982,0,99.8325345177876,2800.0,53.45,347.71875
exp3_1.50x,166.25493425902096,0,99.78488414744754,2800.0,52.9,347.71875
exp3_1.50x,166.75566849199822,0,99.82866246562348,2800.0,52.9,347.71875
exp3_1.50x,167.2568886480003,0,99.78043315764619,2800.0,52.35,347.71875
exp3_1.50x,167.75757671601605,0,99.86039656133393,2800.0,53.45,347.71875
exp3_1.50x,168.25838302299962,0,99.84061524476955,2800.0,51.8,347.71875
exp3_1.50x,168.75903549802024,0,85.90585457207713,2800.0,51.8,347.71875
exp3_1.50x,169.25938977100304,0,0.0,2800.0,51.25,347.71875
exp3_1.50x,169.75986459900741,0,0.0,2800.0,51.25,347.71875
exp3_1.50x,170.26037992700003,0,0.0,2800.0,50.15,347.71875
exp3_1.50x,170.760777626012,0,0.0,2800.0,49.6,347.71875
exp3_1.50x,171.26129084301647,0,0.0,2800.0,50.7,347.71875
exp3_1.50x,171.7617391720123,0,0.0,2000.0,50.7,347.71875
exp3_1.50x,172.2623808150238,0,0.0,1500.0,48.5,347.71875
exp3_1.50x,172.76311119800084,0,0.0,1500.0,49.05,347.71875
exp3_1.50x,173.26385702501284,0,47.92867025222432,2800.0,50.15,357.203125
exp3_1.50x,173.76448096500826,0,99.86813810561142,2800.0,52.9,347.703125
exp3_1.50x,174.26515929301968,0,99.86104994040785,2800.0,51.25,347.703125
exp3_1.50x,174.76589095400413,0,99.85773707405819,2800.0,52.35,347.703125
exp3_1.50x,175.26663352301694,0,99.85484161444178,2800.0,51.25,347.703125
exp3_1.50x,175.76728075899882,0,99.85751551020145,2800.0,52.35,347.703125
exp3_1.50x,176.26899374902132,0,99.64420958431911,2800.0,52.9,347.703125
exp3_1.50x,176.77022157501779,0,101.77615413845378,2800.0,51.25,347.703125
exp3_1.50x,177.27104703200166,0,99.83497378646257,2800.0,52.9,347.703125
exp3_1.50x,177.77175099099986,0,99.85748579275477,2800.0,51.8,347.703125
exp3_1.50x,178.27242565402412,0,99.8675209404494,2800.0,52.9,347.703125
exp3_1.50x,178.77310233502067,0,99.86389370142498,2800.0,53.45,347.703125
exp3_1.50x,179.27382177501568,0,99.8329987621267,2800.0,52.35,347.703125
exp3_1.50x,179.7750407870044,0,99.77518555441294,2800.0,53.45,347.703125
exp3_2.00x,0.5004094789910596,0,99.86172546127156,2800.0,54.0,369.8125
exp3_2.00x,1.0012712710013147,0,99.84486046149578,2800.0,53.45,346.984375
exp3_2.00x,1.5019921939820051,0,99.86544848379253,2800.0,52.35,347.1875
exp3_2.00x,2.002641801984282,0,99.86944905755549,2800.0,54.0,348.125
exp3_2.00x,2.503357243986102,0,99.85956469850238,2800.0,52.9,348.75
exp3_2.00x,3.004003166977782,0,99.87022842182907,2800.0,53.45,349.546875
exp3_2.00x,3.5046401459840126,0,99.87491266647756,2800.0,53.45,350.234375
exp3_2.00x,4.005272587994114,0,99.8638085315351,2800.0,53.45,350.765625
exp3_2.00x,4.5061071410018485,0,101.84055984927686,2800.0,52.35,351.90625
exp3_2.00x,5.006832285987912,0,99.8516504009457,2800.0,53.45,352.53125
exp3_2.00x,5.50754770997446,0,99.8326553123289,2800.0,52.35,353.234375
exp3_2.00x,6.008754167996813,0,99.75508013008165,2800.0,51.8,354.09375
exp3_2.00x,6.510012829996413,0,99.77563134839248,2800.0,54.0,354.796875
exp3_2.00x,7.010763419995783,0,101.83806647240958,2800.0,52.35,355.5
exp3_2.00x,7.511624435981503,0,25.962340274792172,2800.0,52.35,355.8125
exp3_2.00x,8.012068824988091,0,0.0,2800.0,52.35,355.8125
exp3_2.00x,8.51261734298896,0,0.0,2800.0,50.15,355.8125
exp3_2.00x,9.013170434976928,0,71.91213157586685,2800.0,51.8,397.703125
exp3_2.00x,9.513899136974942,0,99.83447104811277,2800.0,52.9,356.734375
exp3_2.00x,10.014976893988205,0,99.80888873726704,2800.0,52.9,356.734375
exp3_2.00x,10.515709947998403,0,101.85020117017757,2800.0,51.8,356.734375
exp3_2.00x,11.016396798979258,0,99.86220134281062,2800.0,52.35,356.734375
exp3_2.00x,11.517119334981544,0,99.82454199963564,2800.0,52.35,356.734375
exp3_2.00x,12.019418807991315,0,99.56524834190922,2800.0,53.45,356.734375
exp3_2.00x,12.520231231988873,0,99.82330556423388,2800.0,52.9,356.734375
exp3_2.00x,13.021330970979761,0,99.79839287341049,2800.0,54.0,356.734375
exp3_2.00x,13.522102321992861,0,99.84829349739113,2800.0,51.8,356.734375
exp3_2.00x,14.022777377977036,0,101.86523229725823,2800.0,53.45,356.734375
exp3_2.00x,14.523454340989701,0,99.86438775582813,2800.0,54.0,356.734375
exp3_2.00x,15.024169618991436,0,99.83047328190463,2800.0,52.9,356.734375
exp3_2.00x,15.525343857996631,0,99.76691157015944,2800.0,53.45,356.734375
exp3_2.00x,16.026492744975258,0,55.893717202866405,2800.0,51.25,356.734375
exp3_2.00x,16.526960894989315,0,0.0,2800.0,50.15,356.734375
exp3_2.00x,17.027492877998156,0,0.0,2800.0,51.25,356.734375
exp3_2.00x,17.52797199098859,0,43.95119940165031,2800.0,52.9,366.234375
exp3_2.00x,18.02864093700191,0,99.86441707683846,2800.0,52.9,356.734375
exp3_2.00x,18.529307474993402,0,97.87282678920303,2800.0,51.25,356.734375
exp3_2.00x,19.029967494978337,0,99.867261232821,2800.0,52.9,356.734375
exp3_2.00x,19.53065149698523,0,99.8531194531177,2800.0,51.8,356.734375
exp3_2.00x,20.03139710999676,0,101.8614303606768,2800.0,51.8,356.734375
exp3_2.00x,20.532048259978183,0,99.86297301867083,2800.0,54.0,356.734375
exp3_2.00x,21.03283289098181,0,99.84427946758849,2800.0,51.8,356.734375
exp3_2.00x,21.533497540978715,0,99.87507445686815,2800.0,52.35,356.734375
exp3_2.00x,22.034102413977962,0,99.87472314042864,2800.0,52.9,356.734375
exp3_2.00x,22.534757490997436,0,99.86774873724342,2800.0,52.9,356.734375
exp3_2.00x,23.03545143699739,0,99.85872546642017,2800.0,52.9,356.734375
exp3_2.00x,23.536245253984816,0,99.83622386648146,2800.0,51.8,356.734375
exp3_2.00x,24.03716097798315,0,101.81415109890408,2800.0,52.9,356.734375
exp3_2.00x,24.537900905997958,0,85.89538525881613,2800.0,53.45,356.8125
exp3_2.00x,25.038292502984405,0,1.9983033485596846,2800.0,51.25,356.8125
exp3_2.00x,25.538779266993515,0,0.0,2800.0,51.8,356.8125
exp3_2.00x,26.039303900994128,0,15.977329256374716,2800.0,51.25,356.828125
exp3_2.00x,26.541193230979843,0,99.638305978842,2800.0,54.55,397.796875
exp3_2.00x,27.042097158991965,0,99.8280513686031,2800.0,51.8,356.828125
exp3_2.00x,27.542761847988004,0,99.86902656421805,2800.0,52.9,356.828125
exp3_2.00x,28.043492591998074,0,99.85476603637758,2800.0,52.9,356.828125
exp3_2.00x,28.54411181798787,0,99.87632275427214,2800.0,51.8,356.828125
exp3_2.00x,29.045123634976335,0,101.76416317979688,2800.0,52.35,356.828125
exp3_2.00x,29.546382876986172,0,99.75025468625785,2800.0,52.9,356.828125
exp3_2.00x,30.04773715499323,0,99.73110638589594,2800.0,53.45,356.828125
exp3_2.00x,30.548880026995903,0,99.79372577402746,2800.0,52.35,356.828125
exp3_2.00x,31.051201911992393,0,101.53480609726081,2800.0,54.0,356.828125
exp3_2.00x,31.551829749980243,0,99.86312002027503,2800.0,52.9,356.828125
exp3_2.00x,32.052577309979824,0,99.85500952676762,2800.0,52.35,356.828125
exp3_2.00x,32.553268721996574,0,99.85465515935083,2800.0,51.25,356.828125
exp3_2.00x,33.05408805998741,0,99.83370579974543,2800.0,53.45,356.828125
exp3_2.00x,33.55492558298283,0,11.98340109627112,2800.0,52.35,356.828125
exp3_2.00x,34.05536058900179,0,0.0,2800.0,50.15,356.828125
exp3_2.00x,34.55580509599531,0,0.0,2800.0,50.15,356.828125
exp3_2.00x,35.056345491000684,0,91.8864715066448,2800.0,53.45,397.796875
exp3_2.00x,35.557124310988,0,99.85077740997323,2800.0,52.9,356.828125
exp3_2.00x,36.057778316986514,0,99.86881192847548,2800.0,51.8,356.828125
exp3_2.00x,36.55844624899328,0,99.86633689454413,2800.0,52.9,356.828125
exp3_2.00x,37.05918749497505,0,101.835640127205,2800.0,54.0,356.828125
exp3_2.00x,37.56004670399125,0,99.84276502161168,2800.0,52.35,356.828125
exp3_2.00x,38.060682969982736,0,99.87280877721862,2800.0,53.45,356.828125
exp3_2.00x,38.56131338397972,0,99.87257597584231,2800.0,54.0,356.828125
exp3_2.00x,39.062022926984355,0,99.82662590875877,2800.0,54.0,356.828125
exp3_2.00x,39.56330176399206,0,99.77795274938472,2800.0,53.45,356.828125
exp3_2.00x,40.06394236299093,0,99.85042645595632,2800.0,53.45,356.828125
exp3_2.00x,40.56478181399871,0,101.85162723552679,2800.0,52.9,356.828125
exp3_2.00x,41.06542665397865,0,99.86894457860818,2800.0,54.55,356.828125
exp3_2.00x,41.5660986249859,0,99.85979545410058,2800.0,52.35,356.828125
exp3_2.00x,42.06683879799675,0,35.955256486075356,2800.0,51.25,356.828125
exp3_2.00x,42.567256732989335,0,0.0,2800.0,52.9,356.828125
exp3_2.00x,43.06772501897649,0,0.0,2800.0,51.25,356.828125
exp3_2.00x,43.568301305000205,0,63.91437263796623,2800.0,52.9,397.796875
exp3_2.00x,44.06907627597684,0,97.85426817975798,2800.0,52.35,356.828125
exp3_2.00x,44.56977528298739,0,99.86793225145409,2800.0,51.8,356.828125
exp3_2.00x,45.07052338399808,0,99.82130369520753,2800.0,50.7,356.828125
exp3_2.00x,45.57181642498472,0,103.76344528423753,2800.0,52.35,356.828125
exp3_2.00x,46.072559414984426,0,99.84525662633213,2800.0,53.45,356.828125
exp3_2.00x,46.57323436799925,0,99.86877822173176,2800.0,52.35,356.828125
exp3_2.00x,47.073888246988645,0,99.87026313393307,2800.0,52.35,356.828125
exp3_2.00x,47.574563236994436,0,99.84177494916072,2800.0,52.35,356.828125
exp3_2.00x,48.075846204999834,0,99.76677003118166,2800.0,53.45,356.828125
exp3_2.00x,48.57649139899877,0,99.86651741386895,2800.0,52.35,356.828125
exp3_2.00x,49.077330055995844,0,99.83796139452421,2800.0,52.35,356.828125
exp3_2.00x,49.57799139799317,0,99.86472942706634,2800.0,52.35,356.828125
exp3_2.00x,50.07866735197604,0,99.86816483379744,2800.0,52.35,356.828125
exp3_2.00x,50.579310601984616,0,63.92871819965638,2800.0,52.9,356.828125
exp3_2.00x,51.07967122399714,0,0.0,2800.0,52.35,356.828125
exp3_2.00x,51.580175216979114,0,0.0,2800.0,51.25,356.828125
exp3_2.00x,52.08072115297546,0,35.95881040535289,2800.0,51.25,366.328125
exp3_2.00x,52.58135460698395,0,99.87197691078669,2800.0,53.45,356.828125
exp3_2.00x,53.08201604298665,0,99.86773258087294,2800.0,53.45,356.828125
exp3_2.00x,53.582709052978316,0,99.83378592906415,2800.0,54.0,356.828125
exp3_2.00x,54.08369893199415,0,99.82874757557452,2800.0,54.0,356.828125
exp3_2.00x,54.58439071997418,0,101.83524747708687,2800.0,51.8,356.828125
exp3_2.00x,55.085607449989766,0,99.78237284831663,2800.0,53.45,356.828125
exp3_2.00x,55.58641305199126,0,99.8125281142674,2800.0,54.0,356.828125
exp3_2.00x,56.08769770798972,0,101.76312028955705,2800.0,53.45,356.828125
exp3_2.00x,56.588338923000265,0,99.8744777539779,2800.0,52.35,356.828125
exp3_2.00x,57.089009821997024,0,99.86203660469545,2800.0,52.9,356.828125
exp3_2.00x,57.58980257398798,0,99.84804026735023,2800.0,52.35,356.828125
exp3_2.00x,58.09045728898491,0,99.8620882608909,2800.0,52.9,356.828125
exp3_2.00x,58.59117453999352,0,101.84965625961391,2800.0,52.9,356.828125
exp3_2.00x,59.09191125497455,0,89.89113643703098,2800.0,52.35,356.828125
exp3_2.00x,59.592280860990286,0,0.0,2800.0,52.9,356.828125
exp3_2.00x,60.09281661399291,0,0.0,2800.0,52.35,356.828125
exp3_2.00x,60.6124095019768,0,11.54435544249114,2800.0,52.35,356.828125
exp3_2.00x,61.113615695998305,0,99.76978123063542,2800.0,52.35,397.796875
exp3_2.00x,61.61448570698849,0,99.82993929835577,2800.0,54.0,356.828125
exp3_2.00x,62.115323625999736,0,99.83532502637125,2800.0,52.35,356.828125
exp3_2.00x,62.61599824897712,0,99.85681391618786,2800.0,52.35,356.828125
exp3_2.00x,63.11682077898877,0,99.83831524312882,2800.0,52.35,356.828125
exp3_2.00x,63.617601976991864,0,99.85298066411897,2800.0,54.0,356.828125
exp3_2.00x,64.11825758198393,0,99.86588490827279,2800.0,54.55,356.828125
exp3_2.00x,64.61909161199583,0,101.8024594569186,2800.0,52.9,356.828125
exp3_2.00x,65.1202774559788,0,99.79054124789337,2800.0,53.45,356.828125
exp3_2.00x,65.62096459799795,0,99.86731807858126,2800.0,52.9,356.828125
exp3_2.00x,66.12177498097299,0,99.8247829528894,2800.0,53.45,356.828125
exp3_2.00x,66.62261097499868,0,99.8427379008466,2800.0,53.45,356.828125
exp3_2.00x,67.12327761799679,0,99.86985200692534,2800.0,52.9,356.828125
exp3_2.00x,67.62390744598815,0,99.87157713747361,2800.0,52.35,356.859375
exp3_2.00x,68.12454684899421,0,23.971577044665633,2800.0,51.25,357.078125
exp3_2.00x,68.625060122984,0,0.0,2800.0,50.7,357.078125
exp3_2.00x,69.12549745297292,0,0.0,2800.0,52.35,357.078125
exp3_2.00x,69.62605285597965,0,83.89924388851506,2800.0,52.35,398.046875
exp3_2.00x,70.12716999699478,0,99.77820183413127,2800.0,53.45,357.078125
exp3_2.00x,70.62781936299871,0,99.870834456018,2800.0,53.45,357.078125
exp3_2.00x,71.12846865598112,0,99.8675063806244,2800.0,54.0,357.078125
exp3_2.00x,71.62914181797532,0,99.8689615307272,2800.0,52.9,357.09375
exp3_2.00x,72.12981316598598,0,99.86419667916088,2800.0,52.9,357.09375
exp3_2.00x,72.63049201399554,0,99.86469511935569,2800.0,53.45,357.09375
exp3_2.00x,73.13119187997654,0,101.86127329886175,2800.0,52.9,357.09375
exp3_2.00x,73.6318171179737,0,99.86942692089193,2800.0,52.35,357.09375
exp3_2.00x,74.13250029899064,0,99.86332485615732,2800.0,54.55,357.09375
exp3_2.00x,74.6332017959794,0,99.85962392692848,2800.0,52.9,357.09375
exp3_2.00x,75.13395056998706,0,99.84969386175935,2800.0,54.55,357.09375
exp3_2.00x,75.63464454800123,0,99.86117498909269,2800.0,52.9,357.09375
exp3_2.00x,76.13547483997536,0,101.83159396638983,2800.0,55.1,357.09375
exp3_2.00x,76.63632589197368,0,45.92973971556284,2800.0,50.7,357.09375
exp3_2.00x,77.13677744599408,0,0.0,2800.0,51.8,357.09375
exp3_2.00x,77.6371843519737,0,0.0,2800.0,51.8,357.09375
exp3_2.00x,78.13763597997604,0,53.94006288105304,2800.0,52.35,398.0625
exp3_2.00x,78.63837595898076,0,99.85901065724326,2800.0,52.35,357.09375
exp3_2.00x,79.13902706798399,0,99.86440311583259,2800.0,54.0,357.09375
exp3_2.00x,79.63993708198541,0,99.8224091491599,2800.0,54.0,357.09375
exp3_2.00x,80.1405839319923,0,101.86183806286705,2800.0,52.9,357.09375
exp3_2.00x,80.64129339298233,0,99.86693330278275,2800.0,52.9,357.09375
exp3_2.00x,81.14202439098153,0,99.84375610594185,2800.0,52.35,357.09375
exp3_2.00x,81.64281611097977,0,99.84958638510528,2800.0,53.45,357.09375
exp3_2.00x,82.14350123799522,0,101.85729446636984,2800.0,54.0,357.09375
exp3_2.00x,82.64419077397906,0,99.86544449568022,2800.0,53.45,357.09375
exp3_2.00x,83.14486119800131,0,99.86548518372896,2800.0,54.0,357.09375
exp3_2.00x,83.64558730798308,0,99.84944601003336,2800.0,54.0,357.09375
exp3_2.00x,84.14632580598118,0,99.85729673332709,2800.0,54.0,357.09375
exp3_2.00x,84.64698254599352,0,99.8721009882267,2800.0,52.9,357.09375
exp3_2.00x,85.14760943397414,0,69.92330713796424,2800.0,51.8,357.09375
exp3_2.00x,85.64797265699599,0,0.0,2800.0,51.8,357.09375
exp3_2.00x,86.14846750898869,0,0.0,2800.0,50.7,357.09375
exp3_2.00x,86.64895947198966,0,27.97055942049167,2800.0,53.45,366.59375
exp3_2.00x,87.14955921299406,0,99.87452084733495,2800.0,52.9,357.09375
exp3_2.00x,87.65021569398232,0,99.86576921730324,2800.0,53.45,357.09375
exp3_2.00x,88.15094111897633,0,99.85409858407658,2800.0,52.35,357.09375
exp3_2.00x,88.65166071098065,0,99.85078598160649,2800.0,53.45,357.09375
exp3_2.00x,89.15244072899804,0,99.85391013526306,2800.0,52.35,357.09375
exp3_2.00x,89.65310145099647,0,99.86733563390266,2800.0,52.35,357.09375
exp3_2.00x,90.15386076597497,0,99.84777288493328,2800.0,52.35,357.09375
exp3_2.00x,90.65464154299116,0,99.8463031892763,2800.0,52.9,357.09375
exp3_2.00x,91.15533948797383,0,99.84702716273001,2800.0,53.45,357.09375
exp3_2.00x,91.65612865399453,0,99.85488489399144,2800.0,53.45,357.09375
exp3_2.00x,92.15679102498689,0,99.85212259986345,2800.0,51.8,357.09375
exp3_2.00x,92.65774743197835,0,99.81699871106676,2800.0,54.0,357.09375
exp3_2.00x,93.15864413499366,0,99.81966658442538,2800.0,54.55,357.09375
exp3_2.00x,93.65945785798249,0,101.86232716059007,2800.0,53.45,357.09375
exp3_2.00x,94.15981495298911,0,0.0,2800.0,52.35,357.09375
exp3_2.00x,94.66022491798503,0,0.0,2800.0,51.25,357.09375
exp3_2.00x,95.16074601298897,0,0.0,2800.0,51.25,357.09375
exp3_2.00x,95.66155243999674,0,99.8039369667979,2800.0,52.9,398.0625
exp3_2.00x,96.16286804899573,0,99.75435350435644,2800.0,52.9,357.09375
exp3_2.00x,96.663661863975,0,99.85398352400655,2800.0,52.35,357.09375
exp3_2.00x,97.16430686597596,0,101.86177702812093,2800.0,52.35,357.09375
exp3_2.00x,97.66506434898474,0,99.8472371204772,2800.0,53.45,357.09375
exp3_2.00x,98.16578405399923,0,99.85452274450566,2800.0,52.35,357.09375
exp3_2.00x,98.6665206119942,0,99.85893607702153,2800.0,53.45,357.09375
exp3_2.00x,99.16720183598227,0,99.83620532420167,2800.0,54.55,357.09375
exp3_2.00x,99.66862303798553,0,99.74750236499399,2800.0,52.9,357.09375
exp3_2.00x,100.16927255899645,0,99.85199677295905,2800.0,53.45,357.09375
exp3_2.00x,100.67012696698657,0,99.84541673069259,2800.0,52.35,357.09375
exp3_2.00x,101.17077250700095,0,99.87072234151891,2800.0,54.0,357.09375
exp3_2.00x,101.67144991699024,0,101.86172413495275,2800.0,54.55,357.09375
exp3_2.00x,102.17215316099464,0,99.86045001523748,2800.0,53.45,357.09375
exp3_2.00x,102.67280947798281,0,27.968438958697597,2800.0,51.25,357.09375
exp3_2.00x,103.173143056978,0,0.0,2800.0,51.25,357.09375
exp3_2.00x,103.67366752398084,0,1.9980651895448942,2800.0,52.9,357.09375
exp3_2.00x,104.17413880597451,0,69.92485092593361,2800.0,52.9,398.0625
exp3_2.00x,104.67481304999092,0,99.85996237891307,2800.0,54.0,357.09375
exp3_2.00x,105.17553264598246,0,99.8343779629406,2800.0,52.9,357.09375
exp3_2.00x,105.67672922098427,0,99.7875335769398,2800.0,54.0,357.09375
exp3_2.00x,106.1773700209742,0,99.86893800095532,2800.0,52.9,357.109375
exp3_2.00x,106.67821607898804,0,99.82973798717045,2800.0,54.0,357.109375
exp3_2.00x,107.17890200897818,0,99.86265848521994,2800.0,52.9,357.109375
exp3_2.00x,107.67960523499642,0,101.85991165492433,2800.0,54.0,357.109375
exp3_2.00x,108.18026979497517,0,99.85413088800065,2800.0,53.45,357.109375
exp3_2.00x,108.68131826000172,0,99.80273371249885,2800.0,52.35,357.109375
exp3_2.00x,109.18206117098453,0,99.83004055465608,2800.0,54.0,357.109375
exp3_2.00x,109.68336596799782,0,101.74987215329318,2800.0,54.55,357.109375
exp3_2.00x,110.18415280597401,0,99.8495628528558,2800.0,53.45,357.109375
exp3_2.00x,110.6851033269777,0,99.81145197770734,2800.0,54.0,357.109375
exp3_2.00x,111.18574612899101,0,49.92851115947976,2800.0,53.45,357.109375
exp3_2.00x,111.68660735498997,0,0.0,2800.0,51.8,357.109375
exp3_2.00x,112.18717187899165,0,0.0,2800.0,51.25,357.109375
exp3_2.00x,112.68799238299835,0,45.93331126237234,2800.0,54.0,366.609375
exp3_2.00x,113.18861166597344,0,99.84268766306265,2800.0,52.9,357.109375
exp3_2.00x,113.68973742797971,0,99.80001474630221,2800.0,53.45,357.109375
exp3_2.00x,114.19047396999667,0,99.8500982418416,2800.0,52.9,357.109375
exp3_2.00x,114.69122269799118,0,99.85151600347132,2800.0,52.9,357.109375
exp3_2.00x,115.191978739982,0,99.85533438367135,2800.0,54.0,357.109375
exp3_2.00x,115.69261350500165,0,99.87224382484348,2800.0,54.55,357.109375
exp3_2.00x,116.1932598069834,0,99.86813949891356,2800.0,54.0,357.109375
exp3_2.00x,116.69393897999544,0,101.861987192115,2800.0,54.0,357.109375
exp3_2.00x,117.19480339199072,0,99.81926344834976,2800.0,52.9,357.125
exp3_2.00x,117.69557654598611,0,99.85837366714621,2800.0,54.55,357.125
exp3_2.00x,118.19623888499336,0,99.84053868445551,2800.0,52.9,357.125
exp3_2.00x,118.69715490899398,0,99.83947190601063,2800.0,53.45,357.125
exp3_2.00x,119.19782819299144,0,99.8672085727591,2800.0,53.45,357.125
exp3_2.00x,119.69847638497595,0,85.90480030045559,2800.0,54.0,357.125
exp3_2.00x,120.19885361599154,0,0.0,2800.0,52.35,357.125
exp3_2.00x,120.69940701199812,0,0.0,2800.0,51.25,357.125
exp3_2.00x,121.19996177899884,0,15.978019932713972,2800.0,51.8,357.140625
exp3_2.00x,121.70109524598229,0,99.78850664024097,2800.0,54.0,398.109375
exp3_2.00x,122.201790882973,0,99.866318149505,2800.0,54.0,357.140625
exp3_2.00x,122.7026493329904,0,99.80405031711747,2800.0,54.55,357.140625
exp3_2.00x,123.20383548599784,0,99.78516155021272,2800.0,54.0,357.140625
exp3_2.00x,123.70449875298073,0,99.86932139306106,2800.0,54.55,357.140625
exp3_2.00x,124.20514590799576,0,99.87276788579922,2800.0,52.9,357.140625
exp3_2.00x,124.70578721299535,0,99.87069919990077,2800.0,52.9,357.140625
exp3_2.00x,125.20641129498836,0,101.87407061082858,2800.0,54.55,357.140625
exp3_2.00x,125.70727870898554,0,99.79236064003612,2800.0,53.45,357.140625
exp3_2.00x,126.20821593698929,0,99.84745744330245,2800.0,54.0,357.140625
exp3_2.00x,126.7089226859971,0,99.82867044757565,2800.0,52.9,357.140625
exp3_2.00x,127.21016861699172,0,99.77695300968026,2800.0,53.45,357.140625
exp3_2.00x,127.71099488399341,0,99.83092933332244,2800.0,52.35,357.140625
exp3_2.00x,128.2117206690018,0,101.83229951400338,2800.0,53.45,357.140625
exp3_2.00x,128.71290697099175,0,13.973233823611977,2800.0,51.8,357.140625
exp3_2.00x,129.21326301898807,0,0.0,2800.0,51.25,357.140625
exp3_2.00x,129.71369297298952,0,0.0,2800.0,52.35,357.140625
exp3_2.00x,130.21425887098303,0,89.8759429773984,2800.0,54.0,398.109375
exp3_2.00x,130.7153391559841,0,101.79313984532068,2800.0,53.45,357.140625
exp3_2.00x,131.21605790499598,0,99.85912294279773,2800.0,53.45,357.140625
exp3_2.00x,131.7167599509994,0,99.85852822983162,2800.0,53.45,357.140625
exp3_2.00x,132.21741962697706,0,99.87237967734826,2800.0,52.9,357.140625
exp3_2.00x,132.7181024699821,0,99.83716019674698,2800.0,54.0,357.140625
exp3_2.00x,133.21931977197528,0,99.77966674394125,2800.0,52.9,357.140625
exp3_2.00x,133.72014492898597,0,99.8337897173996,2800.0,53.45,357.140625
exp3_2.00x,134.22095686398097,0,99.84298213332535,2800.0,53.45,357.140625
exp3_2.00x,134.72160487397923,0,99.8575458196936,2800.0,54.55,357.140625
exp3_2.00x,135.22255610398133,0,99.82176843250411,2800.0,52.9,357.140625
exp3_2.00x,135.723239576997,0,101.8337112540167,2800.0,53.45,357.140625
exp3_2.00x,136.22447669497342,0,99.77996143948357,2800.0,54.0,357.140625
exp3_2.00x,136.72517990900087,0,99.8365324490874,2800.0,54.0,357.140625
exp3_2.00x,137.22642117500072,0,35.92248136926662,2800.0,52.9,357.140625
exp3_2.00x,137.7269190379884,0,0.0,2800.0,52.9,357.140625
exp3_2.00x,138.22740286399494,0,0.0,2800.0,52.9,357.140625
exp3_2.00x,138.72796483899583,0,59.92560212634398,2800.0,53.45,398.109375
exp3_2.00x,139.22990325000137,0,99.62258461872152,2800.0,54.0,357.140625
exp3_2.00x,139.7305199089751,0,101.87483881026571,2800.0,54.55,357.140625
exp3_2.00x,140.23114488300052,0,99.86544589471231,2800.0,54.0,357.140625
exp3_2.00x,140.73188446697895,0,99.85847617101798,2800.0,53.45,357.140625
exp3_2.00x,141.2325565899955,0,99.84298173875527,2800.0,55.1,357.140625
exp3_2.00x,141.73378772698925,0,99.77492453047823,2800.0,54.0,357.140625
exp3_2.00x,142.23505627198028,0,99.7088893293245,2800.0,52.9,357.140625
exp3_2.00x,142.7362438919954,0,99.80274347023747,2800.0,54.0,357.140625
exp3_2.00x,143.23692338497494,0,99.86161916028088,2800.0,53.45,357.140625
exp3_2.00x,143.73772243299754,0,99.84171174408407,2800.0,52.35,357.140625
exp3_2.00x,144.23838618499576,0,99.86823824349572,2800.0,54.0,357.140625
exp3_2.00x,144.73918382599368,0,101.83661414905447,2800.0,54.0,357.140625
exp3_2.00x,145.2400330589735,0,101.82764123901053,2800.0,52.9,357.140625
exp3_2.00x,145.740768292977,0,63.91821153492307,2800.0,52.9,357.140625
exp3_2.00x,146.24111812099,0,0.0,2800.0,52.9,357.140625
exp3_2.00x,146.74163954198593,0,0.0,2800.0,52.35,357.140625
exp3_2.00x,147.24217001799843,0,35.96051046851244,2800.0,54.0,366.640625
exp3_2.00x,147.7427690489858,0,99.87388624886519,2800.0,54.55,357.140625
exp3_2.00x,148.24349691299722,0,99.85816944360997,2800.0,54.0,357.140625
exp3_2.00x,148.74413411098067,0,99.86657944867054,2800.0,53.45,357.140625
exp3_2.00x,149.24488023397862,0,99.85466093999375,2800.0,53.45,357.140625
exp3_2.00x,149.7455259509734,0,99.87108600190324,2800.0,54.0,357.140625
exp3_2.00x,150.24621322299936,0,99.84239080393469,2800.0,53.45,357.140625
exp3_2.00x,150.74763189797523,0,99.73325602327088,2800.0,52.9,357.140625
exp3_2.00x,151.2484082809824,0,99.84304792792932,2800.0,54.0,357.140625
exp3_2.00x,151.74917975699645,0,99.85293619647004,2800.0,54.0,357.140625
exp3_2.00x,152.24981602997286,0,99.87078677350674,2800.0,55.1,357.140625
exp3_2.00x,152.7505217459984,0,101.84573121703022,2800.0,54.0,357.140625
exp3_2.00x,153.25135792599758,0,99.84466127774421,2800.0,53.45,357.140625
exp3_2.00x,153.75205980899045,0,99.85777776163094,2800.0,54.55,357.140625
exp3_2.00x,154.2527111749805,0,97.89253651016173,2800.0,54.0,357.140625
exp3_2.00x,154.75307535697357,0,0.0,2800.0,52.35,357.140625
exp3_2.00x,155.25360770497355,0,0.0,2800.0,52.9,357.140625
exp3_2.00x,155.7734142249974,0,9.616202399433222,2800.0,51.8,357.140625
exp3_2.00x,156.2746671429777,0,99.76182921105857,2800.0,54.0,398.109375
exp3_2.00x,156.77561928497744,0,101.8136445811311,2800.0,53.45,357.140625
exp3_2.00x,157.2763742620009,0,99.84490471885688,2800.0,55.1,357.140625
exp3_2.00x,157.77712062798673,0,99.85578707539615,2800.0,53.45,357.140625
exp3_2.00x,158.2777658639825,0,99.86673423413806,2800.0,55.1,357.140625
exp3_2.00x,158.77858567397925,0,99.81740163166559,2800.0,53.45,357.140625
exp3_2.00x,159.27995703698252,0,101.72533183878382,2800.0,52.9,357.140625
exp3_2.00x,159.78113441899768,0,99.78951935172984,2800.0,54.55,357.140625
exp3_2.00x,160.28181226699962,0,99.86097196145334,2800.0,54.0,357.140625
exp3_2.00x,160.7824912639917,0,99.85885589571666,2800.0,53.45,357.140625
exp3_2.00x,161.28334105599788,0,99.83598883953364,2800.0,54.0,357.140625
exp3_2.00x,161.78398432998802,0,99.87003632423945,2800.0,54.55,357.140625
exp3_2.00x,162.2846789379837,0,99.83870956320703,2800.0,53.45,357.140625
exp3_2.00x,162.78591928299284,0,99.74606268792472,2800.0,54.0,357.15625
exp3_2.00x,163.28718010999728,0,15.966085224769245,2800.0,52.35,357.15625
exp3_2.00x,163.78767801600043,0,0.0,2800.0,52.9,357.15625
exp3_2.00x,164.288023977977,0,0.0,2800.0,52.9,357.15625
exp3_2.00x,164.78855805000057,0,83.9033592723661,2800.0,55.1,398.125
exp3_2.00x,165.28921945398906,0,99.8596644186879,2800.0,54.55,357.15625
exp3_2.00x,165.79034841197426,0,99.78285494586324,2800.0,53.45,357.15625
exp3_2.00x,166.291008020984,0,99.86285933130301,2800.0,53.45,357.15625
exp3_2.00x,166.79168886999832,0,101.86833375506494,2800.0,54.0,357.15625
exp3_2.00x,167.29231975699076,0,99.8701396532367,2800.0,53.45,357.15625
exp3_2.00x,167.79299630998867,0,99.86477969283926,2800.0,53.45,357.15625
exp3_2.00x,168.29367191897472,0,99.86967786170959,2800.0,54.55,357.15625
exp3_2.00x,168.7944092869875,0,99.82200697694229,2800.0,54.55,357.15625
exp3_2.00x,169.29559998598415,0,99.77946602952625,2800.0,53.45,357.15625
exp3_2.00x,169.79647224297514,0,99.83180258059114,2800.0,54.55,357.15625
exp3_2.00x,170.2972261289833,0,99.85640309724093,2800.0,54.0,357.15625
exp3_2.00x,170.79789992398582,0,99.8399643262838,2800.0,54.0,357.15625
exp3_2.00x,171.29909380798927,0,101.77799288245562,2800.0,54.0,357.15625
exp3_2.00x,171.79975399197428,0,47.94368582758424,2800.0,54.0,357.15625
exp3_2.00x,172.3002295109909,0,0.0,2800.0,52.9,357.15625
exp3_2.00x,172.80062017799355,0,0.0,2800.0,51.8,357.15625
exp3_2.00x,173.3010396779864,0,55.93532019767535,2800.0,55.1,398.109375
exp3_2.00x,173.80178273198544,0,99.86032157272588,2800.0,54.55,357.140625
exp3_2.00x,174.3024874709954,0,99.86256714115301,2800.0,54.55,357.140625
exp3_2.00x,174.80313191498863,0,99.86709546788832,2800.0,52.9,357.140625
exp3_2.00x,175.3038135439856,0,99.86876525224669,2800.0,53.45,357.140625
exp3_2.00x,175.80449420999503,0,101.8287055885465,2800.0,55.1,357.140625
exp3_2.00x,176.30585420498392,0,99.73152353304354,2800.0,55.1,357.140625
exp3_2.00x,176.80710651699337,0,99.75917098580204,2800.0,54.0,357.140625
exp3_2.00x,177.30827723597758,0,99.78354056573812,2800.0,55.65,357.140625
exp3_2.00x,177.81122546398547,0,101.40398368458263,2800.0,54.0,357.140625
exp3_2.00x,178.31196964799892,0,99.85078618472578,2800.0,55.1,357.140625
exp3_2.00x,178.8126321299933,0,99.84005622662849,2800.0,55.1,357.140625
exp3_2.00x,179.31385097798193,0,99.78299473966496,2800.0,52.9,357.140625
exp3_2.00x,179.8146887740004,0,99.82890822448311,2800.0,53.45,357.140625
exp3_3.00x,0.5003655019972939,0,97.90041334566565,2800.0,54.55,404.1875
exp3_3.00x,1.001032945991028,0,99.85221134223372,2800.0,54.55,381.359375
exp3_3.00x,1.5054629629885312,0,101.11820456072834,2800.0,54.0,381.578125
exp3_3.00x,2.0061084079788998,0,99.86740185537064,2800.0,53.45,382.53125
exp3_3.00x,2.506796574976761,0,99.86668157463194,2800.0,54.55,383.296875
exp3_3.00x,3.0074751319771167,0,99.83641623433802,2800.0,53.45,383.84375
exp3_3.00x,3.508705869986443,0,99.78144192670351,2800.0,55.1,384.71875
exp3_3.00x,4.009375574998558,0,101.86281706237494,2800.0,55.1,385.421875
exp3_3.00x,4.5100216869905125,0,99.8724072090219,2800.0,54.0,386.359375
exp3_3.00x,5.010720465972554,0,99.84965597215009,2800.0,53.45,386.875
exp3_3.00x,5.511525965994224,0,99.84791286069179,2800.0,54.0,387.75
exp3_3.00x,6.01219974498963,1,99.86702126454453,2800.0,53.45,388.328125
exp3_3.00x,6.512878042994998,1,99.8334887225718,2800.0,52.35,389.640625
exp3_3.00x,7.014181392994942,1,101.74215952643019,2800.0,54.0,389.984375
exp3_3.00x,7.51536868797848,0,97.7876705002154,2800.0,54.0,431.078125
exp3_3.00x,8.016117873979965,0,99.82915877029053,2800.0,55.1,390.109375
exp3_3.00x,8.517372205998981,0,101.74472289760297,2800.0,55.1,390.109375
exp3_3.00x,9.018241113983095,0,99.8490759205838,2800.0,54.55,390.109375
exp3_3.00x,9.519006911985343,0,99.8503758100029,2800.0,55.1,390.109375
exp3_3.00x,10.01966543198796,0,99.86506711836539,2800.0,53.45,390.109375
exp3_3.00x,10.520622654992621,0,99.78871396391435,2800.0,53.45,390.109375
exp3_3.00x,11.021542896982282,0,99.8404916342988,2800.0,54.55,390.109375
exp3_3.00x,11.522354749991791,0,101.83066293639513,2800.0,54.55,390.109375
exp3_3.00x,12.023076382,1,99.85931619991712,2800.0,54.0,390.109375
exp3_3.00x,12.523928643000545,1,99.82663786379719,2800.0,54.55,390.109375
exp3_3.00x,13.024625311983982,1,99.83869721074086,2800.0,52.9,390.109375
exp3_3.00x,13.525814477994572,1,99.78650119376616,2800.0,54.0,390.109375
exp3_3.00x,14.02656070300145,1,99.85015406989115,2800.0,53.45,390.15625
exp3_3.00x,14.527221316995565,0,99.87299790119471,2800.0,53.45,399.65625
exp3_3.00x,15.027836856985232,0,101.86756767897535,2800.0,54.0,390.15625
exp3_3.00x,15.528539600985823,0,99.86227095904924,2800.0,55.65,390.15625
exp3_3.00x,16.02918432597653,0,99.87354092101968,2800.0,55.1,390.15625
exp3_3.00x,16.529891291982494,0,99.85931599676312,2800.0,55.65,390.15625
exp3_3.00x,17.030651313980343,0,99.84733661874124,2800.0,54.55,390.15625
exp3_3.00x,17.531317186978413,1,99.8402587804826,2800.0,54.55,390.15625
exp3_3.00x,18.032558890990913,1,99.7788011713295,2800.0,54.55,390.15625
exp3_3.00x,18.533193931973074,1,99.86592759946349,2800.0,54.55,390.15625
exp3_3.00x,19.033916638989467,1,101.85492009090294,2800.0,54.55,390.15625
exp3_3.00x,19.53475101297954,1,99.83780370445488,2800.0,55.1,390.15625
exp3_3.00x,20.035386164992815,1,101.87150518927045,2800.0,53.45,390.15625
exp3_3.00x,20.536102686979575,1,99.82551916651326,2800.0,54.55,390.15625
exp3_3.00x,21.037277261988493,1,99.79033272836854,2800.0,55.1,390.15625
exp3_3.00x,21.538132468995173,0,99.80390708410181,2800.0,54.55,354.0
exp3_3.00x,22.03937137799221,0,99.78043833278971,2800.0,55.65,394.96875
exp3_3.00x,22.540120066987583,0,99.82542310499603,2800.0,55.65,354.0
exp3_3.00x,23.041229327995097,0,99.80511713307753,2800.0,55.1,354.0
exp3_3.00x,23.541910757980077,1,99.86267683415949,2800.0,52.9,354.0
exp3_3.00x,24.042601947992807,1,99.86621163555436,2800.0,55.1,354.0
exp3_3.00x,24.543229804985458,1,99.8711356702749,2800.0,53.45,354.0
exp3_3.00x,25.043900031974772,1,99.86769288371175,2800.0,55.1,354.0
exp3_3.00x,25.544550350983627,1,99.87054460534193,2800.0,54.0,354.0
exp3_3.00x,26.04519207897829,1,99.87003832138177,2800.0,53.45,354.0
exp3_3.00x,26.545878120989073,1,101.86299712113171,2800.0,55.1,354.0
exp3_3.00x,27.04656455197255,1,99.8485030600472,2800.0,54.0,354.015625
exp3_3.00x,27.54741998197278,1,99.84280569118198,2800.0,53.45,354.015625
exp3_3.00x,28.048069801996462,1,99.87158631067842,2800.0,54.0,354.015625
exp3_3.00x,28.548712899995735,1,99.86693171213457,2800.0,54.0,354.015625
exp3_3.00x,29.049405108991778,1,101.85381614379983,2800.0,55.65,394.984375
exp3_3.00x,29.550126058980823,1,99.86222228629987,2800.0,55.1,354.015625
exp3_3.00x,30.050841730990214,1,99.82988169460543,2800.0,54.55,354.015625
exp3_3.00x,30.552056011976674,1,99.78330319615239,2800.0,54.55,354.015625
exp3_3.00x,31.05275133199757,1,99.86378459784696,2800.0,54.0,354.015625
exp3_3.00x,31.553437263995875,1,99.85857688737147,2800.0,54.55,354.015625
exp3_3.00x,32.054241416975856,1,99.84435642822062,2800.0,53.45,354.015625
exp3_3.00x,32.554996144986944,1,99.8505706233941,2800.0,54.0,354.015625
exp3_3.00x,33.05565492899041,1,101.86135406786629,2800.0,54.0,354.015625
exp3_3.00x,33.55639860199881,1,99.85405650659273,2800.0,52.35,354.015625
exp3_3.00x,34.05712336697616,1,99.85759089508498,2800.0,54.55,354.015625
exp3_3.00x,34.55778509599622,1,99.861886018977,2800.0,53.45,354.015625
exp3_3.00x,35.058493138989434,2,99.8609256872646,2800.0,53.45,354.015625
exp3_3.00x,35.55916379397968,2,99.86982387868144,2800.0,54.0,354.015625
exp3_3.00x,36.05981994897593,1,99.86391005392116,2800.0,54.55,395.09375
exp3_3.00x,36.560497010999825,1,101.86763116635687,2800.0,55.65,354.125
exp3_3.00x,37.06127359200036,1,99.80997179434877,2800.0,55.65,354.125
exp3_3.00x,37.56244915098068,1,99.80206177242135,2800.0,53.45,354.125
exp3_3.00x,38.06307636198471,1,99.87052585291748,2800.0,54.0,354.125
exp3_3.00x,38.56373564698151,1,99.8623032624565,2800.0,54.55,354.125
exp3_3.00x,39.06450589498854,1,99.85376455947689,2800.0,54.0,354.125
exp3_3.00x,39.56513853199431,1,99.87267193072857,2800.0,54.55,354.125
exp3_3.00x,40.06580689098337,1,101.86426627246048,2800.0,54.0,354.125
exp3_3.00x,40.566497416992206,2,99.8637251671182,2800.0,55.1,354.125
exp3_3.00x,41.067149387992686,2,99.85319582959838,2800.0,54.0,354.125
exp3_3.00x,41.56807948698406,2,99.81151393831814,2800.0,55.1,354.125
exp3_3.00x,42.069288898987,2,99.76636094929367,2800.0,53.45,354.140625
exp3_3.00x,42.569984017987736,2,99.86048611363297,2800.0,55.1,354.140625
exp3_3.00x,43.0708889689995,1,101.82941170562171,2800.0,54.0,363.796875
exp3_3.00x,43.5715266809857,1,99.86916600160252,2800.0,55.1,354.296875
exp3_3.00x,44.072180855000624,1,99.86898507212122,2800.0,54.55,354.296875
exp3_3.00x,44.57285940099973,1,99.85999469243575,2800.0,56.2,354.296875
exp3_3.00x,45.07362781598931,1,99.8529150537477,2800.0,54.55,354.296875
exp3_3.00x,45.57429517598939,1,99.86518041020948,2800.0,54.55,354.296875
exp3_3.00x,46.075089461985044,1,99.8396854234956,2800.0,54.55,354.296875
exp3_3.00x,46.575764080975205,2,99.86463727811824,2800.0,54.0,354.296875
exp3_3.00x,47.076472015993204,2,99.83633709289255,2800.0,54.55,354.296875
exp3_3.00x,47.57765829897835,2,101.78453212295912,2800.0,54.0,354.296875
exp3_3.00x,48.07833999299328,2,99.84970243320657,2800.0,54.55,354.296875
exp3_3.00x,48.579117223998765,2,99.85935927438706,2800.0,53.45,354.296875
exp3_3.00x,49.0797541399952,2,99.86866352260219,2800.0,55.1,354.296875
exp3_3.00x,49.58043761199224,2,99.8685009460214,2800.0,54.0,354.296875
exp3_3.00x,50.081073287990876,1,99.87312597570316,2800.0,54.0,363.796875
exp3_3.00x,50.58173855699715,1,101.863244718505,2800.0,54.55,354.296875
exp3_3.00x,51.082742785976734,1,99.79912153803285,2800.0,55.65,354.296875
exp3_3.00x,51.58339303699904,1,99.87124917909088,2800.0,54.55,354.296875
exp3_3.00x,52.08404504598002,2,99.86275342842951,2800.0,53.45,354.296875
exp3_3.00x,52.584788721986115,2,99.8567443133616,2800.0,55.1,354.296875
exp3_3.00x,53.08542834297987,2,99.86762546014707,2800.0,54.55,354.296875
exp3_3.00x,53.5862826849916,2,99.80714883477015,2800.0,54.0,354.296875
exp3_3.00x,54.0874912099971,2,101.78035250559479,2800.0,55.1,354.296875
exp3_3.00x,54.5881548129837,2,99.86784328375484,2800.0,53.45,354.296875
exp3_3.00x,55.08882352698129,2,99.8704402769275,2800.0,55.1,354.296875
exp3_3.00x,55.589545184979215,2,99.82939715282014,2800.0,55.1,354.296875
exp3_3.00x,56.090701136999996,2,99.78507233001716,2800.0,54.0,354.296875
exp3_3.00x,56.5915060909756,2,99.84442202154248,2800.0,55.1,354.296875
exp3_3.00x,57.14056879800046,1,100.15103869623184,2800.0,56.2,354.296875
exp3_3.00x,57.64201424899511,1,101.71885153033952,2800.0,55.65,395.265625
exp3_3.00x,58.142832683981396,2,99.84881212478766,2800.0,55.1,354.296875
exp3_3.00x,58.64348180597881,2,99.86826776415215,2800.0,54.0,354.296875
exp3_3.00x,59.14420620497549,2,99.85499736179635,2800.0,55.1,354.296875
exp3_3.00x,59.644876493985066,2,99.8699006813068,2800.0,55.65,354.296875
exp3_3.00x,60.145542745973216,2,99.85535193477986,2800.0,54.55,354.296875
exp3_3.00x,60.646392014983576,2,99.83550223689949,2800.0,54.0,354.296875
exp3_3.00x,61.14718104398344,2,99.83578670331956,2800.0,55.65,354.296875
exp3_3.00x,61.647839961980935,2,99.88040380540362,2800.0,55.1,354.296875
exp3_3.00x,62.14849775098264,2,101.84418755701861,2800.0,54.0,354.296875
exp3_3.00x,62.64936068697716,2,99.84597620345755,2800.0,53.45,354.296875
exp3_3.00x,63.15000758797396,2,99.87179936173735,2800.0,54.0,354.296875
exp3_3.00x,63.65065417299047,3,99.87213909227242,2800.0,54.0,354.296875
exp3_3.00x,64.15132705497672,3,99.86565253972852,2800.0,54.55,354.453125
exp3_3.00x,64.6520203629916,2,99.83500747039146,2800.0,55.65,395.453125
exp3_3.00x,65.15322861299501,2,99.74568760221011,2800.0,55.1,354.484375
exp3_3.00x,65.65449382498628,2,99.78517528621907,2800.0,55.65,354.484375
exp3_3.00x,66.1552432619792,2,99.8513044317747,2800.0,54.0,354.484375
exp3_3.00x,66.65591569998651,2,101.86275440404275,2800.0,55.1,354.484375
exp3_3.00x,67.15669548898586,2,99.84183715050771,2800.0,54.0,354.484375
exp3_3.00x,67.6573935749766,2,99.85748260625617,2800.0,55.1,354.484375
exp3_3.00x,68.15811943897279,2,99.84636739246132,2800.0,54.55,354.484375
exp3_3.00x,68.65898407998611,2,99.83672402329012,2800.0,54.0,354.484375
exp3_3.00x,69.15973768397816,2,99.84880434852865,2800.0,56.2,354.484375
exp3_3.00x,69.6615555419994,3,101.63132161107752,2800.0,56.2,354.484375
exp3_3.00x,70.16234036898823,3,97.84797106005766,2800.0,55.1,354.484375
exp3_3.00x,70.66309932500008,3,99.85011140379193,2800.0,55.65,354.484375
exp3_3.00x,71.16378674498992,3,99.86125317152614,2800.0,55.1,354.5
exp3_3.00x,71.6644695539726,2,99.87089031306373,2800.0,54.55,364.0
exp3_3.00x,72.1650807709957,2,99.87486897474297,2800.0,56.2,354.5
exp3_3.00x,72.6657409319887,2,101.8657118583378,2800.0,53.45,354.5
exp3_3.00x,73.16638187097851,2,99.87185441865405,2800.0,54.55,354.5
exp3_3.00x,73.66705468099099,2,99.85696887452964,2800.0,54.0,354.5
exp3_3.00x,74.1678185449855,2,99.8546645325824,2800.0,56.2,354.5
exp3_3.00x,74.66854072498973,2,99.8569357678003,2800.0,53.45,354.5
exp3_3.00x,75.16918847899069,3,99.86747685461275,2800.0,54.0,354.5
exp3_3.00x,75.66994738098583,3,101.83998412918382,2800.0,54.55,354.5
exp3_3.00x,76.1707307639881,3,99.85214234359081,2800.0,55.1,354.5
exp3_3.00x,76.67137664798065,3,99.86784248841626,2800.0,56.2,354.5
exp3_3.00x,77.17217747599352,3,99.84495296853547,2800.0,54.55,354.5
exp3_3.00x,77.67281095299404,3,99.87259313240219,2800.0,54.55,354.5
exp3_3.00x,78.17345778198796,3,101.86377879040391,2800.0,55.1,354.5
exp3_3.00x,78.67978856098489,2,100.70569296946962,2800.0,54.55,354.5
exp3_3.00x,79.18095596099738,2,97.7822440290429,2800.0,55.1,395.46875
exp3_3.00x,79.68177884499892,2,99.8481098580431,2800.0,54.0,354.5
exp3_3.00x,80.18240593298106,2,99.87322471853429,2800.0,55.1,354.5
exp3_3.00x,80.68306157700135,2,99.86650883953457,2800.0,55.65,354.5
exp3_3.00x,81.18373796198284,3,99.86781296801125,2800.0,53.45,354.5
exp3_3.00x,81.68445825297385,3,99.83053307333509,2800.0,54.55,354.5
exp3_3.00x,82.18564819099265,3,101.78169455392974,2800.0,56.2,354.5
exp3_3.00x,82.68631546499091,3,99.87041334432435,2800.0,54.0,354.5
exp3_3.00x,83.18694699800108,3,99.86984821585253,2800.0,54.55,354.5
exp3_3.00x,83.68764562398428,3,99.838111501962,2800.0,54.0,354.5
exp3_3.00x,84.18881185798091,3,99.7906330630714,2800.0,55.1,354.5
exp3_3.00x,84.68952703897958,3,101.83865457581356,2800.0,54.55,354.5
exp3_3.00x,85.19042101598461,3,99.84188081334656,2800.0,55.65,354.5
exp3_3.00x,85.69105306797428,3,99.87041693804659,2800.0,55.1,354.5
exp3_3.00x,86.1917135650001,2,99.87036167951582,2800.0,55.65,395.484375
exp3_3.00x,86.69242985799792,3,99.83135967240098,2800.0,55.1,354.515625
exp3_3.00x,87.19364920299267,3,99.78576854040732,2800.0,54.55,354.515625
exp3_3.00x,87.69428825599607,3,101.86511978290872,2800.0,54.0,354.515625
exp3_3.00x,88.19494152997504,3,99.87067546610984,2800.0,54.0,354.515625
exp3_3.00x,88.6956712679821,3,99.85029923471885,2800.0,55.1,354.515625
exp3_3.00x,89.19635570899118,3,99.85924719725924,2800.0,54.0,354.515625
exp3_3.00x,89.69709659498767,3,99.85740422658043,2800.0,54.0,354.515625
exp3_3.00x,90.1977809619857,3,99.8667709350195,2800.0,56.2,354.515625
exp3_3.00x,90.6985135889845,3,99.84668421990824,2800.0,54.55,354.515625
exp3_3.00x,91.19927358598216,3,99.83395456538334,2800.0,54.55,354.515625
exp3_3.00x,91.70035493298201,3,99.8021191469473,2800.0,54.55,354.515625
exp3_3.00x,92.20113820797997,3,99.84889966001359,2800.0,54.55,354.515625
exp3_3.00x,92.70183255698066,4,99.84818702188595,2800.0,54.0,354.515625
exp3_3.00x,93.20262788698892,3,101.84909406364851,2800.0,56.2,395.484375
exp3_3.00x,93.703735011979,3,99.78138357914993,2800.0,54.55,354.515625
exp3_3.00x,94.20442539898795,3,99.8597567616147,2800.0,54.0,354.515625
exp3_3.00x,94.70511661897763,3,99.82528418996309,2800.0,55.1,354.515625
exp3_3.00x,95.20646614997531,3,99.7670300159393,2800.0,55.1,354.515625
exp3_3.00x,95.70718005599338,3,101.85484991166885,2800.0,54.55,354.515625
exp3_3.00x,96.20779264697921,3,99.8792128749913,2800.0,54.55,354.515625
exp3_3.00x,96.70842558998265,3,99.86176594893061,2800.0,56.2,354.515625
exp3_3.00x,97.20934369799215,3,99.79882094352794,2800.0,54.0,354.515625
exp3_3.00x,97.71066104399506,3,99.76393717505296,2800.0,54.0,354.515625
exp3_3.00x,98.2112815429864,4,99.8649719733844,2800.0,54.0,354.515625
exp3_3.00x,98.71204268897418,4,99.86087183814031,2800.0,54.55,354.515625
exp3_3.00x,99.21268176200101,4,99.86476113995079,2800.0,56.2,354.515625
exp3_3.00x,99.71340824197978,4,101.85563329122647,2800.0,54.55,354.515625
exp3_3.00x,100.21402248198865,3,99.88538711080204,2800.0,54.55,364.015625
exp3_3.00x,100.71463744397624,3,99.84602305568374,2800.0,56.75,354.515625
exp3_3.00x,101.2158901989751,3,99.7553304965917,2800.0,54.55,354.515625
exp3_3.00x,101.71690182597376,3,99.79635695427737,2800.0,54.0,354.515625
exp3_3.00x,102.2181135629944,3,101.7779512487324,2800.0,56.2,354.515625
exp3_3.00x,102.71875367299072,3,99.84583084810029,2800.0,54.55,354.515625
exp3_3.00x,103.21992711399798,3,99.78842697772953,2800.0,54.55,354.515625
exp3_3.00x,103.72062350198394,3,99.84128231374878,2800.0,54.55,354.515625
exp3_3.00x,104.22182233197964,4,99.7832528153174,2800.0,54.0,354.515625
exp3_3.00x,104.72243757199612,4,99.87431377079825,2800.0,55.1,354.515625
exp3_3.00x,105.22310590499546,4,99.8656068533252,2800.0,54.55,354.515625
exp3_3.00x,105.72387232998153,4,101.814456597368,2800.0,56.2,354.515625
exp3_3.00x,106.22507690099883,4,99.79137754317533,2800.0,55.65,354.515625
exp3_3.00x,106.7258978819882,4,101.82448493091813,2800.0,54.55,354.515625
exp3_3.00x,107.22671076998813,4,99.84381850704574,2800.0,56.75,354.515625
exp3_3.00x,107.72766028699698,3,97.78526043601649,2800.0,55.65,395.484375
exp3_3.00x,108.22899667199817,3,99.76574683740526,2800.0,56.2,354.515625
exp3_3.00x,108.72963283897843,3,101.86699572761877,2800.0,54.55,354.515625
exp3_3.00x,109.23030404298333,3,99.86955538102201,2800.0,55.1,354.515625
exp3_3.00x,109.73100874599186,4,99.852425500375,2800.0,54.55,354.515625
exp3_3.00x,110.23173767197295,4,99.84714520691237,2800.0,54.55,354.515625
exp3_3.00x,110.73279076299514,4,99.79631233414901,2800.0,54.0,354.515625
exp3_3.00x,111.23359748499934,4,99.82176284707005,2800.0,54.55,354.515625
exp3_3.00x,111.73475126098492,4,101.78776904291914,2800.0,56.2,354.515625
exp3_3.00x,112.23540400198544,4,99.8644986544698,2800.0,55.1,354.515625
exp3_3.00x,112.73621818699758,4,99.84485587154488,2800.0,54.0,354.515625
exp3_3.00x,113.23685587299406,4,99.85116624557703,2800.0,54.55,354.515625
exp3_3.00x,113.73815707498579,4,99.734621329741,2800.0,54.55,354.515625
exp3_3.00x,114.23945725697558,4,99.74602129793938,2800.0,55.65,354.515625
exp3_3.00x,114.74064225499751,3,99.78866994762784,2800.0,55.1,395.5
exp3_3.00x,115.24125358997844,3,101.87228597640866,2800.0,56.2,354.53125
exp3_3.00x,115.74207771997317,4,99.83505392361832,2800.0,54.55,354.53125
exp3_3.00x,116.24269218498375,4,99.87617531315689,2800.0,56.2,354.53125
exp3_3.00x,116.7434463519894,4,99.85080791849451,2800.0,55.1,354.53125
exp3_3.00x,117.24407529798918,4,99.84573833363106,2800.0,55.1,354.53125
exp3_3.00x,117.74532937098411,4,99.77486001931223,2800.0,55.1,354.53125
exp3_3.00x,118.24600996499066,4,101.86239491060508,2800.0,55.65,354.53125
exp3_3.00x,118.74665974397794,4,99.87235174508163,2800.0,55.65,354.53125
exp3_3.00x,119.24727556097787,4,99.8748195000688,2800.0,54.0,354.53125
exp3_3.00x,119.74793015499017,4,99.86950331651585,2800.0,55.65,354.53125
exp3_3.00x,120.24858684197534,4,99.84661323269806,2800.0,55.1,354.53125
exp3_3.00x,120.749848396983,4,99.7693408715049,2800.0,56.2,354.53125
exp3_3.00x,121.2504996949865,5,101.87180329753855,2800.0,56.2,354.53125
exp3_3.00x,121.75112991899368,4,99.87270983200146,2800.0,55.1,364.03125
exp3_3.00x,122.2517764219956,4,99.86944447114917,2800.0,56.75,354.53125
exp3_3.00x,122.75244503497379,4,99.86864636739237,2800.0,55.1,354.53125
exp3_3.00x,123.25305025998387,4,99.8778856986646,2800.0,55.65,354.53125
exp3_3.00x,123.75387670597411,4,99.83143263352197,2800.0,55.1,354.53125
exp3_3.00x,124.2545936149836,4,99.85831522958576,2800.0,55.65,354.53125
exp3_3.00x,124.75523195098503,4,99.87362251355793,2800.0,54.0,354.53125
exp3_3.00x,125.2558894539834,4,99.87039359337089,2800.0,54.55,354.53125
exp3_3.00x,125.75654638299602,4,99.85360662795941,2800.0,55.1,354.53125
exp3_3.00x,126.25737793999724,4,99.84566775396279,2800.0,55.65,354.53125
exp3_3.00x,126.75807121998514,4,101.85189552705835,2800.0,56.2,354.53125
exp3_3.00x,127.25884394499008,5,99.85656104340858,2800.0,55.1,354.53125
exp3_3.00x,127.7595022439782,5,99.83361769361215,2800.0,54.55,354.53125
exp3_3.00x,128.2610599649779,5,99.71639579741277,2800.0,56.2,354.53125
exp3_3.00x,128.76309773797402,4,101.56432014384244,2800.0,54.55,354.53125
exp3_3.00x,129.26429194197408,4,99.77641203635554,2800.0,56.2,395.5
exp3_3.00x,129.76516431497294,4,99.83969379595254,2800.0,54.0,354.53125
exp3_3.00x,130.26585555798374,4,101.85010618187198,2800.0,54.55,354.53125
exp3_3.00x,130.76649269199697,4,99.87128010072294,2800.0,54.55,354.53125
exp3_3.00x,131.26725784299197,4,99.85787946909943,2800.0,54.55,354.53125
exp3_3.00x,131.7679321609903,4,99.86317925291866,2800.0,56.2,354.53125
exp3_3.00x,132.26861607198953,4,99.85451875726594,2800.0,55.65,354.53125
exp3_3.00x,132.76942855599918,5,101.83736878127208,2800.0,55.1,354.53125
exp3_3.00x,133.27013641200028,5,99.86923721246794,2800.0,54.55,354.53125
exp3_3.00x,133.77076332297293,5,99.87224043419636,2800.0,55.65,354.53125
exp3_3.00x,134.27137210499495,5,99.8772536471264,2800.0,55.65,354.53125
exp3_3.00x,134.77201164598227,5,99.87077760044879,2800.0,55.1,354.53125
exp3_3.00x,135.27282527898205,5,99.83426334281465,2800.0,55.1,354.53125
exp3_3.00x,135.7736285229912,5,99.84285772785556,2800.0,55.1,354.53125
exp3_3.00x,136.27453793399036,4,99.80468542575016,2800.0,55.65,395.5
exp3_3.00x,136.77557625097688,4,99.79127317721962,2800.0,55.1,354.53125
exp3_3.00x,137.27649004998966,4,99.8393467086014,2800.0,55.65,354.53125
exp3_3.00x,137.7770582959929,4,99.88043473270476,2800.0,54.55,354.53125
exp3_3.00x,138.27783500298392,4,99.84680843761377,2800.0,56.2,354.53125
exp3_3.00x,138.7784651379916,5,99.8738028560099,2800.0,55.1,354.53125
exp3_3.00x,139.27908312398358,5,99.87745316416652,2800.0,54.0,354.53125
exp3_3.00x,139.77968568497454,5,99.88139164773133,2800.0,55.65,354.53125
exp3_3.00x,140.2803019489802,5,99.87627067690336,2800.0,54.55,354.53125
exp3_3.00x,140.7808975839871,5,101.86528784098434,2800.0,54.55,354.53125
exp3_3.00x,141.28200799398473,5,99.7810245531098,2800.0,55.65,354.53125
exp3_3.00x,141.7827592389949,5,99.8573545718658,2800.0,55.1,354.53125
exp3_3.00x,142.2834044849733,5,99.86470090696614,2800.0,54.0,354.53125
exp3_3.00x,142.78413991598063,5,99.84093402008656,2800.0,56.2,354.53125
exp3_3.00x,143.2850822529872,4,101.80463609129211,2800.0,56.2,392.046875
exp3_3.00x,143.78634416198474,4,101.74247433405428,2800.0,56.2,354.53125
exp3_3.00x,144.28755496098893,5,99.78084753013187,2800.0,55.65,354.546875
exp3_3.00x,144.78821287298342,5,99.86849795620566,2800.0,55.1,354.546875
exp3_3.00x,145.2888543609879,5,99.86956914607838,2800.0,55.65,354.546875
exp3_3.00x,145.78956868097885,5,99.85770915578566,2800.0,56.2,354.546875
exp3_3.00x,146.2902884639916,5,99.84254730158493,2800.0,54.55,354.546875
exp3_3.00x,146.79116917197825,5,99.81545141020875,2800.0,55.1,354.546875
exp3_3.00x,147.29233500798,5,99.79418308389043,2800.0,54.55,354.546875
exp3_3.00x,147.79295877399272,5,101.86336231509624,2800.0,55.1,354.546875
exp3_3.00x,148.29374598298455,5,99.84807456361854,2800.0,55.1,354.546875
exp3_3.00x,148.79448069198406,5,99.82737889614936,2800.0,55.65,354.546875
exp3_3.00x,149.29614465599298,5,99.6690469375558,2800.0,55.1,354.546875
exp3_3.00x,149.7973673439992,5,99.77849114904818,2800.0,55.1,354.546875
exp3_3.00x,150.29822688599234,5,101.80442515251893,2800.0,56.2,354.546875
exp3_3.00x,150.7994832219847,5,97.77713267056585,2800.0,55.65,395.515625
exp3_3.00x,151.300120098982,5,99.87544293331821,2800.0,56.2,354.546875
exp3_3.00x,151.80076682797517,5,99.87005288194504,2800.0,54.0,354.546875
exp3_3.00x,152.3014385009883,5,101.86176848989393,2800.0,56.2,354.546875
exp3_3.00x,152.8020624339988,5,99.87962886965121,2800.0,54.55,354.546875
exp3_3.00x,153.30268244098988,5,99.87343318981087,2800.0,55.65,354.546875
exp3_3.00x,153.80331289197784,5,99.87054420474827,2800.0,54.55,354.546875
exp3_3.00x,154.3039827689936,5,99.8691737810334,2800.0,55.65,354.546875
exp3_3.00x,154.8046148129797,5,99.87274215377452,2800.0,54.55,354.546875
exp3_3.00x,155.30530489399098,5,99.86200049937426,2800.0,55.1,354.546875
exp3_3.00x,155.8059702529863,6,101.85833257959273,2800.0,55.1,354.546875
exp3_3.00x,156.3068068329885,6,99.82669586404604,2800.0,55.65,354.546875
exp3_3.00x,156.8076704129926,6,99.83875183082812,2800.0,53.45,354.546875
exp3_3.00x,157.30835990197374,6,99.85809286217584,2800.0,54.55,354.546875
exp3_3.00x,157.8092926479876,5,99.78504346128464,2800.0,55.1,395.515625
exp3_3.00x,158.31070178098162,5,99.75110900823695,2800.0,56.2,354.546875
exp3_3.00x,158.81141052898602,5,99.85865068347313,2800.0,55.65,354.5625
exp3_3.00x,159.31211898097536,5,99.85911934988825,2800.0,56.75,354.5625
exp3_3.00x,159.81277682099608,5,99.87255742586287,2800.0,55.1,354.5625
exp3_3.00x,160.31342386599863,5,101.8646768514858,2800.0,54.55,354.5625
exp3_3.00x,160.81406546698418,5,99.87250196175576,2800.0,54.55,354.5625
exp3_3.00x,161.31470675198943,5,99.86477789908346,2800.0,56.2,354.5625
exp3_3.00x,161.8162164039968,6,99.69087653600567,2800.0,56.2,354.5625
exp3_3.00x,162.3170970029896,6,99.83906163008498,2800.0,55.1,354.5625
exp3_3.00x,162.817820509983,6,101.83704789402316,2800.0,54.55,354.5625
exp3_3.00x,163.3186453509843,6,99.85403416781605,2800.0,55.1,354.5625
exp3_3.00x,163.81926946999738,6,99.86569741925892,2800.0,54.0,354.5625
exp3_3.00x,164.32015182898613,6,99.81934415186113,2800.0,56.2,354.5625
exp3_3.00x,164.82102837300044,5,99.83015058228786,2800.0,55.1,395.53125
exp3_3.00x,165.32186795497546,5,101.8242310076067,2800.0,55.1,354.5625
exp3_3.00x,165.82267049897928,5,99.8515672541453,2800.0,56.2,354.5625
exp3_3.00x,166.3233512849838,5,99.83917964963152,2800.0,55.1,354.5625
exp3_3.00x,166.82457410599454,5,99.77675031856455,2800.0,55.65,354.5625
exp3_3.00x,167.3252593179932,6,99.86952785092066,2800.0,55.1,354.5625
exp3_3.00x,167.82589862297755,6,99.86737452964336,2800.0,55.65,354.5625
exp3_3.00x,168.32655018699006,6,99.86869682868965,2800.0,55.1,354.5625
exp3_3.00x,168.82724628798314,6,99.85798915761214,2800.0,54.55,354.5625
exp3_3.00x,169.3279882229981,6,99.85990952919633,2800.0,55.1,354.5625
exp3_3.00x,169.82867834198987,6,99.86055970939748,2800.0,56.2,354.5625
exp3_3.00x,170.32948109100107,6,101.83471289356481,2800.0,55.65,354.5625
exp3_3.00x,170.83011647098465,6,99.87387966475528,2800.0,55.1,354.5625
exp3_3.00x,171.3307587209856,6,99.8733144912477,2800.0,56.75,354.5625
exp3_3.00x,171.8314073229849,5,99.87278983234701,2800.0,56.2,359.3125
exp3_3.00x,172.33204703597585,5,99.87327739074703,2800.0,56.2,354.5625
exp3_3.00x,172.83265302699874,5,99.87538308808,2800.0,55.1,354.5625
exp3_3.00x,173.3332902219845,6,99.8745483801891,2800.0,55.65,354.5625
exp3_3.00x,173.83398165699327,6,101.82832700977713,2800.0,56.2,354.5625
exp3_3.00x,174.33508633097517,6,99.79401617023201,2800.0,55.65,354.5625
exp3_3.00x,174.83594567197724,6,99.8436984862453,2800.0,55.1,354.5625
exp3_3.00x,175.33655092297704,6,99.87827235310507,2800.0,56.2,354.5625
exp3_3.00x,175.8371760629816,6,101.8715906589954,2800.0,55.1,354.5625
exp3_3.00x,176.33798077498795,6,99.81511485467261,2800.0,54.55,354.5625
exp3_3.00x,176.83918459698907,6,99.78470014430805,2800.0,55.1,354.5625
exp3_3.00x,177.33980699599488,6,99.87771811004585,2800.0,54.55,354.5625
exp3_3.00x,177.8405785059731,6,99.83309563300975,2800.0,54.55,354.5625
exp3_3.00x,178.34137112597818,6,99.8243996996554,2800.0,55.65,354.5625
exp3_3.00x,178.888025644992,6,100.61449368837114,2800.0,55.65,354.546875
exp3_3.00x,179.38924617000157,6,99.76761767779253,2800.0,55.1,395.515625
exp3_3.00x,179.89010425299057,6,101.83973623057805,2800.0,55.1,354.546875
exp3_3.00x,180.390782707982,6,99.83843724686598,2800.0,56.75,354.546875
exp3_3.00x,180.8919741229911,6,99.78410252710043,2800.0,55.1,354.546875
exp3_3.00x,181.39265765197342,6,99.85782263408379,2800.0,55.65,354.546875
exp3_3.00x,181.89339855097933,6,99.85689567873789,2800.0,55.1,354.546875
exp3_3.00x,182.39406154298922,6,99.87067267355837,2800.0,56.2,354.546875
exp3_3.00x,182.89472655399004,6,99.86215866641517,2800.0,55.1,354.546875
exp3_3.00x,183.39546185999643,6,99.85043682657326,2800.0,54.55,354.546875
exp3_3.00x,183.89627003698843,6,99.84551462375701,2800.0,55.1,354.546875
exp3_3.00x,184.39694786199834,6,99.84095136885625,2800.0,54.55,354.546875
exp3_3.00x,184.89810122197377,6,101.76920840132075,2800.0,55.1,354.546875
exp3_3.00x,185.39896817697445,6,99.84496831675929,2800.0,54.55,354.546875
exp3_3.00x,185.89962216897402,6,99.87209121692116,2800.0,56.2,354.546875
exp3_3.00x,186.40025247697486,5,99.87819813895766,2800.0,55.1,395.515625
exp3_3.00x,186.9009046179999,5,99.86441887058129,2800.0,56.2,354.546875
exp3_3.00x,187.40154764798353,5,99.87434828252705,2800.0,54.0,354.546875
exp3_3.00x,187.9021843809751,5,99.86916540363138,2800.0,54.55,354.546875
exp3_3.00x,188.40284646698274,5,99.87026991495904,2800.0,55.1,354.546875
exp3_3.00x,188.90352444097516,5,99.84000240581136,2800.0,56.2,354.546875
exp3_3.00x,189.40470124597778,5,99.77255389698126,2800.0,54.55,354.546875
exp3_3.00x,189.90556538599776,5,101.83931039940244,2800.0,55.1,354.546875
exp3_3.00x,190.40634413799853,5,99.84586534014726,2800.0,55.65,354.546875
exp3_3.00x,190.90702820499428,5,99.85170683429654,2800.0,55.1,354.546875
exp3_3.00x,191.40781656798208,5,99.85459832800542,2800.0,55.1,354.546875
exp3_3.00x,191.9085254870006,5,99.83242727531376,2800.0,55.1,354.546875
exp3_3.00x,192.40968832897488,5,101.76226645463753,2800.0,55.1,354.546875
exp3_3.00x,192.9106631539762,5,99.79831658074299,2800.0,54.55,354.546875
exp3_3.00x,193.41193340398604,4,99.77455938551489,2800.0,55.1,395.515625
exp3_3.00x,193.91263673099456,4,101.86211780638939,2800.0,54.55,354.546875
exp3_3.00x,194.41328963197884,4,99.87057632191981,2800.0,54.55,354.546875
exp3_3.00x,194.91401460699853,4,99.82758817379873,2800.0,56.2,354.546875
exp3_3.00x,195.41518763499334,4,99.79246659654338,2800.0,53.45,354.546875
exp3_3.00x,195.91583244298818,4,99.87278922852651,2800.0,56.2,354.546875
exp3_3.00x,196.41648869597702,4,99.86855201674645,2800.0,55.1,354.546875
exp3_3.00x,196.91713709797477,4,99.8636318126039,2800.0,54.0,354.546875
exp3_3.00x,197.4178879429819,4,99.85288096308551,2800.0,55.1,354.546875
exp3_3.00x,197.91876662097638,4,99.80127868862871,2800.0,56.2,354.546875
exp3_3.00x,198.4199117429962,4,101.7940685631583,2800.0,55.65,354.546875
exp3_3.00x,198.9205614219827,4,99.8712078825438,2800.0,57.3,354.546875
exp3_3.00x,199.42121978697833,4,99.86704121734958,2800.0,54.55,354.546875
exp3_3.00x,199.92193224397488,4,99.83441284737899,2800.0,55.1,354.546875
exp3_3.00x,200.42304219899233,3,99.80685317844696,2800.0,55.65,364.046875
exp3_3.00x,200.92366256398964,3,99.8745659322464,2800.0,55.65,354.546875
exp3_3.00x,201.42441613198025,3,101.8152405684223,2800.0,56.2,354.546875
exp3_3.00x,201.92566512298072,3,99.77844914105557,2800.0,54.55,354.546875
exp3_3.00x,202.42635630298173,3,99.86057366352422,2800.0,56.2,354.546875
exp3_3.00x,202.92702150097466,3,99.86934233953689,2800.0,55.1,354.546875
exp3_3.00x,203.42768014399917,3,99.86669374245027,2800.0,56.2,354.546875
exp3_3.00x,203.92837237997446,3,99.83839618051864,2800.0,55.1,354.5625
exp3_3.00x,204.42951776098926,3,101.7936504284119,2800.0,54.55,354.5625
exp3_3.00x,204.93020038498798,3,99.8357677666891,2800.0,55.1,354.5625
exp3_3.00x,205.43168970898842,3,99.72044112231873,2800.0,56.2,354.5625
exp3_3.00x,205.93248396299896,3,99.84907731915732,2800.0,55.65,354.5625
exp3_3.00x,206.43313267998747,3,99.85529210781229,2800.0,55.1,354.5625
exp3_3.00x,206.9340951369959,3,101.79554324406719,2800.0,55.65,354.5625
exp3_3.00x,207.45868933497695,2,99.12760388539199,2800.0,54.55,354.5625
exp3_3.00x,207.9599600309739,2,99.7533817093875,2800.0,55.65,395.53125
exp3_3.00x,208.46087478398113,2,99.82667972095571,2800.0,54.55,354.5625
exp3_3.00x,208.96167074199184,2,101.83989383559465,2800.0,56.2,354.5625
exp3_3.00x,209.4623823479924,2,99.85968316122928,2800.0,54.55,354.5625
exp3_3.00x,209.96305015898542,2,99.8669708049405,2800.0,55.1,354.5625
exp3_3.00x,210.4637105249858,2,99.8692571603529,2800.0,55.1,354.5625
exp3_3.00x,210.96433876099763,2,99.87506448756892,2800.0,56.2,354.5625
exp3_3.00x,211.4649878309865,2,99.8644846934411,2800.0,54.55,354.5625
exp3_3.00x,211.96581880797748,2,99.81274131355885,2800.0,56.2,354.5625
exp3_3.00x,212.46700967097422,2,99.78600472197533,2800.0,55.65,354.5625
exp3_3.00x,212.9677395929757,2,99.82712996025771,2800.0,55.1,354.5625
exp3_3.00x,213.46894173399778,2,101.7876120012441,2800.0,55.1,354.5625
exp3_3.00x,213.96973804399022,2,99.82849923034102,2800.0,56.2,354.5625
exp3_3.00x,214.4707947789866,2,99.77390256010698,2800.0,55.65,354.5625
exp3_3.00x,214.9719634569774,1,99.7746141382567,2800.0,55.65,395.53125
exp3_3.00x,215.47284687799402,1,99.84125320360019,2800.0,55.65,354.5625
exp3_3.00x,215.97365192999132,1,101.8373177362729,2800.0,55.65,354.5625
exp3_3.00x,216.4743434439879,1,99.83333104663096,2800.0,56.75,354.5625
exp3_3.00x,216.9752169949934,1,99.8246534072363,2800.0,55.1,354.5625
exp3_3.00x,217.4762553969922,1,99.81940912074751,2800.0,56.2,354.5625
exp3_3.00x,217.97695856000064,1,99.8363580255345,2800.0,55.65,354.5625
exp3_3.00x,218.47804168399307,1,99.80900707979127,2800.0,55.1,354.5625
exp3_3.00x,218.97873856997467,1,99.82947369024694,2800.0,55.1,354.5625
exp3_3.00x,219.47985645299195,1,99.80822867073562,2800.0,55.1,354.5625
exp3_3.00x,219.9805654489901,1,101.81749864999391,2800.0,55.65,354.5625
exp3_3.00x,220.4816757029912,1,99.81315077589204,2800.0,54.55,354.5625
exp3_3.00x,220.982343680982,1,99.86963736763474,2800.0,55.65,354.5625
exp3_3.00x,221.48303049299284,1,99.8617549838825,2800.0,56.2,354.5625
exp3_3.00x,221.9838421929744,0,99.79607689218362,2800.0,56.75,388.140625
exp3_3.00x,222.48521885299124,0,99.73761009709472,2800.0,56.75,354.5625
exp3_3.00x,222.98636992200045,0,101.7874537479986,2800.0,55.1,354.5625
exp3_3.00x,223.48752763899392,0,99.777633773447,2800.0,56.75,354.5625
exp3_3.00x,223.98823135797284,0,99.83162896252557,2800.0,54.55,354.5625
exp3_3.00x,224.48945229698438,0,101.77391982565801,2800.0,56.2,354.5625
exp3_3.00x,224.9901261269988,0,99.87278843310915,2800.0,55.1,354.5625
exp3_3.00x,225.49078305097646,0,99.87035769101108,2800.0,56.75,354.5625
exp3_3.00x,225.99144358499325,0,99.83801521314088,2800.0,56.2,354.5625
exp3_3.00x,226.49263978397357,0,99.78953747672792,2800.0,56.2,354.5625
exp3_3.00x,226.99330554099288,0,99.85640330038306,2800.0,55.1,354.5625
exp3_3.00x,227.49409920498147,0,101.83754711662567,2800.0,55.1,354.5625
exp3_3.00x,227.99491594199208,0,99.83540157288793,2800.0,55.1,354.5625
exp3_3.00x,228.49573979098932,0,99.84788773338647,2800.0,55.65,354.5625
exp2_2.10x,0.5005788879934698,0,99.84945697237853,2800.0,49.05,346.890625
exp2_2.10x,1.002431194006931,0,99.63696514532701,2800.0,47.4,324.078125
exp2_2.10x,1.5031785439932719,0,99.8480723700494,2800.0,47.95,324.4375
exp2_2.10x,2.003902152995579,0,99.8578138580945,2800.0,45.75,325.21875
exp2_2.10x,2.504605077992892,0,99.86014068109391,2800.0,46.3,326.0
exp2_2.10x,3.005361224000808,0,101.82236192699816,2800.0,46.85,326.8125
exp2_2.10x,3.5066359599877615,0,101.74348676224787,2800.0,46.3,327.609375
exp2_2.10x,4.007546031003585,0,99.83531306345041,2800.0,45.75,328.34375
exp2_2.10x,4.511538582009962,0,99.21180349817566,2800.0,46.85,329.328125
exp2_2.10x,5.012282048992347,0,99.82460716670045,2800.0,46.85,329.90625
exp2_2.10x,5.513592334988061,0,101.75897288032458,2800.0,46.3,330.984375
exp2_2.10x,6.014315881009679,0,99.85577690100341,2800.0,46.3,331.625
exp2_2.10x,6.515023054991616,0,99.85773448537779,2800.0,47.95,332.21875
exp2_2.10x,7.015751505998196,0,99.85733223161346,2800.0,45.75,332.953125
exp2_2.10x,7.516428825998446,0,29.96262737564799,2800.0,45.75,327.234375
exp2_2.10x,8.016921683010878,0,0.0,2800.0,45.2,327.234375
exp2_2.10x,8.517520446010167,0,55.92460703024394,2800.0,45.75,374.203125
exp2_2.10x,9.018394854996586,0,99.82925463596581,2800.0,46.3,333.234375
exp2_2.10x,9.519184967997717,0,99.84447526105454,2800.0,46.3,333.234375
exp2_2.10x,10.020173133991193,0,99.80566738747777,2800.0,47.95,333.234375
exp2_2.10x,10.520835614996031,0,97.86722334168381,2800.0,46.3,333.234375
exp2_2.10x,11.021696853014873,0,99.81198057928377,2800.0,46.85,333.234375
exp2_2.10x,11.52282575701247,0,99.7899907661173,2800.0,46.3,333.234375
exp2_2.10x,12.023643401014851,0,101.82958350401266,2800.0,47.4,333.234375
exp2_2.10x,12.52438895200612,0,99.85339385183865,2800.0,46.3,333.234375
exp2_2.10x,13.02513268601615,0,101.84420240793305,2800.0,46.85,333.25
exp2_2.10x,13.525898716005031,0,99.85485297843952,2800.0,47.4,333.25
exp2_2.10x,14.026848319015699,0,99.81093035185842,2800.0,47.95,333.25
exp2_2.10x,14.527929605013924,0,99.77402859008961,2800.0,47.95,333.25
exp2_2.10x,15.028863223997178,0,99.80886442399864,2800.0,47.95,333.25
exp2_2.10x,15.529861249990063,0,79.86580946787558,2800.0,46.85,327.265625
exp2_2.10x,16.030223423993448,0,0.0,2800.0,45.75,327.265625
exp2_2.10x,16.533794273011154,0,9.925283635967622,2800.0,46.85,333.265625
exp2_2.10x,17.035209257010138,0,99.73620830065063,2800.0,47.95,375.15625
exp2_2.10x,17.536139741016086,0,99.82362582989555,2800.0,47.95,334.1875
exp2_2.10x,18.036888614005875,0,99.85611792131165,2800.0,47.95,334.1875
exp2_2.10x,18.537680041015847,0,101.83482737061603,2800.0,46.85,334.1875
exp2_2.10x,19.03839209699072,0,99.85716730641732,2800.0,47.4,334.1875
exp2_2.10x,19.539143319008872,0,99.82508448686708,2800.0,47.4,334.1875
exp2_2.10x,20.04028533399105,0,99.79717561346854,2800.0,47.95,334.1875
exp2_2.10x,20.541214997996576,0,101.81009464967819,2800.0,46.85,334.1875
exp2_2.10x,21.041936957015423,0,99.85722334551753,2800.0,46.3,334.1875
exp2_2.10x,21.542692007991718,0,99.82473471690263,2800.0,47.95,334.1875
exp2_2.10x,22.043807965004817,0,99.80129322914924,2800.0,47.4,334.1875
exp2_2.10x,22.54452047700761,0,99.84693584725667,2800.0,49.6,334.1875
exp2_2.10x,23.04547996801557,0,99.81767542814535,2800.0,47.4,334.1875
exp2_2.10x,23.546237163012847,0,99.85062147266378,2800.0,48.5,334.40625
exp2_2.10x,24.046929356991313,0,31.9587560741335,2800.0,46.3,330.5
exp2_2.10x,24.547470643999986,0,0.0,2800.0,46.3,330.5
exp2_2.10x,25.048081262008054,0,63.91127134357606,2800.0,47.95,375.484375
exp2_2.10x,25.5488775089907,0,99.84325228110265,2800.0,48.5,334.515625
exp2_2.10x,26.04972858700785,0,101.80257000539468,2800.0,46.85,334.515625
exp2_2.10x,26.553102491016034,0,99.35159551893898,2800.0,47.4,334.515625
exp2_2.10x,27.05386853098753,0,101.84778217288967,2800.0,47.95,334.515625
exp2_2.10x,27.5546171439928,0,99.83725010770188,2800.0,47.4,334.515625
exp2_2.10x,28.05549503301154,0,99.83428248192655,2800.0,46.3,334.515625
exp2_2.10x,28.556363087991485,0,99.79848470303732,2800.0,48.5,334.515625
exp2_2.10x,29.057923418004066,0,99.7212428268475,2800.0,48.5,334.515625
exp2_2.10x,29.558697138010757,0,99.81230914014564,2800.0,46.85,334.515625
exp2_2.10x,30.06004315201426,0,99.76505051241661,2800.0,49.05,334.515625
exp2_2.10x,30.56079446201329,0,101.80955281219694,2800.0,47.4,334.515625
exp2_2.10x,31.06231201099581,0,99.73486921389986,2800.0,49.05,334.515625
exp2_2.10x,31.563291633996414,0,99.79816877852488,2800.0,49.05,334.515625
exp2_2.10x,32.06411864500842,0,59.916752024812816,2800.0,48.5,331.515625
exp2_2.10x,32.564471268007765,0,0.0,2800.0,47.95,331.515625
exp2_2.10x,33.064971073996276,0,21.967282150103838,2800.0,46.3,334.515625
exp2_2.10x,33.566412451007636,0,99.73817850699348,2800.0,47.95,334.515625
exp2_2.10x,34.06755525400513,0,99.77693807640826,2800.0,49.05,334.515625
exp2_2.10x,34.5683313900081,0,99.82031484872493,2800.0,49.05,334.515625
exp2_2.10x,35.06965426399256,0,101.75777416910728,2800.0,47.95,334.515625
exp2_2.10x,35.570400324009825,0,99.8511728208891,2800.0,49.05,334.515625
exp2_2.10x,36.071139013016364,0,99.82664484192136,2800.0,49.05,334.515625
exp2_2.10x,36.572469625010854,0,99.73415661033408,2800.0,47.4,334.515625
exp2_2.10x,37.073677311011124,0,101.78123792305857,2800.0,47.95,334.515625
exp2_2.10x,37.57437629299238,0,99.8594791412959,2800.0,49.05,334.515625
exp2_2.10x,38.07514355200692,0,99.82148604116499,2800.0,49.05,334.515625
exp2_2.10x,38.57639341999311,0,99.77041769356268,2800.0,49.05,334.515625
exp2_2.10x,39.077394786989316,0,99.80933144029315,2800.0,49.05,334.515625
exp2_2.10x,39.57829491299344,0,99.81350465161678,2800.0,49.05,334.515625
exp2_2.10x,40.079250890004914,0,99.81266381016148,2800.0,47.95,334.515625
exp2_2.10x,40.58000392199028,0,5.991657671287867,2800.0,47.95,332.515625
exp2_2.10x,41.080538564012386,0,0.0,2800.0,46.85,332.515625
exp2_2.10x,41.58118898401153,0,77.86790550643211,2800.0,48.5,375.484375
exp2_2.10x,42.08267939899815,0,99.70703680101381,2800.0,47.95,334.515625
exp2_2.10x,42.58396772199194,0,99.76863871986369,2800.0,48.5,334.515625
exp2_2.10x,43.08471148999524,0,99.84299329733882,2800.0,48.5,334.515625
exp2_2.10x,43.5856496639899,0,99.8202554639243,2800.0,47.95,334.515625
exp2_2.10x,44.08641930000158,0,99.85011997531083,2800.0,47.95,334.515625
exp2_2.10x,44.587102510005934,0,99.86341899956098,2800.0,47.95,334.515625
exp2_2.10x,45.08778614399489,0,101.85864932621882,2800.0,50.15,334.515625
exp2_2.10x,45.58854150000843,0,99.82371810038238,2800.0,49.05,334.515625
exp2_2.10x,46.08979964899481,0,99.77530939726361,2800.0,48.5,334.515625
exp2_2.10x,46.59053670699359,0,99.83550024693982,2800.0,49.05,334.515625
exp2_2.10x,47.09146635499201,0,99.83201965043216,2800.0,48.5,334.515625
exp2_2.10x,47.59219700298854,0,99.85029106360037,2800.0,47.95,334.515625
exp2_2.10x,48.09295057601412,0,99.8538991661363,2800.0,48.5,334.515625
exp2_2.10x,48.59364446401014,0,51.934239826720145,2800.0,47.95,332.515625
exp2_2.10x,49.094135775987525,0,0.0,2800.0,46.85,332.515625
exp2_2.10x,49.59458845900372,0,31.96667908482407,2800.0,49.6,344.015625
exp2_2.10x,50.09527443500701,0,99.85925118487658,2800.0,49.05,334.515625
exp2_2.10x,50.596022448007716,0,99.85563930023555,2800.0,49.05,334.515625
exp2_2.10x,51.09667286800686,0,99.86313716778145,2800.0,49.6,334.515625
exp2_2.10x,51.597460416000104,0,101.84037234727657,2800.0,48.5,334.515625
exp2_2.10x,52.09817605500575,0,99.86023062764043,2800.0,48.5,334.515625
exp2_2.10x,52.59900056399056,0,99.83637018596467,2800.0,48.5,334.515625
exp2_2.10x,53.099809720006306,0,99.83496760779052,2800.0,48.5,334.515625
exp2_2.10x,53.600535078992834,0,99.85371291189236,2800.0,50.15,334.515625
exp2_2.10x,54.10127528899466,0,99.85613925692337,2800.0,47.95,334.515625
exp2_2.10x,54.60199110899703,0,99.82870412725123,2800.0,49.6,334.515625
exp2_2.10x,55.10325446299976,0,99.77546389993717,2800.0,49.05,334.515625
exp2_2.10x,55.603956356004346,0,99.85800112016373,2800.0,50.7,334.515625
exp2_2.10x,56.104697914008284,0,99.85022805666132,2800.0,49.6,334.515625
exp2_2.10x,56.60550984099973,0,101.83694357355249,2800.0,50.15,334.515625
exp2_2.10x,57.10617254499812,0,1.9977699692679793,2800.0,48.5,333.515625
exp2_2.10x,57.606541805987945,0,0.0,2800.0,48.5,333.515625
exp2_2.10x,58.10713267500978,0,85.88951447685388,2800.0,49.6,375.484375
exp2_2.10x,58.60813194999355,0,99.8022701438424,2800.0,50.7,334.515625
exp2_2.10x,59.10885989101371,0,99.85556890390365,2800.0,48.5,334.515625
exp2_2.10x,59.60961884999415,0,101.84574972648376,2800.0,50.15,334.515625
exp2_2.10x,60.110371345013846,0,99.84672528727113,2800.0,49.05,334.515625
exp2_2.10x,60.61123485700227,0,99.82798640006791,2800.0,50.7,334.515625
exp2_2.10x,61.11197734999587,0,99.8544838587752,2800.0,49.05,334.515625
exp2_2.10x,61.61267650901573,0,99.86206990636292,2800.0,49.05,334.515625
exp2_2.10x,62.113631443993654,0,101.80244868714891,2800.0,49.05,334.515625
exp2_2.10x,62.61437463801121,0,99.84706205600881,2800.0,49.6,334.515625
exp2_2.10x,63.11522614498972,0,99.83583873267699,2800.0,50.15,334.515625
exp2_2.10x,63.61595741199562,0,99.82385402391338,2800.0,50.15,334.515625
exp2_2.10x,64.11691762099508,0,99.83765917355139,2800.0,49.05,334.515625
exp2_2.10x,64.6176431440108,0,99.8536281598251,2800.0,49.6,334.515625
exp2_2.10x,65.11833363000187,0,43.948732660888,2800.0,49.6,334.515625
exp2_2.10x,65.61869068999658,0,0.0,2800.0,47.4,334.515625
exp2_2.10x,66.1191346560081,0,39.959649385461,2800.0,48.5,344.015625
exp2_2.10x,66.61981276900042,0,99.86066800490022,2800.0,49.05,334.515625
exp2_2.10x,67.12051751100807,0,99.86021427634925,2800.0,48.5,334.515625
exp2_2.10x,67.62120088099618,0,99.86263335629722,2800.0,49.05,334.515625
exp2_2.10x,68.12189558299724,0,99.86026991835814,2800.0,50.15,334.53125
exp2_2.10x,68.62261402601143,0,99.85814990064831,2800.0,49.6,334.53125
exp2_2.10x,69.12337355900672,0,99.82104760927292,2800.0,49.6,334.53125
exp2_2.10x,69.62461660901317,0,101.77426569673192,2800.0,50.7,334.53125
exp2_2.10x,70.12533993800753,0,99.85301736069596,2800.0,50.15,334.546875
exp2_2.10x,70.62613120899186,0,99.81891132389819,2800.0,49.05,334.546875
exp2_2.10x,71.12728257098934,0,99.79543930765537,2800.0,50.15,334.546875
exp2_2.10x,71.6280374340131,0,99.82207055147789,2800.0,49.05,334.546875
exp2_2.10x,72.12938064601622,0,101.72714379628884,2800.0,49.6,334.546875
exp2_2.10x,72.63073367101606,0,99.73256374135033,2800.0,49.05,334.546875
exp2_2.10x,73.13191019601072,0,87.83109623367262,2800.0,49.05,334.546875
exp2_2.10x,73.63227672400535,0,0.0,2800.0,49.05,334.546875
exp2_2.10x,74.13278617500328,0,0.0,2800.0,48.5,334.546875
exp2_2.10x,74.63346651400207,0,97.84988985840612,2800.0,49.05,376.125
exp2_2.10x,75.1341681109916,0,99.86876046271075,2800.0,48.5,335.15625
exp2_2.10x,75.63496722499258,0,99.81316034429955,2800.0,48.5,335.15625
exp2_2.10x,76.13618659699569,0,99.78661530432578,2800.0,49.6,335.15625
exp2_2.10x,76.63687419099733,0,99.8579387013307,2800.0,51.25,335.15625
exp2_2.10x,77.13765559901367,0,99.8183896200798,2800.0,50.15,335.15625
exp2_2.10x,77.63899532001233,0,99.76392921503577,2800.0,49.05,335.15625
exp2_2.10x,78.13964187400416,0,99.84238621421086,2800.0,49.05,335.15625
exp2_2.10x,78.64079622301506,0,99.79503257605445,2800.0,49.6,335.15625
exp2_2.10x,79.14158029400278,0,101.81469034104552,2800.0,50.7,335.15625
exp2_2.10x,79.64275366000948,0,99.78971075134632,2800.0,49.05,335.15625
exp2_2.10x,80.14345804401091,0,99.85805835587604,2800.0,49.05,335.15625
exp2_2.10x,80.64417168698856,0,99.85944324097851,2800.0,48.5,335.15625
exp2_2.10x,81.14486221701372,0,99.86234654847452,2800.0,49.6,335.15625
exp2_2.10x,81.64556663599797,0,29.96091365011148,2800.0,48.5,335.15625
exp2_2.10x,82.14608501800103,0,0.0,2800.0,49.6,335.15625
exp2_2.10x,82.64657954699942,0,49.94353503729958,2800.0,49.05,344.65625
exp2_2.10x,83.14738179600681,0,99.84259834576909,2800.0,50.7,335.15625
exp2_2.10x,83.64820284000598,0,99.79873031333558,2800.0,49.6,335.15625
exp2_2.10x,84.14954608600237,0,101.76400073262462,2800.0,49.05,335.15625
exp2_2.10x,84.65022236999357,0,99.86317885818892,2800.0,49.6,335.15625
exp2_2.10x,85.15092915299465,0,99.85674152158916,2800.0,50.7,335.15625
exp2_2.10x,85.6516542499885,0,99.8570667902479,2800.0,49.6,335.15625
exp2_2.10x,86.15235093800584,0,99.85964846228394,2800.0,49.6,335.15625
exp2_2.10x,86.65305492200423,0,99.86153220063147,2800.0,51.8,335.15625
exp2_2.10x,87.15380699699745,0,101.84476942725468,2800.0,50.7,335.15625
exp2_2.10x,87.65451127599226,0,99.85410915278534,2800.0,49.05,335.15625
exp2_2.10x,88.15536886799964,0,99.83521299158336,2800.0,50.7,335.15625
exp2_2.10x,88.65607397799613,0,99.86035847205241,2800.0,50.15,335.15625
exp2_2.10x,89.15678082799423,0,99.85547617405308,2800.0,49.05,335.15625
exp2_2.10x,89.65756788098952,0,85.88288168724105,2800.0,49.05,335.15625
exp2_2.10x,90.1579322850157,0,0.0,2800.0,49.6,335.15625
exp2_2.10x,90.68488936198992,0,9.484978617542646,2800.0,49.6,335.15625
exp2_2.10x,91.18629626100301,0,101.73458363045751,2800.0,51.8,376.125
exp2_2.10x,91.68705616201623,0,99.82478653752808,2800.0,49.6,335.15625
exp2_2.10x,92.18831852299627,0,99.77259789325718,2800.0,49.6,335.15625
exp2_2.10x,92.68904171901522,0,101.83718657601229,2800.0,49.6,335.15625
exp2_2.10x,93.18988987599732,0,99.84675939113906,2800.0,50.7,335.15625
exp2_2.10x,93.69060362598975,0,99.85621623003577,2800.0,50.7,335.15625
exp2_2.10x,94.19134028098779,0,99.85112437368512,2800.0,50.7,335.15625
exp2_2.10x,94.69210634400952,0,99.84688140971187,2800.0,51.25,335.15625
exp2_2.10x,95.1928655350057,0,99.85316292849978,2800.0,50.7,335.15625
exp2_2.10x,95.69379546499113,0,101.80843338711703,2800.0,51.25,335.15625
exp2_2.10x,96.19450982101262,0,99.85739903764592,2800.0,50.15,335.15625
exp2_2.10x,96.69522604701342,0,99.85467749260148,2800.0,49.6,335.15625
exp2_2.10x,97.19594391999999,0,99.85724069414452,2800.0,50.15,335.15625
exp2_2.10x,97.69666329200845,0,99.85782802040603,2800.0,49.05,335.15625
exp2_2.10x,98.19737084800727,0,17.97676334338297,2800.0,49.6,335.15625
exp2_2.10x,98.6978719230101,0,0.0,2800.0,48.5,335.15625
exp2_2.10x,99.19843136699637,0,65.91198324887263,2800.0,50.7,376.125
exp2_2.10x,99.69937229101197,0,99.82090691423727,2800.0,49.6,335.15625
exp2_2.10x,100.20010232500499,0,99.85655845478915,2800.0,49.6,335.15625
exp2_2.10x,100.70086117301253,0,99.82191849125323,2800.0,49.6,335.15625
exp2_2.10x,101.20191046400578,0,99.81575967303904,2800.0,51.8,335.15625
exp2_2.10x,101.70275710700662,0,99.8305627805428,2800.0,49.6,335.15625
exp2_2.10x,102.20348548900802,0,101.85268455033328,2800.0,49.6,335.15625
exp2_2.10x,102.70420618599746,0,99.8528071755113,2800.0,50.7,335.15625
exp2_2.10x,103.20503217799705,0,99.82144698396088,2800.0,51.25,335.15625
exp2_2.10x,103.7062243160035,0,99.7809311677023,2800.0,51.8,335.15625
exp2_2.10x,104.20834181999089,0,99.57076437394062,2800.0,50.7,335.15625
exp2_2.10x,104.70919019798748,0,101.82833839449594,2800.0,51.25,335.15625
exp2_2.10x,105.21011883398751,0,99.81823339533923,2800.0,49.6,335.15625
exp2_2.10x,105.71086804498918,0,99.82486147277662,2800.0,50.15,335.15625
exp2_2.10x,106.21211578900693,0,73.84816212223149,2800.0,49.6,335.15625
exp2_2.10x,106.71252225799253,0,0.0,2800.0,49.05,335.15625
exp2_2.10x,107.21302779900725,0,19.97067769319895,2800.0,49.05,335.15625
exp2_2.10x,107.71441543000401,0,99.71279742812818,2800.0,51.25,376.125
exp2_2.10x,108.21574444801081,0,99.75148214811456,2800.0,50.7,335.15625
exp2_2.10x,108.7170156330103,0,99.76771124106281,2800.0,51.25,335.15625
exp2_2.10x,109.21774372601067,0,101.85152675088496,2800.0,51.25,335.15625
exp2_2.10x,109.71850324500701,0,99.85218920160403,2800.0,49.6,335.15625
exp2_2.10x,110.2192123910063,0,99.8593022403374,2800.0,51.25,335.15625
exp2_2.10x,110.7198907409911,0,99.86173244430204,2800.0,51.25,335.15625
exp2_2.10x,111.22059047900257,0,99.86282243593308,2800.0,50.15,335.15625
exp2_2.10x,111.72132234601304,0,99.8420837691671,2800.0,50.15,335.15625
exp2_2.10x,112.22224343300331,0,99.82825227853252,2800.0,49.6,335.15625
exp2_2.10x,112.72291533500538,0,99.85449821747274,2800.0,50.7,335.15625
exp2_2.10x,113.22379092100891,0,99.83286640471133,2800.0,50.15,335.171875
exp2_2.10x,113.72456387701095,0,99.8367164519759,2800.0,50.15,335.171875
exp2_2.10x,114.2255162379879,0,103.80555496286516,2800.0,50.15,335.171875
exp2_2.10x,114.72633935901104,0,11.983222362106444,2800.0,50.7,335.171875
exp2_2.10x,115.22676094301278,0,0.0,2800.0,50.7,335.171875
exp2_2.10x,115.72726815601345,0,73.90029903973361,2800.0,50.15,376.140625
exp2_2.10x,116.22808136598906,0,101.85831732194956,2800.0,51.25,335.171875
exp2_2.10x,116.72875015099999,0,99.86166801819186,2800.0,51.25,335.171875
exp2_2.10x,117.22954947000835,0,101.81513304491688,2800.0,50.15,335.171875
exp2_2.10x,117.73082199200871,0,99.7428623015747,2800.0,50.7,335.171875
exp2_2.10x,118.2321121970017,0,99.76632451915835,2800.0,50.15,335.171875
exp2_2.10x,118.73287888598861,0,99.85204822144745,2800.0,51.25,335.171875
exp2_2.10x,119.2337262580113,0,99.82819547723705,2800.0,50.15,335.171875
exp2_2.10x,119.73457433300791,0,99.81937464697688,2800.0,52.35,335.171875
exp2_2.10x,120.23543835099554,0,101.83714732624273,2800.0,49.6,335.171875
exp2_2.10x,120.73634070300614,0,99.81459638589823,2800.0,50.7,335.171875
exp2_2.10x,121.23715168298804,0,99.81478129380542,2800.0,50.15,335.171875
exp2_2.10x,121.73836925299838,0,99.78781100023217,2800.0,51.25,335.171875
exp2_2.10x,122.23901747300988,0,99.86778284386374,2800.0,51.8,335.171875
exp2_2.10x,122.73969443299575,0,55.93387207016457,2800.0,50.7,335.171875
exp2_2.10x,123.24008461399353,0,0.0,2800.0,50.15,335.171875
exp2_2.10x,123.74047588801477,0,29.971832292421933,2800.0,51.25,344.671875
exp2_2.10x,124.24129954801174,0,99.77848597410664,2800.0,50.15,376.140625
exp2_2.10x,124.74351444400963,0,99.60754090595259,2800.0,51.8,335.171875
exp2_2.10x,125.24432497299858,0,99.81708878289415,2800.0,50.7,335.171875
exp2_2.10x,125.74563198100077,0,99.76500373035803,2800.0,50.15,335.171875
exp2_2.10x,126.24633008299861,0,99.86075536355968,2800.0,51.25,335.171875
exp2_2.10x,126.74707707299967,0,101.84627445186896,2800.0,51.25,335.171875
exp2_2.10x,127.24779630199191,0,99.85791915845937,2800.0,50.15,335.171875
exp2_2.10x,127.74850638399948,0,99.85768283368644,2800.0,50.7,335.171875
exp2_2.10x,128.24922920399695,0,99.85989556364626,2800.0,52.35,335.171875
exp2_2.10x,128.74992219099659,0,99.85398651295331,2800.0,50.7,335.171875
exp2_2.10x,129.2506929730007,0,99.84928967645921,2800.0,52.35,335.171875
exp2_2.10x,129.75141621701187,0,99.85088847570486,2800.0,50.15,335.171875
exp2_2.10x,130.25218460799078,0,99.8524879181195,2800.0,51.25,335.171875
exp2_2.10x,130.75287309198757,0,99.86109641206839,2800.0,51.8,335.234375
exp2_2.10x,131.2535877969931,0,23.97034685898072,2800.0,50.7,335.234375
exp2_2.10x,131.7539685209922,0,0.0,2800.0,49.05,335.234375
exp2_2.10x,132.25451516799512,0,87.87739819825002,2800.0,51.8,376.203125
exp2_2.10x,132.7553084270039,0,99.8604544034636,2800.0,50.7,335.234375
exp2_2.10x,133.25611588699394,0,99.84060686635583,2800.0,51.25,335.234375
exp2_2.10x,133.75704043899896,0,99.80903636829018,2800.0,49.6,335.234375
exp2_2.10x,134.25780371201108,0,99.84974550518639,2800.0,52.35,335.234375
exp2_2.10x,134.75855128199328,0,99.84829808185498,2800.0,51.25,335.234375
exp2_2.10x,135.25936748000095,0,99.84174823509855,2800.0,51.8,335.234375
exp2_2.10x,135.76008530700346,0,99.85349016452224,2800.0,50.7,335.234375
exp2_2.10x,136.26090678101173,0,99.80848408785849,2800.0,51.25,335.234375
exp2_2.10x,136.7621295680001,0,101.7768991380798,2800.0,51.25,335.234375
exp2_2.10x,137.2629664480046,0,99.83900221717467,2800.0,52.9,335.234375
exp2_2.10x,137.7636736049899,0,99.84877164763185,2800.0,51.25,335.234375
exp2_2.10x,138.26455335400533,0,99.83404466781423,2800.0,50.15,335.234375
exp2_2.10x,138.76528026899905,0,101.85075320219453,2800.0,51.25,335.234375
exp2_2.10x,139.26599684898974,0,49.937954191945906,2800.0,51.25,335.234375
exp2_2.10x,139.76640376399155,0,0.0,2800.0,49.6,335.234375
exp2_2.10x,140.26686421400518,0,39.95894098932485,2800.0,50.15,344.734375
exp2_2.10x,140.76752468201448,0,99.86228890731894,2800.0,50.7,335.234375
exp2_2.10x,141.268276073999,0,99.8518230904503,2800.0,52.35,335.234375
exp2_2.10x,141.7690325769945,0,99.84187204015913,2800.0,50.7,335.234375
exp2_2.10x,142.26977437498863,0,99.85431953497725,2800.0,52.35,335.234375
exp2_2.10x,142.77057569101453,0,99.83911824647684,2800.0,51.25,335.234375
exp2_2.10x,143.27143630199134,0,101.8280051676694,2800.0,49.6,335.234375
exp2_2.10x,143.77216498699272,0,99.85345945703543,2800.0,50.7,335.234375
exp2_2.10x,144.27293241099687,0,99.85199757384883,2800.0,52.35,335.234375
exp2_2.10x,144.77382753801066,0,99.82012453225926,2800.0,51.25,335.234375
exp2_2.10x,145.27455725701293,0,99.82748034447955,2800.0,51.8,335.234375
exp2_2.10x,145.7757751600002,0,99.78017409980389,2800.0,51.25,335.234375
exp2_2.10x,146.2765076920041,0,99.85616000053284,2800.0,51.25,335.234375
exp2_2.10x,146.77718903901405,0,101.86129974224434,2800.0,52.35,335.234375
exp2_2.10x,147.27784864400746,0,91.89547845301264,2800.0,50.7,335.234375
exp2_2.10x,147.77821400901303,0,0.0,2800.0,49.6,335.234375
exp2_2.10x,148.27866141000413,0,0.0,2800.0,50.7,335.234375
exp2_2.10x,148.779212680005,0,95.88449619315236,2800.0,52.35,376.203125
exp2_2.10x,149.27996548599913,0,99.8470879779066,2800.0,52.35,335.234375
exp2_2.10x,149.78072108700871,0,99.84786320961292,2800.0,50.7,335.234375
exp2_2.10x,150.2814772799902,0,101.84961944506269,2800.0,51.25,335.234375
exp2_2.10x,150.78216297199833,0,99.85945181409966,2800.0,51.25,335.234375
exp2_2.10x,151.28289340401534,0,99.85575915240997,2800.0,51.25,335.234375
exp2_2.10x,151.78359941000235,0,99.85825918926004,2800.0,51.8,335.234375
exp2_2.10x,152.28431837799144,0,99.85700018780454,2800.0,51.25,335.234375
exp2_2.10x,152.78503497500787,0,99.85052655252139,2800.0,51.8,335.234375
exp2_2.10x,153.2858670699934,0,99.84131102355518,2800.0,51.25,335.234375
exp2_2.10x,153.78660657201544,0,99.84828552390691,2800.0,51.8,335.234375
exp2_2.10x,154.2873550739896,0,99.84970004225433,2800.0,51.8,335.234375
exp2_2.10x,154.78825055601192,0,99.82239379627067,2800.0,52.35,335.234375
exp2_2.10x,155.28921905500465,0,101.77953819571445,2800.0,52.9,335.234375
exp2_2.10x,155.79047219999484,0,39.91532195964757,2800.0,50.7,335.234375
exp2_2.10x,156.29096092199325,0,0.0,2800.0,51.25,335.234375
exp2_2.10x,156.7914207910071,0,51.94038801625796,2800.0,51.25,344.734375
exp2_2.10x,157.2924893790041,0,97.78309987753227,2800.0,52.35,335.234375
exp2_2.10x,157.7932741160039,0,99.85465674960795,2800.0,52.35,335.234375
exp2_2.10x,158.29396740801167,0,99.86486147423958,2800.0,51.25,335.234375
exp2_2.10x,158.79465499598882,0,99.86217262679351,2800.0,51.25,335.234375
exp2_2.10x,159.29541893399437,0,101.82121091069871,2800.0,51.8,335.234375
exp2_2.10x,159.79672223998932,0,99.7355806291138,2800.0,51.8,335.234375
exp2_2.10x,160.2979730819934,0,99.75185628699302,2800.0,52.35,335.234375
exp2_2.10x,160.79888812900754,0,99.83976257431797,2800.0,52.35,335.234375
exp2_2.10x,161.29960063801263,0,99.8611466683795,2800.0,51.25,335.234375
exp2_2.10x,161.80030520199216,0,99.85818120885966,2800.0,52.35,335.234375
exp2_2.10x,162.30103995100944,0,101.82230724655314,2800.0,50.7,335.234375
exp2_2.10x,162.80228106700815,0,99.77567713793887,2800.0,52.9,335.234375
exp2_2.10x,163.3032344430103,0,99.81452146606023,2800.0,51.25,335.234375
exp2_2.10x,163.80401935600094,0,81.88561087421809,2800.0,51.8,335.234375
exp2_2.10x,164.3043837879959,0,0.0,2800.0,51.8,335.234375
exp2_2.10x,164.83592655399116,0,11.282961012907894,2800.0,50.15,335.234375
exp2_2.10x,165.33721383300144,0,101.75198868495009,2800.0,51.25,376.203125
exp2_2.10x,165.83808153899736,0,97.83773005985873,2800.0,51.25,335.234375
exp2_2.10x,166.3388524109905,0,99.85008408172253,2800.0,52.35,335.234375
exp2_2.10x,166.8396017269988,0,101.84281112275242,2800.0,52.35,335.234375
exp2_2.10x,167.34044396699755,0,99.837996275665,2800.0,51.8,335.234375
exp2_2.10x,167.84115543001099,0,99.8505608563011,2800.0,52.35,335.234375
exp2_2.10x,168.34205377899343,0,99.82770138062281,2800.0,52.35,335.234375
exp2_2.10x,168.84277792600915,0,99.8531276305028,2800.0,52.35,335.234375
exp2_2.10x,169.34352344099898,0,99.85723790234432,2800.0,51.25,335.234375
exp2_2.10x,169.84420288199908,0,99.85520695839759,2800.0,50.7,335.234375
exp2_2.10x,170.34502519201487,0,99.83194689149578,2800.0,51.25,335.234375
exp2_2.10x,170.84582639101427,0,101.82052909912437,2800.0,51.8,335.234375
exp2_2.10x,171.34670316200936,0,99.84441783781865,2800.0,52.35,335.234375
exp2_2.10x,171.8476429140137,0,99.78820292759798,2800.0,51.8,335.234375
exp2_2.10x,172.34886190498946,0,21.955516849952186,2800.0,50.15,335.234375
exp2_2.10x,172.84940228701453,0,0.0,2800.0,51.25,335.234375
exp2_2.10x,173.35001227800967,0,65.89093705815718,2800.0,51.25,376.3125
exp2_2.10x,173.8513617849967,0,99.76158676577556,2800.0,52.35,335.34375
exp2_2.10x,174.35210671901586,0,99.85506436784142,2800.0,50.7,335.34375
exp2_2.10x,174.85284017099184,0,99.85136425976751,2800.0,51.25,335.34375
exp2_2.10x,175.35361373299384,0,99.85011618573594,2800.0,52.35,335.34375
exp2_2.10x,175.85454371999367,0,99.81154004472113,2800.0,52.9,335.34375
exp2_2.10x,176.35575566798798,0,99.73266041742124,2800.0,51.8,335.34375
exp2_2.10x,176.85693557799095,0,99.78798306906006,2800.0,52.9,335.34375
exp2_2.10x,177.35768511900096,0,101.84725478007141,2800.0,51.25,335.34375
exp2_2.10x,177.85840014001587,0,99.85726263386879,2800.0,51.8,335.34375
exp2_2.10x,178.35923805000493,0,99.83347756068375,2800.0,51.8,335.34375
exp2_2.10x,178.8599599399895,0,99.85491041367911,2800.0,52.9,335.34375
exp2_2.10x,179.36071155199897,0,99.82565628984952,2800.0,54.0,335.34375
exp2_2.10x,179.86192675400525,0,101.75093284525643,2800.0,52.9,335.34375
exp2_2.20x,0.5003327049780637,0,99.89325486566545,2800.0,54.0,347.984375
exp2_2.20x,1.0014332569844555,0,101.78509461738301,2800.0,53.45,324.515625
exp2_2.20x,1.5021755319903605,0,99.85016603636893,2800.0,52.9,325.46875
exp2_2.20x,2.002920639992226,0,99.85326821905603,2800.0,52.9,326.40625
exp2_2.20x,2.5036490990023594,0,99.85785873057979,2800.0,51.25,327.21875
exp2_2.20x,3.0045128889905754,0,99.82343550080431,2800.0,52.9,327.578125
exp2_2.20x,3.5053773279942106,0,99.82573880185247,2800.0,51.8,328.4375
exp2_2.20x,4.006249636004213,0,101.8200739478572,2800.0,51.8,329.015625
exp2_2.20x,4.506948388996534,0,99.86499132164438,2800.0,51.25,329.96875
exp2_2.20x,5.007703305978794,0,99.84369449406738,2800.0,51.8,330.96875
exp2_2.20x,5.508544779004296,0,99.8396481449015,2800.0,52.9,331.359375
exp2_2.20x,6.009254324977519,0,99.85593185612672,2800.0,52.9,332.125
exp2_2.20x,6.509973407984944,0,99.85407085936357,2800.0,52.9,332.75
exp2_2.20x,7.010716656979639,0,99.8539934949015,2800.0,51.8,333.671875
exp2_2.20x,7.511403163982322,0,29.96330112803034,2800.0,50.15,334.078125
exp2_2.20x,8.011903855978744,0,27.969593528425346,2800.0,51.25,343.578125
exp2_2.20x,8.51255025199498,0,101.8636259965366,2800.0,53.45,334.078125
exp2_2.20x,9.013270144991111,0,99.85617295513607,2800.0,51.8,334.078125
exp2_2.20x,9.514001815987285,0,99.82960863168958,2800.0,52.35,334.078125
exp2_2.20x,10.015223725000396,0,99.78035708947309,2800.0,52.9,334.078125
exp2_2.20x,10.515949709981214,0,99.85211103336249,2800.0,52.35,334.078125
exp2_2.20x,11.016730970994104,0,101.84044962666319,2800.0,51.8,334.078125
exp2_2.20x,11.517617378995055,0,99.82215744241427,2800.0,52.9,334.078125
exp2_2.20x,12.018571655993583,0,99.7840710624752,2800.0,52.35,334.078125
exp2_2.20x,12.51983783999458,0,99.77541691109383,2800.0,51.8,334.078125
exp2_2.20x,13.020618745998945,0,99.81205788445725,2800.0,51.8,334.078125
exp2_2.20x,13.521746372978669,0,99.80162809711818,2800.0,51.8,334.078125
exp2_2.20x,14.022673887986457,0,99.82078535933536,2800.0,52.35,334.078125
exp2_2.20x,14.523382144980133,0,99.85823884527335,2800.0,52.35,334.078125
exp2_2.20x,15.024101121991407,0,99.85423578013541,2800.0,52.35,334.078125
exp2_2.20x,15.524842154991347,0,5.99239059903263,2800.0,51.8,334.078125
exp2_2.20x,16.0252772620006,0,57.93807972002532,2800.0,52.35,375.046875
exp2_2.20x,16.528844486980233,0,101.274357478297,2800.0,53.45,334.078125
exp2_2.20x,17.029602146998513,0,99.85169566833436,2800.0,51.8,334.078125
exp2_2.20x,17.53031510298024,0,99.86065882789642,2800.0,52.35,334.078125
exp2_2.20x,18.03113494598074,0,99.83468275153369,2800.0,52.9,334.078125
exp2_2.20x,18.531849678984145,0,99.84954690548317,2800.0,52.9,334.078125
exp2_2.20x,19.03273303899914,0,99.80616385200844,2800.0,52.35,334.078125
exp2_2.20x,19.533937175001483,0,101.78204535511328,2800.0,52.9,334.078125
exp2_2.20x,20.034634219977306,0,99.859847102173,2800.0,51.25,334.078125
exp2_2.20x,20.535348189994693,0,99.85726183289455,2800.0,51.8,334.078125
exp2_2.20x,21.036060566984816,0,99.85566303268445,2800.0,51.8,334.078125
exp2_2.20x,21.53683070198167,0,99.82756704761005,2800.0,50.7,334.078125
exp2_2.20x,22.03799987200182,0,99.78346190220047,2800.0,53.45,334.078125
exp2_2.20x,22.538857375999214,0,99.82669626428802,2800.0,51.25,334.078125
exp2_2.20x,23.039734989986755,0,67.89683157944046,2800.0,51.25,334.078125
exp2_2.20x,23.54014510498382,0,0.0,2800.0,50.15,334.078125
exp2_2.20x,24.04066860798048,0,89.86355351518588,2800.0,53.45,375.046875
exp2_2.20x,24.542016199993668,0,99.73960581960662,2800.0,51.8,334.078125
exp2_2.20x,25.043209679977736,0,99.78280257762145,2800.0,54.0,334.078125
exp2_2.20x,25.543993475992465,0,99.82102828383682,2800.0,52.9,334.078125
exp2_2.20x,26.045246250985656,0,101.7686915679926,2800.0,51.8,334.078125
exp2_2.20x,26.545978176000062,0,99.85440887324314,2800.0,51.8,334.078125
exp2_2.20x,27.046688561997144,0,99.85832001811987,2800.0,51.25,334.078125
exp2_2.20x,27.54738137498498,0,99.86310665753038,2800.0,52.9,334.078125
exp2_2.20x,28.048081166984048,0,99.8543797612434,2800.0,51.8,334.078125
exp2_2.20x,28.549018069985323,0,101.81570685132195,2800.0,52.35,334.078125
exp2_2.20x,29.049751454003854,0,99.82449874638469,2800.0,54.0,334.078125
exp2_2.20x,29.551028130983468,0,99.77096776241288,2800.0,51.8,334.078125
exp2_2.20x,30.051759939990006,0,101.85116672102569,2800.0,52.35,334.078125
exp2_2.20x,30.55248919199221,0,99.8566366299941,2800.0,51.8,334.1875
exp2_2.20x,31.05321983198519,0,35.951164296886226,2800.0,51.25,334.1875
exp2_2.20x,31.55379567699856,0,19.969789702256474,2800.0,50.7,334.1875
exp2_2.20x,32.055030127987266,0,99.77687894023144,2800.0,52.35,375.21875
exp2_2.20x,32.555730118998326,0,99.86484033227188,2800.0,51.8,334.25
exp2_2.20x,33.05643329399754,0,99.85762359595451,2800.0,51.8,334.25
exp2_2.20x,33.55714587497641,0,99.86046377778396,2800.0,52.9,334.25
exp2_2.20x,34.05787869699998,0,99.82437458418313,2800.0,51.8,334.25
exp2_2.20x,34.55912971898215,0,101.77527916559463,2800.0,53.45,334.25
exp2_2.20x,35.059922223998,0,99.83305975746137,2800.0,51.25,334.25
exp2_2.20x,35.560750487988116,0,99.83957537484521,2800.0,52.35,334.25
exp2_2.20x,36.061482972989324,0,99.85317808192247,2800.0,52.9,334.25
exp2_2.20x,36.562224458000856,0,99.82815083443417,2800.0,51.8,334.25
exp2_2.20x,37.063438421988394,0,99.78303814820927,2800.0,52.9,334.25
exp2_2.20x,37.56414214600227,0,99.85917219876859,2800.0,52.9,334.25
exp2_2.20x,38.06487766499049,0,101.85125174815472,2800.0,51.8,334.25
exp2_2.20x,38.56557438898017,0,99.86020290532669,2800.0,52.35,334.25
exp2_2.20x,39.06624692498008,0,9.987566219615374,2800.0,51.25,334.25
exp2_2.20x,39.5687583629915,0,47.757115142249695,2800.0,52.9,343.75
exp2_2.20x,40.06937424998614,0,99.87218238681768,2800.0,52.35,334.25
exp2_2.20x,40.570016599987866,0,99.87304677604656,2800.0,52.35,334.25
exp2_2.20x,41.0706731340033,0,99.86634247916228,2800.0,52.9,334.25
exp2_2.20x,41.571388908982044,0,97.86191742362016,2800.0,51.8,334.25
exp2_2.20x,42.072074811992934,0,99.8629668365326,2800.0,52.35,334.25
exp2_2.20x,42.57269778900081,0,101.87105467522473,2800.0,52.9,334.25
exp2_2.20x,43.07334741298109,0,99.87105647958067,2800.0,51.25,334.25
exp2_2.20x,43.57398870398174,0,99.87085340595354,2800.0,54.0,334.25
exp2_2.20x,44.074650308000855,0,99.86981929224069,2800.0,53.45,334.25
exp2_2.20x,44.57529944900307,0,99.87330651376682,2800.0,52.35,334.25
exp2_2.20x,45.076186920981854,0,99.81745423921409,2800.0,52.35,334.25
exp2_2.20x,45.577005541999824,0,99.81179009743504,2800.0,54.0,334.25
exp2_2.20x,46.07819051199476,0,99.78350153242665,2800.0,51.25,334.25
exp2_2.20x,46.57902072300203,0,87.87251508303255,2800.0,52.35,334.25
exp2_2.20x,47.07948182398104,0,0.0,2800.0,51.25,334.25
exp2_2.20x,47.58005164700444,0,77.87306005745673,2800.0,53.45,375.21875
exp2_2.20x,48.08136990998173,0,101.76124085877257,2800.0,52.35,334.25
exp2_2.20x,48.58204413799103,0,97.86982842843567,2800.0,51.8,334.25
exp2_2.20x,49.08271112397779,0,99.8559069279253,2800.0,51.8,334.25
exp2_2.20x,49.58353414697922,0,99.84626171605886,2800.0,52.35,334.25
exp2_2.20x,50.084194853989175,0,99.86573551261337,2800.0,52.9,334.25
exp2_2.20x,50.584919097978855,0,101.85232859117035,2800.0,51.8,334.25
exp2_2.20x,51.085660080978414,0,99.83199712427268,2800.0,52.35,334.25
exp2_2.20x,51.58652745297877,0,99.84802371694288,2800.0,53.45,334.25
exp2_2.20x,52.08717786098714,0,99.8707596491276,2800.0,52.35,334.25
exp2_2.20x,52.58791699100402,0,99.85265801630017,2800.0,54.0,334.25
exp2_2.20x,53.0886481939815,0,99.82719931878275,2800.0,52.9,334.25
exp2_2.20x,53.58986261699465,0,99.78672303958574,2800.0,52.9,334.25
exp2_2.20x,54.09274647699203,0,99.43218890828791,2800.0,52.9,334.25
exp2_2.20x,54.593309641990345,0,63.93643554553892,2800.0,51.25,334.25
exp2_2.20x,55.10651003700332,0,9.740947678798108,2800.0,52.9,334.25
exp2_2.20x,55.60715082997922,0,99.87200184701221,2800.0,52.35,376.078125
exp2_2.20x,56.108224175986834,0,99.76047629211033,2800.0,52.9,335.109375
exp2_2.20x,56.6095588169992,0,99.76093350004234,2800.0,52.35,335.109375
exp2_2.20x,57.11023916298291,0,99.85182109403642,2800.0,52.35,335.109375
exp2_2.20x,57.61109339699033,0,99.83746600024824,2800.0,52.35,335.109375
exp2_2.20x,58.11177137098275,0,99.86424155738278,2800.0,51.8,335.109375
exp2_2.20x,58.612462066987064,0,97.85490075331128,2800.0,52.9,335.109375
exp2_2.20x,59.11332687299,0,101.82840223535985,2800.0,52.35,335.109375
exp2_2.20x,59.614086215995485,0,99.85502707776193,2800.0,52.9,335.109375
exp2_2.20x,60.11478202100261,0,99.83359416888898,2800.0,53.45,335.109375
exp2_2.20x,60.61601410098956,0,99.78122647342738,2800.0,52.35,335.109375
exp2_2.20x,61.116694200987695,0,99.86036784055024,2800.0,52.35,335.109375
exp2_2.20x,61.617368893988896,0,99.87172615581399,2800.0,53.45,335.109375
exp2_2.20x,62.1180152699817,0,101.86506159246296,2800.0,52.35,335.109375
exp2_2.20x,62.61868375798804,0,23.971986193392212,2800.0,51.25,335.109375
exp2_2.20x,63.11913731897948,0,39.95995229605976,2800.0,52.9,344.609375
exp2_2.20x,63.619729878992075,0,101.87298618337454,2800.0,53.45,335.109375
exp2_2.20x,64.12038638300146,0,99.8618718613191,2800.0,53.45,335.109375
exp2_2.20x,64.62159360598889,0,99.76639100649278,2800.0,52.9,335.109375
exp2_2.20x,65.12224216398317,0,99.87239603842959,2800.0,52.35,335.109375
exp2_2.20x,65.62299209198682,0,99.84989924030714,2800.0,52.35,335.109375
exp2_2.20x,66.12362368599861,0,99.87050490594518,2800.0,53.45,335.109375
exp2_2.20x,66.62429429698386,0,99.86796695615654,2800.0,52.35,335.109375
exp2_2.20x,67.1251380929898,0,101.824575398356,2800.0,52.9,335.109375
exp2_2.20x,67.62588844398852,0,99.85410217662478,2800.0,54.0,335.109375
exp2_2.20x,68.12653112699627,0,99.87230806139355,2800.0,53.45,335.109375
exp2_2.20x,68.62716118097887,0,99.87321674106776,2800.0,52.9,335.109375
exp2_2.20x,69.12782071498805,0,99.86623896064528,2800.0,52.9,335.109375
exp2_2.20x,69.62848519399995,0,99.86809701482687,2800.0,52.35,335.109375
exp2_2.20x,70.12914524498046,0,87.8997494547184,2800.0,52.9,335.109375
exp2_2.20x,70.62955259298906,0,0.0,2800.0,51.25,335.109375
exp2_2.20x,71.1300831999979,0,69.91959316609,2800.0,52.35,376.078125
exp2_2.20x,71.63070847198833,0,99.87554508321473,2800.0,52.9,335.109375
exp2_2.20x,72.13135113200406,0,99.86580014134718,2800.0,52.35,335.109375
exp2_2.20x,72.6320386059815,0,99.86822706803054,2800.0,54.0,335.109375
exp2_2.20x,73.13275891297963,0,101.85018022016774,2800.0,52.35,335.109375
exp2_2.20x,73.63366768098786,0,99.82112971925996,2800.0,52.9,335.109375
exp2_2.20x,74.13435807899805,0,99.86218838083846,2800.0,52.35,335.109375
exp2_2.20x,74.63501718098996,0,99.87035529326384,2800.0,52.9,335.109375
exp2_2.20x,75.13579383699107,0,99.82725672221466,2800.0,54.0,335.109375
exp2_2.20x,75.63657152900123,0,99.86252844071444,2800.0,53.45,335.109375
exp2_2.20x,76.13725553598488,0,99.85236887469328,2800.0,52.35,335.109375
exp2_2.20x,76.63805539297755,0,99.84358823146049,2800.0,51.8,335.109375
exp2_2.20x,77.13894569399417,0,99.8272758528395,2800.0,52.35,335.109375
exp2_2.20x,77.63971736599342,0,101.8424448450088,2800.0,54.0,335.109375
exp2_2.20x,78.14035012898967,0,57.93783652787618,2800.0,51.25,335.109375
exp2_2.20x,78.64071967097698,0,0.0,2800.0,51.8,335.109375
exp2_2.20x,79.14127250798629,0,99.85804579547275,2800.0,52.9,376.078125
exp2_2.20x,79.6423151390045,0,99.81453322102698,2800.0,54.0,335.109375
exp2_2.20x,80.14295173299615,0,99.87258075993827,2800.0,51.8,335.109375
exp2_2.20x,80.64372940099565,0,99.84374793009164,2800.0,51.8,335.109375
exp2_2.20x,81.14437469700351,0,99.87029804345418,2800.0,53.45,335.109375
exp2_2.20x,81.64510697498918,0,99.83065028377406,2800.0,52.9,335.109375
exp2_2.20x,82.1463377129985,0,99.7666022185014,2800.0,54.0,335.109375
exp2_2.20x,82.64717380399816,0,99.82124271423729,2800.0,52.35,335.109375
exp2_2.20x,83.1483357620018,0,101.78730300996354,2800.0,52.35,335.109375
exp2_2.20x,83.64907353799208,0,101.8247902902284,2800.0,53.45,335.109375
exp2_2.20x,84.15024292099406,0,99.79406675902825,2800.0,53.45,335.109375
exp2_2.20x,84.65087101000245,0,99.87086756615824,2800.0,53.45,335.109375
exp2_2.20x,85.15151857997989,0,99.86998864829594,2800.0,54.0,335.109375
exp2_2.20x,85.65218155598268,0,99.86977461220204,2800.0,54.0,335.109375
exp2_2.20x,86.15282555099111,0,29.965169684919765,2800.0,51.25,335.109375
exp2_2.20x,86.6533126749855,0,27.970721199964906,2800.0,51.8,344.609375
exp2_2.20x,87.15389903797768,0,99.87843814933726,2800.0,52.9,335.109375
exp2_2.20x,87.6545381610049,0,99.8716884526862,2800.0,52.9,335.109375
exp2_2.20x,88.15520022599958,0,99.86205156345113,2800.0,53.45,335.109375
exp2_2.20x,88.65597514298861,0,101.84771322290146,2800.0,52.35,335.109375
exp2_2.20x,89.15663737399154,0,99.86251707496962,2800.0,54.0,335.109375
exp2_2.20x,89.6573598269897,0,99.83748135197222,2800.0,52.9,335.109375
exp2_2.20x,90.15855738800019,0,99.78380441665597,2800.0,52.9,335.109375
exp2_2.20x,90.65932017299929,0,99.84722476009783,2800.0,52.9,335.109375
exp2_2.20x,91.15996691997861,0,99.86788477490292,2800.0,54.55,335.109375
exp2_2.20x,91.66084264797973,0,101.82464167813356,2800.0,52.35,335.109375
exp2_2.20x,92.16152307900484,0,99.85096584115905,2800.0,54.0,335.109375
exp2_2.20x,92.66240610199748,0,99.83899225507544,2800.0,52.9,335.109375
exp2_2.20x,93.16306045799865,0,99.86020230746288,2800.0,54.0,335.109375
exp2_2.20x,93.66410007097875,0,99.8189794762627,2800.0,52.35,335.109375
exp2_2.20x,94.16445601900341,0,0.0,2800.0,51.25,335.109375
exp2_2.20x,94.66485768998973,0,57.9450483932855,2800.0,53.45,376.078125
exp2_2.20x,95.16550052497769,0,99.86460177463795,2800.0,52.35,335.109375
exp2_2.20x,95.66619322900078,0,99.8625260491479,2800.0,53.45,335.109375
exp2_2.20x,96.16694856298272,0,99.84821952509408,2800.0,52.9,335.109375
exp2_2.20x,96.66767878498649,0,99.8557160810458,2800.0,54.0,335.109375
exp2_2.20x,97.16845743198064,0,99.84456816196305,2800.0,54.0,335.109375
exp2_2.20x,97.66913465299876,0,99.86361606390842,2800.0,52.35,335.109375
exp2_2.20x,98.1699130019988,0,99.84518863537471,2800.0,53.45,335.109375
exp2_2.20x,98.67072946199914,0,99.81608766144575,2800.0,54.0,335.109375
exp2_2.20x,99.17188932700083,0,99.79047432841458,2800.0,53.45,335.109375
exp2_2.20x,99.67254804598633,0,99.86709607163996,2800.0,54.0,335.109375
exp2_2.20x,100.1732474110031,0,101.85867760366865,2800.0,52.35,335.109375
exp2_2.20x,100.67401727699325,0,99.83694530343267,2800.0,52.35,335.109375
exp2_2.20x,101.17477414099267,0,99.85731986873454,2800.0,53.45,335.109375
exp2_2.20x,101.675429283001,0,73.9183893677516,2800.0,53.45,335.109375
exp2_2.20x,102.17578872200102,0,0.0,2800.0,51.8,335.109375
exp2_2.20x,102.6761801779794,0,87.89947674829845,2800.0,53.45,376.078125
exp2_2.20x,103.17705848399783,0,99.83532901207829,2800.0,52.35,335.109375
exp2_2.20x,103.67780228998163,0,101.84137066132926,2800.0,53.45,335.109375
exp2_2.20x,104.17855333597981,0,99.85983194672612,2800.0,54.0,335.109375
exp2_2.20x,104.67927243700251,0,99.83167840021984,2800.0,52.35,335.109375
exp2_2.20x,105.18045707300189,0,99.78997782288401,2800.0,52.35,335.109375
exp2_2.20x,105.68117182099377,0,99.85713998048635,2800.0,53.45,335.109375
exp2_2.20x,106.18183929097722,0,99.86296823549527,2800.0,53.45,335.109375
exp2_2.20x,106.68252866799594,0,99.86557215026305,2800.0,53.45,335.109375
exp2_2.20x,107.18321902499883,0,99.86429820233614,2800.0,53.45,335.109375
exp2_2.20x,107.68397623399505,0,99.84732504754602,2800.0,54.0,335.109375
exp2_2.20x,108.18465483098407,0,101.85671693483461,2800.0,54.0,335.109375
exp2_2.20x,108.68535455700476,0,99.86439075120278,2800.0,52.9,335.109375
exp2_2.20x,109.18600420799339,0,99.87492622979323,2800.0,52.9,335.109375
exp2_2.20x,109.6869666169805,0,41.92549202769935,2800.0,53.45,335.109375
exp2_2.20x,110.18739645398455,0,15.980613662048851,2800.0,53.45,335.109375
exp2_2.20x,110.68844408300356,0,99.81055218609514,2800.0,52.9,376.078125
exp2_2.20x,111.18913186198915,0,101.85542925734455,2800.0,54.0,335.109375
exp2_2.20x,111.68978413997684,0,99.87096291976908,2800.0,53.45,335.109375
exp2_2.20x,112.19045208400348,0,99.86693649568981,2800.0,52.9,335.109375
exp2_2.20x,112.69117612097762,0,99.85494790680768,2800.0,53.45,335.109375
exp2_2.20x,113.19188209998538,0,99.85570151885871,2800.0,52.35,335.109375
exp2_2.20x,113.69261817200459,0,99.85288395196626,2800.0,54.0,335.109375
exp2_2.20x,114.19331076199887,0,99.86627945196429,2800.0,52.35,335.109375
exp2_2.20x,114.69400370298536,0,99.83179540450503,2800.0,54.0,335.109375
exp2_2.20x,115.19501143897651,0,101.81886139059633,2800.0,52.35,335.109375
exp2_2.20x,115.69578150799498,0,99.82290040350712,2800.0,52.9,335.109375
exp2_2.20x,116.19680353900185,0,99.79846020352565,2800.0,52.35,335.109375
exp2_2.20x,116.69808428999386,0,99.76829133262046,2800.0,52.9,335.109375
exp2_2.20x,117.19896241297829,0,99.82417787768931,2800.0,53.45,335.109375
exp2_2.20x,117.6997191279952,0,19.972721218218332,2800.0,51.8,335.109375
exp2_2.20x,118.20021136198193,0,45.95163223015999,2800.0,52.9,344.609375
exp2_2.20x,118.70091309500276,0,101.85148708750721,2800.0,53.45,335.109375
exp2_2.20x,119.20161978999386,0,99.85981718598698,2800.0,54.55,335.109375
exp2_2.20x,119.7023038000043,0,99.86765857396495,2800.0,52.9,335.125
exp2_2.20x,120.20293577099801,0,99.86770684563747,2800.0,54.55,335.125
exp2_2.20x,120.70363170598284,0,99.8601239293221,2800.0,54.0,335.125
exp2_2.20x,121.20432426899788,0,99.85999469243575,2800.0,52.9,335.125
exp2_2.20x,121.70505420200061,0,99.85610216337795,2800.0,54.0,335.125
exp2_2.20x,122.20574607799063,0,99.85909402539791,2800.0,54.0,335.125
exp2_2.20x,122.70653723197756,0,101.84544261367087,2800.0,51.8,335.125
exp2_2.20x,123.20718234899687,0,99.8686495546035,2800.0,54.0,335.125
exp2_2.20x,123.70784046498011,0,99.86785904539441,2800.0,52.35,335.125
exp2_2.20x,124.20860544999596,0,99.7932573096628,2800.0,54.0,335.125
exp2_2.20x,124.71108818799257,0,99.55927359749597,2800.0,54.0,335.125
exp2_2.20x,125.21174178298679,0,81.90270220987347,2800.0,53.45,335.125
exp2_2.20x,125.71223971198197,0,0.0,2800.0,51.25,335.125
exp2_2.20x,126.21276301098987,0,75.90711746602513,2800.0,52.9,376.09375
exp2_2.20x,126.71361125298426,0,101.83050495756058,2800.0,53.45,335.125
exp2_2.20x,127.21431873500114,0,99.85739983862236,2800.0,53.45,335.125
exp2_2.20x,127.71499408700038,0,99.87384076394726,2800.0,54.0,335.125
exp2_2.20x,128.2155781420006,0,99.87987787001104,2800.0,54.0,335.125
exp2_2.20x,128.71622164198197,0,99.86917517436441,2800.0,54.0,335.125
exp2_2.20x,129.2169103990018,0,99.86411110821214,2800.0,52.9,335.125
exp2_2.20x,129.7175766750006,0,99.86512336370514,2800.0,54.0,335.125
exp2_2.20x,130.21826470899396,0,101.85768281644944,2800.0,53.45,335.125
exp2_2.20x,130.71904690898373,0,99.84731189213325,2800.0,54.0,335.125
exp2_2.20x,131.22314176199143,0,99.18448650668032,2800.0,53.45,335.125
exp2_2.20x,131.72389212797862,0,99.85229349189042,2800.0,53.45,335.125
exp2_2.20x,132.2245528450003,0,99.86697459579484,2800.0,54.55,335.125
exp2_2.20x,132.72525832097745,0,101.8584102888475,2800.0,52.35,335.125
exp2_2.20x,133.22601505598868,0,51.93082875803898,2800.0,52.9,335.125
exp2_2.20x,133.7522997269989,0,9.49696536536401,2800.0,51.8,335.125
exp2_2.20x,134.25352025497705,0,99.76895923740842,2800.0,54.0,376.09375
exp2_2.20x,134.7543065059872,0,99.85119356243521,2800.0,52.9,335.125
exp2_2.20x,135.2549679419899,0,99.86774733814681,2800.0,52.35,335.125
exp2_2.20x,135.75576550597907,0,99.83885449749124,2800.0,53.45,335.125
exp2_2.20x,136.25643114498234,0,99.86848618852481,2800.0,54.55,335.125
exp2_2.20x,136.7572419490025,0,101.80952415387914,2800.0,55.1,335.125
exp2_2.20x,137.2583282699925,0,99.80436009818655,2800.0,53.45,335.125
exp2_2.20x,137.75909503697767,0,99.85093952261475,2800.0,54.55,335.125
exp2_2.20x,138.2597314689774,0,99.87286783556515,2800.0,55.1,335.125
exp2_2.20x,138.76042278998648,0,99.8475168662764,2800.0,54.55,335.125
exp2_2.20x,139.2612247579964,0,101.84708495240011,2800.0,54.0,335.125
exp2_2.20x,139.7620161709783,0,99.84755773702109,2800.0,53.45,335.125
exp2_2.20x,140.26264835998882,0,99.87319340669518,2800.0,53.45,335.125
exp2_2.20x,140.76329167900258,0,99.86922963041596,2800.0,54.55,335.125
exp2_2.20x,141.26392770098755,0,15.981654722579258,2800.0,52.9,335.125
exp2_2.20x,141.7644399459823,0,39.95697345215299,2800.0,52.35,344.625
exp2_2.20x,142.26505739198183,0,101.8682236736663,2800.0,52.9,335.125
exp2_2.20x,142.76571100499132,0,99.86910814938038,2800.0,52.9,335.125
exp2_2.20x,143.26643739498104,0,99.83251419008255,2800.0,52.9,335.125
exp2_2.20x,143.76765546799288,0,99.7787501981517,2800.0,54.55,335.125
exp2_2.20x,144.26857161498629,0,99.81693215046276,2800.0,54.0,335.125
exp2_2.20x,144.76922011497663,0,101.86846153719233,2800.0,52.9,335.125
exp2_2.20x,145.2698898910021,0,99.86691834256452,2800.0,53.45,335.125
exp2_2.20x,145.77057364900247,0,99.85468946016351,2800.0,53.45,335.125
exp2_2.20x,146.2714697009942,0,99.80895906199845,2800.0,53.45,335.125
exp2_2.20x,146.77259162298287,0,99.79271655949552,2800.0,54.0,335.125
exp2_2.20x,147.27327110100305,0,101.86683051223987,2800.0,52.9,335.125
exp2_2.20x,147.7739091340045,0,99.87224561886748,2800.0,54.0,335.125
exp2_2.20x,148.27454138899338,0,99.87285885372205,2800.0,53.45,335.125
exp2_2.20x,148.77517827399424,0,87.89834152462774,2800.0,54.0,335.125
exp2_2.20x,149.27566160197603,0,0.0,2800.0,53.45,335.125
exp2_2.20x,149.7762066339783,0,69.92131069442628,2800.0,54.55,376.09375
exp2_2.20x,150.27687297898228,0,99.86260902264236,2800.0,52.9,335.125
exp2_2.20x,150.77752704598242,0,99.86948297375298,2800.0,52.9,335.125
exp2_2.20x,151.27817966797738,0,99.86690497880333,2800.0,53.45,335.125
exp2_2.20x,151.77887341898168,0,99.86309288845057,2800.0,54.0,335.125
exp2_2.20x,152.27955265098717,0,99.86785066821298,2800.0,53.45,335.125
exp2_2.20x,152.78018067899393,0,99.87117178220207,2800.0,52.9,335.125
exp2_2.20x,153.2808942059928,0,101.85528462307961,2800.0,54.0,335.125
exp2_2.20x,153.7818117129791,0,99.79314597212925,2800.0,54.55,335.125
exp2_2.20x,154.28301449600258,0,99.78297820501844,2800.0,51.8,335.125
exp2_2.20x,154.78371424399666,0,99.83681353313631,2800.0,53.45,335.125
exp2_2.20x,155.2849683779932,0,101.7581763796958,2800.0,54.55,335.125
exp2_2.20x,155.78591715998482,0,99.8128795963878,2800.0,54.0,335.125
exp2_2.20x,156.28676992398687,0,99.84121074238539,2800.0,53.45,335.125
exp2_2.20x,156.78752052100026,0,79.89171923591364,2800.0,53.45,335.125
exp2_2.20x,157.2879313599842,0,0.0,2800.0,54.0,335.125
exp2_2.20x,157.78843845697702,0,97.88981874563866,2800.0,55.1,376.09375
exp2_2.20x,158.28915707097622,0,99.8558961556959,2800.0,53.45,335.125
exp2_2.20x,158.78980561098433,0,99.87033454956192,2800.0,52.9,335.125
exp2_2.20x,159.29049494699575,0,99.86329035204643,2800.0,54.0,335.125
exp2_2.20x,159.79121950399713,0,101.80809174949277,2800.0,54.0,335.125
exp2_2.20x,160.29285340799834,0,99.7115717167661,2800.0,54.0,335.125
exp2_2.20x,160.79369301898987,0,99.82768264428402,2800.0,52.35,335.125
exp2_2.20x,161.29456390699488,0,99.83408334037742,2800.0,54.55,335.125
exp2_2.20x,161.79534647997934,0,99.84487441123537,2800.0,54.0,335.125
exp2_2.20x,162.29603590499028,0,99.85238522341534,2800.0,53.45,335.125
exp2_2.20x,162.7968778659997,0,101.84043905008707,2800.0,54.0,335.125
exp2_2.20x,163.29750799300382,0,99.87229708822431,2800.0,53.45,335.125
exp2_2.20x,163.79819432398654,0,99.83904527992351,2800.0,54.55,335.125
exp2_2.20x,164.29937437397894,0,101.78335311717068,2800.0,54.0,335.125
exp2_2.20x,164.80003711098107,0,29.964843687005,2800.0,52.9,335.125
exp2_2.20x,165.30051749700215,0,27.97070868313618,2800.0,54.0,344.625
exp2_2.20x,165.80113123299088,0,99.87479495725776,2800.0,55.1,335.125
exp2_2.20x,166.30175813499955,0,99.87623955476442,2800.0,54.55,335.125
exp2_2.20x,166.8024445179908,0,99.86244986156017,2800.0,54.0,335.125
exp2_2.20x,167.3031301969895,0,99.86061056884161,2800.0,54.55,335.125
exp2_2.20x,167.80376257898752,0,99.8719545639912,2800.0,53.45,335.125
exp2_2.20x,168.30439960898366,0,101.87298476199753,2800.0,54.0,335.125
exp2_2.20x,168.8051047299814,0,99.85770058296373,2800.0,54.55,335.125
exp2_2.20x,169.30576775898226,0,99.8676918851875,2800.0,54.0,335.125
exp2_2.20x,169.80644824999035,0,99.83977014609421,2800.0,53.45,335.125
exp2_2.20x,170.30760872000246,0,99.78158031406734,2800.0,52.9,335.125
exp2_2.20x,170.80848265299574,0,99.8345910583329,2800.0,53.45,335.125
exp2_2.20x,171.30922334600473,0,99.83164171932559,2800.0,54.0,335.125
exp2_2.20x,171.81039455498103,0,99.76560888212217,2800.0,52.9,335.125
exp2_2.20x,172.31153202298447,0,101.79093546855248,2800.0,55.1,335.125
exp2_2.20x,172.81218799197813,0,1.9976871697195848,2800.0,53.45,335.125
exp2_2.20x,173.31265323900152,0,57.937246776275074,2800.0,54.55,376.078125
exp2_2.20x,173.81327311499626,0,99.879082189277,2800.0,53.45,335.109375
exp2_2.20x,174.31430545198964,0,99.7883152568358,2800.0,55.1,335.109375
exp2_2.20x,174.81511803000467,0,101.83562142021185,2800.0,53.45,335.109375
exp2_2.20x,175.31579586697626,0,99.86676594829581,2800.0,54.55,335.109375
exp2_2.20x,175.8165090919938,0,99.8580565623617,2800.0,54.0,335.109375
exp2_2.20x,176.317179501988,0,99.84151418014078,2800.0,55.1,335.109375
exp2_2.20x,176.81881698197685,0,99.69241599693052,2800.0,54.0,335.109375
exp2_2.20x,177.3196817789867,0,99.80535719822242,2800.0,54.55,335.109375
exp2_2.20x,177.82111046198406,0,101.73637500844666,2800.0,52.9,335.109375
exp2_2.20x,178.32186905498384,0,99.82340879655519,2800.0,53.45,335.109375
exp2_2.20x,178.82317888599937,0,99.74132326848029,2800.0,53.45,335.109375
exp2_2.20x,179.3243613090017,0,99.7834812246847,2800.0,54.55,335.109375
exp2_2.20x,179.82517632597592,0,101.81846195397353,2800.0,53.45,335.109375
exp2_2.30x,0.5003506109933369,0,97.9048691717825,2800.0,55.1,376.6875
exp2_2.30x,1.0010605889838189,0,101.85184772346595,2800.0,55.1,335.71875
exp2_2.30x,1.5017884569824673,0,99.84536230060704,2800.0,54.0,335.71875
exp2_2.30x,2.0026047859864775,0,99.84976763892908,2800.0,53.45,335.71875
exp2_2.30x,2.5032859859929886,0,101.85334706676922,2800.0,55.1,335.71875
exp2_2.30x,3.0040686659922358,0,99.8463707813519,2800.0,53.45,335.71875
exp2_2.30x,3.504919622995658,0,99.83169952814872,2800.0,54.0,335.71875
exp2_2.30x,4.005768727976829,0,99.8314784742999,2800.0,54.0,335.71875
exp2_2.30x,4.506644738983596,0,99.82208510385767,2800.0,55.1,335.71875
exp2_2.30x,5.007412176986691,0,99.85109745149903,2800.0,54.0,335.71875
exp2_2.30x,5.508088798989775,0,99.86137543449306,2800.0,55.1,335.71875
exp2_2.30x,6.008865179988788,0,101.84133283474699,2800.0,52.9,335.71875
exp2_2.30x,6.509730004996527,0,99.82611209423884,2800.0,55.1,335.71875
exp2_2.30x,7.010691105999285,0,99.7981434849395,2800.0,54.55,335.71875
exp2_2.30x,7.5118122619751375,0,25.94970811603223,2800.0,51.8,335.71875
exp2_2.30x,8.012264438002603,0,97.89808261309865,2800.0,53.45,376.6875
exp2_2.30x,8.51306118699722,0,99.83609329904145,2800.0,55.1,335.71875
exp2_2.30x,9.013813712983392,0,99.85035985656722,2800.0,54.0,335.71875
exp2_2.30x,9.514522590994602,0,99.85959960054466,2800.0,54.55,335.71875
exp2_2.30x,10.015213485981803,0,99.86361086852342,2800.0,54.0,335.71875
exp2_2.30x,10.515930880996166,0,99.85479156180837,2800.0,55.1,335.71875
exp2_2.30x,11.0168088490027,0,99.79925838594778,2800.0,54.0,335.71875
exp2_2.30x,11.518055055988953,0,99.74994105936932,2800.0,52.9,335.71875
exp2_2.30x,12.019262391986558,0,99.78451294841241,2800.0,54.55,335.71875
exp2_2.30x,12.519986284984043,0,101.8530629017522,2800.0,53.45,335.71875
exp2_2.30x,13.02070932497736,0,99.85629122408636,2800.0,54.0,335.71875
exp2_2.30x,13.521405587991467,0,99.86153199746846,2800.0,54.55,335.71875
exp2_2.30x,14.022109312994871,0,99.86436521505917,2800.0,55.65,335.71875
exp2_2.30x,14.522783981985413,0,99.86367450186829,2800.0,54.55,335.71875
exp2_2.30x,15.023757222981658,0,27.94739261021492,2800.0,52.9,335.71875
exp2_2.30x,15.524323798978003,0,95.88019922887202,2800.0,55.1,376.6875
exp2_2.30x,16.025052298995433,0,99.85804619596615,2800.0,54.0,335.71875
exp2_2.30x,16.525835854990873,0,99.84077991221645,2800.0,55.1,335.71875
exp2_2.30x,17.026560798985884,0,99.85443819419784,2800.0,53.45,335.71875
exp2_2.30x,17.52734637199319,0,101.84132387971762,2800.0,54.0,335.71875
exp2_2.30x,18.02810759199201,0,99.85168350417051,2800.0,54.55,335.71875
exp2_2.30x,18.528777997998986,0,99.86131161252526,2800.0,55.1,335.71875
exp2_2.30x,19.02948636599467,0,99.86102341338643,2800.0,54.55,335.71875
exp2_2.30x,19.530178881977918,0,99.85999309620412,2800.0,54.0,335.71875
exp2_2.30x,20.031102765991818,0,99.79419941356464,2800.0,53.45,335.71875
exp2_2.30x,20.532348278997233,0,101.76974148169165,2800.0,54.0,335.71875
exp2_2.30x,21.033043477975298,0,99.86072105857949,2800.0,54.0,335.71875
exp2_2.30x,21.533743528998457,0,99.85758550298412,2800.0,54.55,335.71875
exp2_2.30x,22.034485430980567,0,99.85695790473085,2800.0,53.45,335.71875
exp2_2.30x,22.5351339810004,0,31.963787714735954,2800.0,52.9,335.71875
exp2_2.30x,23.03556093899533,0,93.90501451307172,2800.0,55.1,376.6875
exp2_2.30x,23.53627250599675,0,97.85760759255857,2800.0,53.45,335.71875
exp2_2.30x,24.036985479993746,0,99.8564078797876,2800.0,53.45,335.71875
exp2_2.30x,24.53775117598707,0,99.82406368120452,2800.0,53.45,335.71875
exp2_2.30x,25.03895905398531,0,99.78269006374742,2800.0,54.0,335.71875
exp2_2.30x,25.539716600993415,0,101.84721980227293,2800.0,55.1,335.71875
exp2_2.30x,26.040405516978353,0,99.86239880288072,2800.0,54.0,335.71875
exp2_2.30x,26.54107045198907,0,99.86610731038729,2800.0,54.55,335.71875
exp2_2.30x,27.041804774984485,0,99.8466413536719,2800.0,54.0,335.71875
exp2_2.30x,27.542648392991396,0,99.83762927065808,2800.0,54.0,335.71875
exp2_2.30x,28.043438622000394,0,101.81448890839071,2800.0,52.9,335.71875
exp2_2.30x,28.544662978994893,0,99.772189563185,2800.0,54.0,335.71875
exp2_2.30x,29.045612021000125,0,99.81796417167766,2800.0,55.1,335.71875
exp2_2.30x,29.546327174990438,0,99.85128708521032,2800.0,53.45,335.71875
exp2_2.30x,30.04715023600147,0,33.95086773041109,2800.0,54.0,335.71875
exp2_2.30x,30.547692981985165,0,89.88291150666264,2800.0,55.1,376.6875
exp2_2.30x,31.048572207975667,0,99.83383138330697,2800.0,55.1,335.71875
exp2_2.30x,31.549266803980572,0,99.85671240822926,2800.0,54.0,335.71875
exp2_2.30x,32.0500165479898,0,99.85421962813683,2800.0,54.55,335.71875
exp2_2.30x,32.55072992100031,0,99.85632831196818,2800.0,53.45,335.71875
exp2_2.30x,33.05144862699672,0,101.84999715805795,2800.0,54.55,335.71875
exp2_2.30x,33.55236611000146,0,99.8192676299658,2800.0,55.1,335.71875
exp2_2.30x,34.05309861098067,0,99.85346304953764,2800.0,54.55,335.71875
exp2_2.30x,34.55386659299256,0,99.84785383765816,2800.0,53.45,335.71875
exp2_2.30x,35.054590018989984,0,99.84907253150959,2800.0,54.0,335.71875
exp2_2.30x,35.5554356109933,0,101.83514784144703,2800.0,54.55,335.71875
exp2_2.30x,36.0561737959797,0,99.85303131271489,2800.0,55.1,335.71875
exp2_2.30x,36.556878368981415,0,99.86170273015007,2800.0,54.55,335.71875
exp2_2.30x,37.057752255990636,0,99.79893527937676,2800.0,55.65,335.71875
exp2_2.30x,37.55895745498128,0,33.92972421417231,2800.0,53.45,335.71875
exp2_2.30x,38.05959341599373,0,89.85124353860685,2800.0,53.45,376.6875
exp2_2.30x,38.56097815098474,0,99.72670932347145,2800.0,54.0,335.71875
exp2_2.30x,39.062204922985984,0,99.78246046413554,2800.0,54.0,335.71875
exp2_2.30x,39.562886011990486,0,99.85808767897403,2800.0,54.0,335.71875
exp2_2.30x,40.063726803986356,0,101.83133817909415,2800.0,52.35,335.71875
exp2_2.30x,40.56446526199579,0,99.85184661796163,2800.0,55.1,335.71875
exp2_2.30x,41.06521892300225,0,99.84915129852858,2800.0,55.1,335.71875
exp2_2.30x,41.56594565798878,0,99.85890416468425,2800.0,54.0,335.71875
exp2_2.30x,42.06667589198332,0,99.84299269968108,2800.0,53.45,335.71875
exp2_2.30x,42.56736338499468,0,101.86744539448347,2800.0,55.1,335.71875
exp2_2.30x,43.06809391497518,0,99.85806992375488,2800.0,53.45,335.71875
exp2_2.30x,43.56889872197644,0,99.83560550605202,2800.0,54.0,335.71875
exp2_2.30x,44.06963017597445,0,99.84808852005933,2800.0,55.1,335.71875
exp2_2.30x,44.57061333299498,0,99.8059459031002,2800.0,54.0,335.71875
exp2_2.30x,45.0714446749771,0,39.94168139045739,2800.0,52.9,335.71875
exp2_2.30x,45.571930888982024,0,85.90653523315646,2800.0,54.0,376.6875
exp2_2.30x,46.07259163798881,0,99.86684633968325,2800.0,54.55,335.71875
exp2_2.30x,46.573374478990445,0,99.83520003661634,2800.0,55.65,335.71875
exp2_2.30x,47.074190541985445,0,99.84219242496667,2800.0,54.0,335.71875
exp2_2.30x,47.574892456003,0,99.86064128072688,2800.0,54.55,335.71875
exp2_2.30x,48.075668684992706,0,101.84116058239948,2800.0,54.55,335.71875
exp2_2.30x,48.57641454198165,0,99.8502234662169,2800.0,55.1,335.71875
exp2_2.30x,49.07715501097846,0,99.85332165952474,2800.0,55.65,335.71875
exp2_2.30x,49.57788783099386,0,99.85490243913804,2800.0,53.45,335.71875
exp2_2.30x,50.07857842798694,0,99.85911636063419,2800.0,54.55,335.71875
exp2_2.30x,50.57935226499103,0,101.83965082613318,2800.0,54.0,335.71875
exp2_2.30x,51.08021852798993,0,99.82904774709334,2800.0,54.55,335.71875
exp2_2.30x,51.58097895697574,0,99.85071499436721,2800.0,54.0,335.71875
exp2_2.30x,52.081686032994185,0,99.86148792272387,2800.0,54.0,335.71875
exp2_2.30x,52.582359294989146,0,37.952780895759545,2800.0,52.35,335.71875
exp2_2.30x,53.082896241976414,0,83.89887668065249,2800.0,54.55,376.6875
exp2_2.30x,53.58370779899997,0,99.8401076686151,2800.0,54.0,335.71875
exp2_2.30x,54.08440233700094,0,99.86195741682097,2800.0,55.1,335.71875
exp2_2.30x,54.58505168897682,0,99.86720597778229,2800.0,55.1,335.71875
exp2_2.30x,55.08588611398591,0,99.83368825624537,2800.0,54.0,335.71875
exp2_2.30x,55.58659057697514,0,99.85731508029633,2800.0,54.0,335.71875
exp2_2.30x,56.08742342700134,0,99.83737629777106,2800.0,54.0,335.71875
exp2_2.30x,56.588183018000564,0,101.84691695438158,2800.0,54.0,335.71875
exp2_2.30x,57.08909734900226,0,99.79019729605895,2800.0,54.0,335.71875
exp2_2.30x,57.590308899991214,0,99.78250805654721,2800.0,54.0,335.71875
exp2_2.30x,58.09107008198043,0,99.84686526589537,2800.0,54.55,335.71875
exp2_2.30x,58.59196041198447,0,99.81595116172974,2800.0,53.45,335.71875
exp2_2.30x,59.0928912590025,0,99.8251257452791,2800.0,55.1,335.71875
exp2_2.30x,59.59357634698972,0,99.86050685904848,2800.0,54.0,335.71875
exp2_2.30x,60.09425469499547,0,45.94348482593902,2800.0,53.45,335.71875
exp2_2.30x,60.59488807898015,0,81.87783008881631,2800.0,56.2,376.6875
exp2_2.30x,61.09568696198403,0,101.84689132941983,2800.0,54.55,335.71875
exp2_2.30x,61.596392658975674,0,99.8621728241544,2800.0,53.45,335.71875
exp2_2.30x,62.09705178299919,0,99.86331428549767,2800.0,55.1,335.71875
exp2_2.30x,62.597936737991404,0,99.82746998443135,2800.0,54.0,335.71875
exp2_2.30x,63.09864011898753,0,99.85783001125588,2800.0,55.65,335.71875
exp2_2.30x,63.599343129986664,0,101.85534422324046,2800.0,54.0,335.71875
exp2_2.30x,64.10006017697742,0,99.86022704045575,2800.0,54.0,335.71875
exp2_2.30x,64.60093220497947,0,99.8186130054314,2800.0,56.2,335.71875
exp2_2.30x,65.10184508399107,0,99.79612590047282,2800.0,54.55,335.71875
exp2_2.30x,65.60302794197924,0,99.79149724113839,2800.0,55.1,335.71875
exp2_2.30x,66.10378402497736,0,99.84696993966251,2800.0,54.0,335.71875
exp2_2.30x,66.60576584198861,0,99.55298836887863,2800.0,54.55,335.71875
exp2_2.30x,67.10689505099435,0,101.82248044685728,2800.0,54.55,335.71875
exp2_2.30x,67.60766770597547,0,41.941031915116056,2800.0,54.55,335.71875
exp2_2.30x,68.10825452799327,0,81.86652007812128,2800.0,56.2,376.6875
exp2_2.30x,68.60932484798832,0,99.8196064058256,2800.0,54.0,335.71875
exp2_2.30x,69.11002783497679,0,99.86046437565089,2800.0,55.65,335.71875
exp2_2.30x,69.61074124698644,0,99.85653830883406,2800.0,54.0,335.71875
exp2_2.30x,70.11145802997635,0,99.85692998108986,2800.0,55.1,335.71875
exp2_2.30x,70.61220899698674,0,101.8401553595546,2800.0,54.55,335.71875
exp2_2.30x,71.11304511097842,0,99.84324550374508,2800.0,54.0,335.71875
exp2_2.30x,71.61413859500317,0,99.77893020393803,2800.0,54.0,335.71875
exp2_2.30x,72.11484870899585,0,99.85737351088204,2800.0,54.0,335.71875
exp2_2.30x,72.61565215498558,0,99.83481351833855,2800.0,54.55,335.71875
exp2_2.30x,73.11655252697528,0,99.82487003996097,2800.0,53.45,335.71875
exp2_2.30x,73.61740534298588,0,99.83284268889857,2800.0,53.45,335.71875
exp2_2.30x,74.11816845499561,0,99.8221943077421,2800.0,55.65,335.71875
exp2_2.30x,74.61954182299087,0,101.72366989269078,2800.0,54.0,335.71875
exp2_2.30x,75.12069133998011,0,45.90822614906441,2800.0,53.45,335.71875
exp2_2.30x,75.62127269199118,0,79.89753285222999,2800.0,54.0,376.6875
exp2_2.30x,76.12209404297755,0,99.84167366905494,2800.0,53.45,335.71875
exp2_2.30x,76.62286952298018,0,99.8431392420939,2800.0,55.65,335.71875
exp2_2.30x,77.12357131799217,0,99.86084231605156,2800.0,54.0,335.71875
exp2_2.30x,77.62445694499183,0,99.82269333796613,2800.0,54.0,335.71875
exp2_2.30x,78.12516570099979,0,99.85752587648682,2800.0,54.0,335.71875
exp2_2.30x,78.62584923597751,0,99.86463229160762,2800.0,55.1,335.71875
exp2_2.30x,79.12658600998111,0,99.82463845968257,2800.0,56.2,335.71875
exp2_2.30x,79.62778068898479,0,101.78597523971419,2800.0,55.1,335.71875
exp2_2.30x,80.12848903698614,0,99.85609338769106,2800.0,54.55,335.71875
exp2_2.30x,80.62919179198798,0,99.86097235616563,2800.0,55.1,335.71875
exp2_2.30x,81.12994050898124,0,99.85004480482311,2800.0,54.55,335.71875
exp2_2.30x,81.6306257629767,0,99.86791648979143,2800.0,54.0,335.71875
exp2_2.30x,82.13171744000283,0,101.74745690910132,2800.0,53.45,335.71875
exp2_2.30x,82.63289948698366,0,53.896561289582905,2800.0,54.0,335.71875
exp2_2.30x,83.13336764799897,0,75.90618375359462,2800.0,53.45,376.6875
exp2_2.30x,83.63431208400289,0,99.82367604849867,2800.0,55.1,335.71875
exp2_2.30x,84.13501520597492,0,99.84578798259669,2800.0,54.55,335.71875
exp2_2.30x,84.63587267897674,0,99.84082576738125,2800.0,54.55,335.71875
exp2_2.30x,85.13660702199559,0,99.82810159745983,2800.0,55.1,335.71875
exp2_2.30x,85.63784436299466,0,101.77258569585257,2800.0,54.0,335.71875
exp2_2.30x,86.13857977898442,0,99.85364969750384,2800.0,54.55,335.71875
exp2_2.30x,86.63929336197907,0,101.85121635913954,2800.0,53.45,335.71875
exp2_2.30x,87.14003123997827,0,99.85691442604409,2800.0,55.1,335.71875
exp2_2.30x,87.64074130298104,0,99.85921548207229,2800.0,55.1,335.71875
exp2_2.30x,88.14146088500274,0,99.85192937639003,2800.0,53.45,335.71875
exp2_2.30x,88.64238379799644,0,99.82122996009475,2800.0,54.0,335.71875
exp2_2.30x,89.14307152698166,0,99.85976971715118,2800.0,54.55,335.71875
exp2_2.30x,89.64398890198208,0,99.8171672906777,2800.0,54.0,335.71875
exp2_2.30x,90.1447231299826,0,57.9259442284975,2800.0,52.9,335.71875
exp2_2.30x,90.64511978399241,0,73.92743239168382,2800.0,55.65,376.6875
exp2_2.30x,91.14584860397736,0,99.85364690590443,2800.0,53.45,335.71875
exp2_2.30x,91.64656084898161,0,99.85568197686304,2800.0,56.2,335.71875
exp2_2.30x,92.14730168599635,0,101.84568402890474,2800.0,53.45,335.71875
exp2_2.30x,92.64818416998605,0,99.8306128088896,2800.0,54.0,335.71875
exp2_2.30x,93.1488696539891,0,99.86229668567844,2800.0,54.0,335.71875
exp2_2.30x,93.64958136097994,0,99.85525381348322,2800.0,54.0,335.71875
exp2_2.30x,94.15035304799676,0,99.82803303818639,2800.0,54.0,335.71875
exp2_2.30x,94.65128771497984,0,101.80510715062582,2800.0,54.55,335.71875
exp2_2.30x,95.15250928798923,0,99.77655240896765,2800.0,55.1,335.71875
exp2_2.30x,95.65331088099629,0,99.84726304246588,2800.0,54.0,335.71875
exp2_2.30x,96.15406658497523,0,99.83138857954143,2800.0,54.55,335.71875
exp2_2.30x,96.65499273198657,0,99.83072044193834,2800.0,55.1,335.71875
exp2_2.30x,97.15575802797684,0,99.84648443118051,2800.0,53.45,335.71875
exp2_2.30x,97.6564452489838,0,57.93149716226675,2800.0,54.55,335.71875
exp2_2.30x,98.15687224897556,0,73.88916920426021,2800.0,55.1,376.6875
exp2_2.30x,98.65893318600138,0,99.61195366436024,2800.0,56.2,335.71875
exp2_2.30x,99.16018542199163,0,101.74139311399453,2800.0,54.55,335.71875
exp2_2.30x,99.66133180700126,0,99.80123745572429,2800.0,54.0,335.71875
exp2_2.30x,100.16219245098182,0,99.79063266311854,2800.0,55.1,335.71875
exp2_2.30x,100.66378503598389,0,99.71736170906489,2800.0,55.1,335.71875
exp2_2.30x,101.16451799499919,0,99.83683785422154,2800.0,55.1,335.71875
exp2_2.30x,101.66550102698966,0,99.81902192436998,2800.0,54.55,335.71875
exp2_2.30x,102.16634905899991,0,99.83049620184782,2800.0,54.0,335.71875
exp2_2.30x,102.66709923799499,0,101.84618314084616,2800.0,54.0,335.71875
exp2_2.30x,103.1678669549874,0,99.84772602526182,2800.0,54.0,335.71875
exp2_2.30x,103.66861842997605,0,99.85467569920858,2800.0,54.0,335.71875
exp2_2.30x,104.16922388700186,0,99.87258595045068,2800.0,54.55,335.71875
exp2_2.30x,104.66996054697665,0,99.83453862997105,2800.0,55.1,335.71875
exp2_2.30x,105.17112870397978,0,61.87759571830249,2800.0,54.55,335.71875
exp2_2.30x,105.67162188197835,0,69.92371686063936,2800.0,55.1,376.6875
exp2_2.30x,106.17226794897579,0,101.8626606120887,2800.0,54.55,335.71875
exp2_2.30x,106.67298868097714,0,99.8579297279769,2800.0,53.45,335.71875
exp2_2.30x,107.17385467098211,0,99.79711824462635,2800.0,54.55,335.71875
exp2_2.30x,107.67514897399815,0,99.77241752209942,2800.0,54.55,335.71875
exp2_2.30x,108.17586542697973,0,99.85495707695796,2800.0,54.0,335.71875
exp2_2.30x,108.67657319499995,0,101.85772208205005,2800.0,54.0,335.71875
exp2_2.30x,109.17724929499673,0,99.86194844274489,2800.0,55.1,335.71875
exp2_2.30x,109.67798913599108,0,99.85428524022251,2800.0,55.65,335.71875
exp2_2.30x,110.17869306899956,0,99.85672277434789,2800.0,55.1,335.71875
exp2_2.30x,110.67945690898341,0,99.85088808107228,2800.0,54.0,335.71875
exp2_2.30x,111.18027185898973,0,99.8344399520185,2800.0,56.2,335.71875
exp2_2.30x,111.68103760498343,0,99.82610193169296,2800.0,54.0,335.71875
exp2_2.30x,112.18223812698852,0,99.78624967387073,2800.0,54.55,335.71875
exp2_2.30x,112.68319668597542,0,57.898458494262364,2800.0,53.45,335.71875
exp2_2.30x,113.18361843298771,0,67.92412046999081,2800.0,55.1,376.6875
exp2_2.30x,113.68452176899882,0,99.82679252547663,2800.0,55.1,335.71875
exp2_2.30x,114.18529025398311,0,99.83437776568955,2800.0,54.0,335.71875
exp2_2.30x,114.68611247898662,0,99.85007271881021,2800.0,55.65,335.71875
exp2_2.30x,115.1869460369926,0,99.83069412826437,2800.0,54.0,335.71875
exp2_2.30x,115.68774396498338,0,101.83945905431811,2800.0,54.55,335.71875
exp2_2.30x,116.18846211599885,0,99.85197464403163,2800.0,54.0,335.71875
exp2_2.30x,116.68920913498732,0,99.85284984971801,2800.0,54.55,335.71875
exp2_2.30x,117.19007078398135,0,99.80467486750098,2800.0,55.1,335.71875
exp2_2.30x,117.69138422698597,0,101.75578265693458,2800.0,54.0,335.71875
exp2_2.30x,118.19210046797525,0,99.84758805207471,2800.0,55.1,335.71875
exp2_2.30x,118.69303555999068,0,99.81586209524288,2800.0,55.65,335.71875
exp2_2.30x,119.19394633598858,0,99.82719572817011,2800.0,54.0,335.71875
exp2_2.30x,119.69487405699329,0,99.81641565200798,2800.0,54.0,335.71875
exp2_2.30x,120.19558033297653,0,71.9092799721657,2800.0,54.55,335.71875
exp2_2.30x,120.69605968397809,0,65.91902967718225,2800.0,54.55,376.6875
exp2_2.30x,121.19692125599249,0,99.83808519019351,2800.0,55.1,335.71875
exp2_2.30x,121.69762838300085,0,99.860414114222,2800.0,53.45,335.71875
exp2_2.30x,122.19833797297906,0,99.85103403730169,2800.0,52.35,335.71875
exp2_2.30x,122.69909259898122,0,99.85292462978059,2800.0,54.55,335.71875
exp2_2.30x,123.199928927992,0,101.80810780242906,2800.0,54.55,335.71875
exp2_2.30x,123.70116047697957,0,99.75998605747999,2800.0,54.0,335.71875
exp2_2.30x,124.20208576798905,0,99.83711853386278,2800.0,54.0,335.71875
exp2_2.30x,124.70300522499019,0,99.81241673372953,2800.0,54.55,335.71875
exp2_2.30x,125.20379381199018,0,99.83711136281423,2800.0,54.55,335.71875
exp2_2.30x,125.70465956500266,0,101.83082254895064,2800.0,53.45,335.71875
exp2_2.30x,126.20541222498287,0,99.8195978395447,2800.0,54.55,335.71875
exp2_2.30x,126.70669823497883,0,99.76246357389724,2800.0,55.1,335.71875
exp2_2.30x,127.20949294097954,0,99.44435961329627,2800.0,55.65,335.71875
exp2_2.30x,127.71023387799505,0,59.9287300000307,2800.0,53.45,335.71875
exp2_2.30x,128.2106153719942,0,63.94083426557497,2800.0,54.55,376.6875
exp2_2.30x,128.71133764099795,0,101.84873385564107,2800.0,54.55,335.71875
exp2_2.30x,129.21202718798304,0,99.86336993096126,2800.0,55.1,335.71875
exp2_2.30x,129.71287115997984,0,99.82627473005765,2800.0,54.55,335.71875
exp2_2.30x,130.21391738997772,0,99.79387236314912,2800.0,55.1,335.71875
exp2_2.30x,130.71464187998208,0,99.8574239723965,2800.0,54.0,335.71875
exp2_2.30x,131.21534466699813,0,101.85007892145678,2800.0,54.0,335.71875
exp2_2.30x,131.71609013699344,0,99.85718405719719,2800.0,54.0,335.71875
exp2_2.30x,132.21680192300119,0,99.85783798626454,2800.0,54.55,335.71875
exp2_2.30x,132.7175137999875,0,99.8572211515464,2800.0,55.65,335.71875
exp2_2.30x,133.21841612100252,0,99.82139257420609,2800.0,55.65,335.71875
exp2_2.30x,133.7191274240031,0,101.85463327074756,2800.0,55.1,335.71875
exp2_2.30x,134.21993266997742,0,99.84008832999605,2800.0,54.0,335.71875
exp2_2.30x,134.7209001739975,0,99.78735593966981,2800.0,54.55,335.71875
exp2_2.30x,135.22183241898892,0,57.90845264247234,2800.0,53.45,335.71875
exp2_2.30x,135.72239483200246,0,61.92770683247332,2800.0,54.0,376.6875
exp2_2.30x,136.22304326298763,0,99.86368128199958,2800.0,55.1,335.71875
exp2_2.30x,136.7238276739954,0,101.83941757152158,2800.0,54.55,335.71875
exp2_2.30x,137.2245502329897,0,99.85734000920081,2800.0,55.1,335.71875
exp2_2.30x,137.72525582800154,0,101.86015659657109,2800.0,55.1,335.71875
exp2_2.30x,138.22599671999342,0,99.84791265758419,2800.0,54.0,335.71875
exp2_2.30x,138.7267215559841,0,99.85446730623165,2800.0,55.65,335.71875
exp2_2.30x,139.22744531699573,0,99.8575065369237,2800.0,54.55,335.71875
exp2_2.30x,139.72817105898866,0,99.85249908425887,2800.0,54.0,335.71875
exp2_2.30x,140.22893843098427,0,99.82351202909001,2800.0,53.45,335.71875
exp2_2.30x,140.73020598400035,0,99.77392346657585,2800.0,54.0,335.71875
exp2_2.30x,141.23092996599735,0,99.85654688145642,2800.0,55.1,335.71875
exp2_2.30x,141.73260848099017,0,99.66041709628026,2800.0,54.0,335.71875
exp2_2.30x,142.23332468399894,0,101.8559644609802,2800.0,54.55,335.71875
exp2_2.30x,142.73403990498628,0,59.926461363172734,2800.0,54.0,335.71875
exp2_2.30x,143.2344382389856,0,61.93564663187082,2800.0,54.0,376.6875
exp2_2.30x,143.7351879219932,0,99.8523519224032,2800.0,54.0,335.71875
exp2_2.30x,144.2359692909813,0,99.8462816605695,2800.0,54.55,335.71875
exp2_2.30x,144.7366648989846,0,99.8619468464508,2800.0,54.55,335.71875
exp2_2.30x,145.23734706398682,0,99.86902776596251,2800.0,54.55,335.71875
exp2_2.30x,145.73805237497436,0,99.82825546896667,2800.0,54.0,335.71875
exp2_2.30x,146.23924288799753,0,101.76965497115184,2800.0,54.55,335.71875
exp2_2.30x,146.74032845700276,0,99.78847159080688,2800.0,55.1,335.71875
exp2_2.30x,147.24126452597557,0,99.79517718066279,2800.0,56.2,335.71875
exp2_2.30x,147.74247351899976,0,99.78520058482293,2800.0,54.0,335.71875
exp2_2.30x,148.24317721798434,0,99.86212096470605,2800.0,55.65,335.71875
exp2_2.30x,148.74400880400208,0,101.82459898263403,2800.0,52.9,335.71875
exp2_2.30x,149.24472037199303,0,99.86216903946931,2800.0,54.55,335.71875
exp2_2.30x,149.7454117180023,0,99.85943246798611,2800.0,55.1,335.71875
exp2_2.30x,150.2461118779902,0,63.92165186999907,2800.0,54.0,335.71875
exp2_2.30x,150.74657766899327,0,57.932781521658924,2800.0,54.0,376.6875
exp2_2.30x,151.2474050129822,0,99.83742553229101,2800.0,55.65,335.71875
exp2_2.30x,151.7481522449816,0,101.85149827612855,2800.0,55.65,335.71875
exp2_2.30x,152.24887036698055,0,99.85562155169104,2800.0,54.0,335.71875
exp2_2.30x,152.74960233998718,0,99.84716913262547,2800.0,52.9,335.71875
exp2_2.30x,153.25038984898129,0,99.84973154828236,2800.0,55.65,335.71875
exp2_2.30x,153.75111626498983,0,99.85078418254996,2800.0,55.65,335.71875
exp2_2.30x,154.25196627399419,0,99.8284412337974,2800.0,53.45,335.71875
exp2_2.30x,154.75268170799245,0,99.84886416191917,2800.0,55.1,335.71875
exp2_2.30x,155.2535186969908,0,99.84628703984389,2800.0,54.0,335.71875
exp2_2.30x,155.75433000098565,0,99.8399366152212,2800.0,56.2,335.71875
exp2_2.30x,156.25520450697513,0,101.82205903167689,2800.0,54.0,335.71875
exp2_2.30x,156.75607981000212,0,99.82460676647521,2800.0,54.0,335.71875
exp2_2.30x,157.25678065000102,0,99.86030900594872,2800.0,56.2,335.71875
exp2_2.30x,157.7574700260011,0,77.90779643663349,2800.0,54.0,335.71875
exp2_2.30x,158.25787034799578,0,55.94008537120345,2800.0,54.0,376.6875
exp2_2.30x,158.758759260003,0,99.82765952260753,2800.0,54.55,335.71875
exp2_2.30x,159.2595382469881,0,101.84350706541848,2800.0,55.1,335.71875
exp2_2.30x,159.76031462100218,0,99.8199093120875,2800.0,54.0,335.71875
exp2_2.30x,160.26161154898,0,99.74130775522123,2800.0,55.65,335.71875
exp2_2.30x,160.76280360599048,0,99.78658921095965,2800.0,55.1,335.71875
exp2_2.30x,161.2635590909922,0,99.84772044852862,2800.0,55.1,335.71875
exp2_2.30x,161.76429164997535,0,99.8561362620437,2800.0,54.0,335.71875
exp2_2.30x,162.26501400399138,0,99.82899254013329,2800.0,55.65,335.71875
exp2_2.30x,162.76617294899188,0,99.78974281075243,2800.0,54.0,335.71875
exp2_2.30x,163.26694770998438,0,99.84482975351372,2800.0,55.1,335.71875
exp2_2.30x,163.7677857480012,0,101.84017487906034,2800.0,54.0,335.71875
exp2_2.30x,164.2684463049809,0,99.86269578099943,2800.0,55.1,335.71875
exp2_2.30x,164.76916308398359,0,99.85393586338839,2800.0,55.65,335.71875
exp2_2.30x,165.2698729549884,0,67.91759313824834,2800.0,54.0,335.71875
exp2_2.30x,165.770360066992,0,53.92215635914184,2800.0,55.65,376.6875
exp2_2.30x,166.27162226798828,0,101.77141793096881,2800.0,55.65,335.71875
exp2_2.30x,166.77233224897645,0,99.8559968668451,2800.0,55.1,335.71875
exp2_2.30x,167.2730846919876,0,99.85260657298701,2800.0,54.0,335.71875
exp2_2.30x,167.77381630198215,0,101.852597087678,2800.0,55.65,335.71875
exp2_2.30x,168.2746476889879,0,99.83558217764781,2800.0,55.65,335.71875
exp2_2.30x,168.77571701799752,0,99.78286589938689,2800.0,54.55,335.71875
exp2_2.30x,169.2765150530031,0,99.84241232516119,2800.0,54.55,335.71875
exp2_2.30x,169.77736308600288,0,99.81777786008037,2800.0,54.55,335.71875
exp2_2.30x,170.27945626198198,0,101.58406020063656,2800.0,55.1,335.71875
exp2_2.30x,170.78025407297537,0,99.81885912079264,2800.0,54.55,335.71875
exp2_2.30x,171.28138288197806,0,99.7997179321667,2800.0,55.65,335.71875
exp2_2.30x,171.78209480299847,0,99.85598629773673,2800.0,55.1,335.71875
exp2_2.30x,172.28282259497792,0,99.85651078590882,2800.0,55.1,335.71875
exp2_2.30x,172.78351781200035,0,69.91674286270334,2800.0,55.1,335.71875
exp2_2.30x,173.28392036398873,0,51.946933713774214,2800.0,55.1,358.96875
exp2_2.30x,173.78484846799984,0,99.81911438933635,2800.0,54.0,335.703125
exp2_2.30x,174.2855282399978,0,99.86272330733424,2800.0,56.2,335.703125
exp2_2.30x,174.78617734397994,0,99.86995573613012,2800.0,55.1,335.703125
exp2_2.30x,175.28690524498234,0,99.85354939154647,2800.0,55.65,335.703125
exp2_2.30x,175.78764716300066,0,101.85026666639277,2800.0,54.0,335.703125
exp2_2.30x,176.28850985897589,0,99.82546595301545,2800.0,54.55,335.703125
exp2_2.30x,176.78938497998752,0,99.82605689052566,2800.0,54.55,335.703125
exp2_2.30x,177.2901111569954,0,99.85532959542357,2800.0,52.9,335.703125
exp2_2.30x,177.79082672199002,0,99.85148569763948,2800.0,55.1,335.703125
exp2_2.30x,178.29169437897508,0,101.8313503751926,2800.0,56.2,335.703125
exp2_2.30x,178.7924034250027,0,99.85815169997028,2800.0,55.1,335.703125
exp2_2.30x,179.29309884097893,0,99.8564527510093,2800.0,55.1,335.703125
exp2_2.30x,179.79384320098325,0,99.83904309255314,2800.0,56.2,335.703125
exp2_2.40x,0.5003569160180632,0,99.88793153311072,2800.0,54.55,394.40625
exp2_2.40x,1.0015733290056232,0,99.76590369740556,2800.0,54.55,370.9375
exp2_2.40x,1.5022903170029167,0,99.86007985001592,2800.0,54.55,372.6875
exp2_2.40x,2.0030355830094777,0,99.82040731608666,2800.0,55.1,372.6875
exp2_2.40x,2.504395549010951,0,99.75835115428374,2800.0,55.65,373.515625
exp2_2.40x,3.005261350015644,0,99.8256036736551,2800.0,54.0,374.09375
exp2_2.40x,3.5060214110126253,0,99.84816688511167,2800.0,54.0,374.796875
exp2_2.40x,4.006810453021899,0,101.8259783801493,2800.0,55.1,375.71875
exp2_2.40x,4.50775410499773,0,99.8314467825503,2800.0,55.1,376.734375
exp2_2.40x,5.008456904994091,0,99.85294895871606,2800.0,56.2,377.0
exp2_2.40x,5.50918946499587,0,99.85373584831166,2800.0,54.55,378.015625
exp2_2.40x,6.009962098003598,0,99.8213228235508,2800.0,55.65,378.625
exp2_2.40x,6.511016655014828,0,99.8150054633035,2800.0,55.65,379.171875
exp2_2.40x,7.011908045999007,0,101.81746714754611,2800.0,55.1,379.8125
exp2_2.40x,7.5126281779957935,0,89.87133390380477,2800.0,55.65,422.0
exp2_2.40x,8.013646790001076,0,99.8000115576729,2800.0,56.2,381.046875
exp2_2.40x,8.514434607001022,0,99.81141172799661,2800.0,55.1,381.046875
exp2_2.40x,9.015778105007485,0,99.74936694964093,2800.0,55.1,381.046875
exp2_2.40x,9.51661443899502,0,99.84351545566045,2800.0,54.0,381.046875
exp2_2.40x,10.017319940001471,0,99.8594458297475,2800.0,56.2,381.046875
exp2_2.40x,10.518114144011633,0,99.81466274041482,2800.0,55.65,381.046875
exp2_2.40x,11.019355234020622,0,101.77064336445359,2800.0,54.55,381.046875
exp2_2.40x,11.520148807001533,0,99.84372979119807,2800.0,55.1,381.046875
exp2_2.40x,12.020910270017339,0,99.8257194629989,2800.0,54.55,381.046875
exp2_2.40x,12.52212889600196,0,99.78011097849148,2800.0,54.0,381.046875
exp2_2.40x,13.02284608001355,0,99.8548852886556,2800.0,55.1,381.046875
exp2_2.40x,13.523680800019065,0,101.8308518287634,2800.0,54.55,381.046875
exp2_2.40x,14.024404352996498,0,99.85853420826949,2800.0,55.1,381.140625
exp2_2.40x,14.525166239007376,0,91.8353126500875,2800.0,55.1,381.625
exp2_2.40x,15.026338494004449,0,97.79944678308976,2800.0,55.1,422.59375
exp2_2.40x,15.527010028017685,0,99.86530068584013,2800.0,55.65,381.625
exp2_2.40x,16.02780217200052,0,101.83495283169977,2800.0,54.55,381.625
exp2_2.40x,16.528534779004985,0,99.85466413211613,2800.0,55.1,381.625
exp2_2.40x,17.029392441007076,0,99.82945535350697,2800.0,55.1,381.625
exp2_2.40x,17.530177936016116,0,99.84028968292745,2800.0,55.1,381.625
exp2_2.40x,18.031072431011125,0,99.81987802207027,2800.0,55.1,381.625
exp2_2.40x,18.531978795013856,0,101.82128613168418,2800.0,54.55,381.625
exp2_2.40x,19.032628623011988,0,99.86694866357027,2800.0,55.1,381.625
exp2_2.40x,19.53341359802289,0,99.81738728363476,2800.0,56.2,381.625
exp2_2.40x,20.034654218994547,0,99.77889893960653,2800.0,54.55,381.625
exp2_2.40x,20.535364712006412,0,99.85598310552982,2800.0,54.0,381.625
exp2_2.40x,21.036126279010205,0,99.82723758579645,2800.0,55.1,381.625
exp2_2.40x,21.53728334401967,0,101.78941845617224,2800.0,54.55,381.625
exp2_2.40x,22.037976577004883,0,89.87756464746907,2800.0,55.1,385.703125
exp2_2.40x,22.538703013007762,0,101.84654170891515,2800.0,53.45,344.734375
exp2_2.40x,23.039472042000853,0,99.84717630511895,2800.0,53.45,344.734375
exp2_2.40x,23.540213829022832,0,99.85373464693518,2800.0,54.55,344.734375
exp2_2.40x,24.040940505015897,0,99.85489406413015,2800.0,55.65,344.734375
exp2_2.40x,24.541813568997895,0,99.82296796390087,2800.0,54.55,344.734375
exp2_2.40x,25.042542373994365,0,101.85216158224964,2800.0,55.65,344.734375
exp2_2.40x,25.543254512012936,0,99.85600225297037,2800.0,55.1,344.734375
exp2_2.40x,26.0441175379965,0,99.8293680496017,2800.0,56.2,344.734375
exp2_2.40x,26.544827583013102,0,99.85908246308617,2800.0,55.65,344.734375
exp2_2.40x,27.045601368008647,0,99.81892726728616,2800.0,55.1,344.734375
exp2_2.40x,27.546877835004125,0,99.74636613252517,2800.0,56.2,344.734375
exp2_2.40x,28.048261579999235,0,99.72016607043464,2800.0,54.55,344.734375
exp2_2.40x,28.549539435014594,0,101.76016553912025,2800.0,55.1,344.734375
exp2_2.40x,29.05045212499681,0,87.85264405741016,2800.0,54.0,354.234375
exp2_2.40x,29.55112198300776,0,99.86217062996576,2800.0,56.75,344.734375
exp2_2.40x,30.051876988000004,0,101.84541637977348,2800.0,55.65,344.734375
exp2_2.40x,30.552576899994165,0,99.85798257559807,2800.0,55.1,344.734375
exp2_2.40x,31.053346683009295,0,99.84971040691708,2800.0,56.2,344.734375
exp2_2.40x,31.554152316006366,0,99.82327148218614,2800.0,55.1,344.734375
exp2_2.40x,32.05491013501887,0,99.85178600011145,2800.0,54.55,344.734375
exp2_2.40x,32.555643601022894,0,99.86375927099033,2800.0,54.55,344.734375
exp2_2.40x,33.05657341799815,0,101.7866848320096,2800.0,53.45,344.734375
exp2_2.40x,33.557793084997684,0,99.78399698245784,2800.0,54.55,344.734375
exp2_2.40x,34.05848395801149,0,99.85666813459567,2800.0,54.0,344.734375
exp2_2.40x,34.55920584901469,0,99.85456701623686,2800.0,55.1,344.734375
exp2_2.40x,35.059949333022814,0,99.8547664310408,2800.0,53.45,344.734375
exp2_2.40x,35.56066014899989,0,99.86320558372046,2800.0,55.65,344.734375
exp2_2.40x,36.10077657099464,0,88.84658688984003,2800.0,54.55,344.734375
exp2_2.40x,36.60213840199867,0,99.74124587595372,2800.0,55.65,385.703125
exp2_2.40x,37.10303216101602,0,99.8341568972301,2800.0,55.65,344.734375
exp2_2.40x,37.60390054900199,0,101.82268150289231,2800.0,55.1,344.734375
exp2_2.40x,38.10458814201411,0,99.8615292054283,2800.0,55.65,344.734375
exp2_2.40x,38.605312271014554,0,99.85372168716086,2800.0,54.0,344.734375
exp2_2.40x,39.1061273990199,0,99.83908196045647,2800.0,54.55,344.734375
exp2_2.40x,39.6068381020159,0,99.85676485988294,2800.0,54.55,344.734375
exp2_2.40x,40.10762826699647,0,99.83741696295144,2800.0,54.55,344.734375
exp2_2.40x,40.608533207996516,0,101.79716426383874,2800.0,54.55,344.734375
exp2_2.40x,41.109724426001776,0,99.78583445089096,2800.0,55.65,344.734375
exp2_2.40x,41.610475312016206,0,99.8270374804407,2800.0,55.65,344.734375
exp2_2.40x,42.11172578801052,0,99.77734944129949,2800.0,56.2,344.734375
exp2_2.40x,42.61243426700821,0,99.84631515483109,2800.0,54.55,344.734375
exp2_2.40x,43.11334192901268,0,99.81338669276306,2800.0,55.1,344.734375
exp2_2.40x,43.61432583100395,0,83.81640586352754,2800.0,56.2,385.703125
exp2_2.40x,44.11543256600271,0,101.8123833989145,2800.0,56.2,344.734375
exp2_2.40x,44.61614156101132,0,99.85768163221499,2800.0,54.55,344.734375
exp2_2.40x,45.116892112011556,0,99.82578663277442,2800.0,54.0,344.734375
exp2_2.40x,45.61814751199563,0,99.77575717992846,2800.0,55.65,344.734375
exp2_2.40x,46.11884759902023,0,99.85627087509748,2800.0,55.65,344.734375
exp2_2.40x,46.61968083301326,0,99.83631058480064,2800.0,54.55,344.734375
exp2_2.40x,47.12038253102219,0,99.8584905308637,2800.0,55.1,344.734375
exp2_2.40x,47.621097819996066,0,99.85732006607624,2800.0,55.1,344.734375
exp2_2.40x,48.121851035015425,0,99.83182171875956,2800.0,56.2,344.734375
exp2_2.40x,48.62270386100863,0,101.83537903477884,2800.0,54.0,344.734375
exp2_2.40x,49.12364379700739,0,99.82234377616116,2800.0,55.65,344.734375
exp2_2.40x,49.62433962200885,0,99.86126853637099,2800.0,55.1,344.734375
exp2_2.40x,50.125045983993914,0,99.8576156209801,2800.0,55.1,344.734375
exp2_2.40x,50.625755309010856,0,91.87440584849722,2800.0,54.0,354.234375
exp2_2.40x,51.12641007799539,0,99.86816842735784,2800.0,55.1,344.734375
exp2_2.40x,51.62720210599946,0,99.83174855982921,2800.0,56.2,344.734375
exp2_2.40x,52.128028261999134,0,99.83950061477584,2800.0,56.2,344.734375
exp2_2.40x,52.62878825201187,0,99.82589465565222,2800.0,55.65,344.734375
exp2_2.40x,53.130013962014345,0,99.7797109435255,2800.0,54.55,344.734375
exp2_2.40x,53.63074484001845,0,99.851604141199,2800.0,53.45,344.734375
exp2_2.40x,54.13147442199988,0,101.85425267573638,2800.0,54.0,344.734375
exp2_2.40x,54.63220698499936,0,99.85018996933312,2800.0,55.1,344.734375
exp2_2.40x,55.13309728700551,0,99.82480626464623,2800.0,54.55,344.734375
exp2_2.40x,55.63380314601818,0,99.8603642533557,2800.0,54.55,344.734375
exp2_2.40x,56.13453100400511,0,99.85421145637669,2800.0,55.65,344.734375
exp2_2.40x,56.63522464002017,0,99.85828890136276,2800.0,54.55,344.734375
exp2_2.40x,57.135940923006274,0,99.85978089072366,2800.0,54.55,344.734375
exp2_2.40x,57.63665252100327,0,99.8575354534041,2800.0,56.2,344.734375
exp2_2.40x,58.13738287801971,0,95.85292174408744,2800.0,55.1,385.703125
exp2_2.40x,58.63832121499581,0,99.79504612347982,2800.0,55.65,344.734375
exp2_2.40x,59.13961440199637,0,99.7661403816852,2800.0,55.65,344.734375
exp2_2.40x,59.64032479500747,0,99.86083374269167,2800.0,55.1,344.734375
exp2_2.40x,60.14103837299626,0,99.8552203190282,2800.0,56.2,344.734375
exp2_2.40x,60.64179339399561,0,101.82058418588521,2800.0,55.1,344.734375
exp2_2.40x,61.14335302400286,0,99.69005981655131,2800.0,55.1,344.734375
exp2_2.40x,61.64462780201575,0,99.74699374291791,2800.0,54.0,344.734375
exp2_2.40x,62.14582269100356,0,99.78430305732037,2800.0,55.1,344.734375
exp2_2.40x,62.646547192998696,0,99.85652415269243,2800.0,55.65,344.734375
exp2_2.40x,63.14724121300969,0,101.85531981363005,2800.0,54.55,344.734375
exp2_2.40x,63.647972733015195,0,99.85737391137005,2800.0,55.65,344.734375
exp2_2.40x,64.14868369701435,0,99.85870692158547,2800.0,54.55,344.734375
exp2_2.40x,64.64937806900707,0,99.86031379467406,2800.0,56.75,344.734375
exp2_2.40x,65.15014653201797,0,89.8497579064738,2800.0,56.2,370.21875
exp2_2.40x,65.65169076900929,0,101.69950116408326,2800.0,55.1,344.984375
exp2_2.40x,66.15243613900384,0,99.85188271013735,2800.0,56.2,344.984375
exp2_2.40x,66.65317000899813,0,99.85152098867215,2800.0,54.55,344.984375
exp2_2.40x,67.153896119009,0,99.8551916012219,2800.0,54.55,344.984375
exp2_2.40x,67.65466476601432,0,99.84836029133005,2800.0,55.1,344.984375
exp2_2.40x,68.15543339401484,0,99.82160063195344,2800.0,56.2,344.984375
exp2_2.40x,68.65665316800005,0,101.76637919823972,2800.0,56.2,344.984375
exp2_2.40x,69.15732864799793,0,99.87528553126351,2800.0,54.55,344.984375
exp2_2.40x,69.65806436701678,0,99.85244085669989,2800.0,54.55,344.984375
exp2_2.40x,70.15896399400663,0,99.81960441649957,2800.0,56.2,344.984375
exp2_2.40x,70.65975624902057,0,99.81936468299445,2800.0,55.65,344.984375
exp2_2.40x,71.16090317000635,0,99.76901736185188,2800.0,55.65,344.984375
exp2_2.40x,71.66221140499692,0,99.75756438288158,2800.0,54.55,344.984375
exp2_2.40x,72.16308854799718,0,87.84088519460491,2800.0,54.0,344.984375
exp2_2.40x,72.66415645001689,0,101.78775867830738,2800.0,56.2,385.953125
exp2_2.40x,73.16500679700403,0,99.83547951771459,2800.0,54.55,344.984375
exp2_2.40x,73.66575969901169,0,99.83784955688587,2800.0,55.1,344.984375
exp2_2.40x,74.16658774900134,0,99.84986753105773,2800.0,54.0,344.984375
exp2_2.40x,74.6672991499945,0,99.82913824092897,2800.0,56.2,344.984375
exp2_2.40x,75.16858684600447,0,99.77265662455072,2800.0,55.1,344.984375
exp2_2.40x,75.66931826600921,0,99.85141490672365,2800.0,54.55,344.984375
exp2_2.40x,76.17005551801412,0,99.85566542392228,2800.0,53.45,344.984375
exp2_2.40x,76.67073852999602,0,101.85851608019725,2800.0,55.65,344.984375
exp2_2.40x,77.1715440780099,0,101.81089745257988,2800.0,55.65,344.984375
exp2_2.40x,77.67278003101819,0,99.7793379980852,2800.0,54.55,344.984375
exp2_2.40x,78.17375643001287,0,99.78590196112135,2800.0,55.65,344.984375
exp2_2.40x,78.6746909210051,0,99.83162637519862,2800.0,55.1,344.984375
exp2_2.40x,79.17542893101927,0,99.85203944647309,2800.0,55.65,344.984375
exp2_2.40x,79.67613160802284,0,91.87346121032222,2800.0,56.2,385.953125
exp2_2.40x,80.17683589502121,0,99.85682548377838,2800.0,55.1,344.984375
exp2_2.40x,80.67754073801916,0,99.86110618702723,2800.0,55.1,344.984375
exp2_2.40x,81.17832424602238,0,99.84025020485447,2800.0,56.2,344.984375
exp2_2.40x,81.67904445901513,0,99.8570843419654,2800.0,55.65,344.984375
exp2_2.40x,82.18322430300759,0,101.1282831021132,2800.0,54.55,344.984375
exp2_2.40x,82.6845028270036,0,99.74524963321132,2800.0,56.2,344.984375
exp2_2.40x,83.18568240699824,0,99.76289950424957,2800.0,54.0,344.984375
exp2_2.40x,83.68692159702186,0,101.77542194719037,2800.0,54.55,344.984375
exp2_2.40x,84.18771923400345,0,99.81601931005214,2800.0,55.1,344.984375
exp2_2.40x,84.68895157100633,0,99.7810239561937,2800.0,56.2,344.984375
exp2_2.40x,85.18964367100853,0,99.85804121011374,2800.0,55.65,344.984375
exp2_2.40x,85.6903616769996,0,99.85824443479012,2800.0,56.2,344.984375
exp2_2.40x,86.19110372001887,0,99.85170424012527,2800.0,55.65,344.984375
exp2_2.40x,86.69183052101289,0,93.86930858030442,2800.0,54.55,354.484375
exp2_2.40x,87.19250723000732,0,99.8357065649874,2800.0,55.1,344.984375
exp2_2.40x,87.69331967900507,0,99.86212635149201,2800.0,55.1,344.984375
exp2_2.40x,88.1940541100048,0,99.85414165984919,2800.0,55.1,344.984375
exp2_2.40x,88.69487450201996,0,99.83308945457017,2800.0,54.55,344.984375
exp2_2.40x,89.19567282102071,0,99.8198284046689,2800.0,55.1,344.984375
exp2_2.40x,89.69688198901713,0,101.77887176216336,2800.0,55.1,344.984375
exp2_2.40x,90.1979475840053,0,99.78395257622884,2800.0,55.65,344.984375
exp2_2.40x,90.69868229000713,0,99.85407924003718,2800.0,56.2,344.984375
exp2_2.40x,91.19938890400226,0,101.85769665295211,2800.0,55.1,344.984375
exp2_2.40x,91.70013372099493,0,99.82963115097024,2800.0,54.55,344.984375
exp2_2.40x,92.20138192499871,0,99.74780065238636,2800.0,55.1,344.984375
exp2_2.40x,92.7025809980114,0,99.78116155423494,2800.0,54.55,344.984375
exp2_2.40x,93.20357290600077,0,101.79580494240608,2800.0,55.1,344.984375
exp2_2.40x,93.70448612901964,0,89.85893799889114,2800.0,55.1,344.984375
exp2_2.40x,94.20486448300653,0,97.90825233331422,2800.0,55.65,385.953125
exp2_2.40x,94.70555748400511,0,97.86099373982698,2800.0,55.1,344.984375
exp2_2.40x,95.2062646690174,0,101.84489389474516,2800.0,54.0,344.984375
exp2_2.40x,95.7071213540039,0,99.83833238791979,2800.0,54.55,344.984375
exp2_2.40x,96.20791490899865,0,99.84287327852233,2800.0,55.65,344.984375
exp2_2.40x,96.70866540801944,0,99.82825865940104,2800.0,53.45,344.984375
exp2_2.40x,97.20993703501881,0,99.74336829297297,2800.0,55.65,344.984375
exp2_2.40x,97.71119125300902,0,101.74823802315248,2800.0,54.55,344.984375
exp2_2.40x,98.21241434200783,0,99.76491754140972,2800.0,54.55,344.984375
exp2_2.40x,98.71337130200118,0,99.79848171741232,2800.0,54.55,344.984375
exp2_2.40x,99.21457276100409,0,99.78269245149157,2800.0,55.1,344.984375
exp2_2.40x,99.71534140600124,0,101.8455762398358,2800.0,54.55,344.984375
exp2_2.40x,100.21602699701907,0,99.86208726247871,2800.0,55.1,344.984375
exp2_2.40x,100.7167421230115,0,99.85812058331805,2800.0,56.2,344.984375
exp2_2.40x,101.21745850899606,0,93.86647381499753,2800.0,56.75,385.953125
exp2_2.40x,101.7181451350043,0,99.86198773481438,2800.0,55.1,344.984375
exp2_2.40x,102.21884687201236,0,99.85743035119062,2800.0,55.1,344.984375
exp2_2.40x,102.71972366300179,0,99.80479400016544,2800.0,56.2,344.984375
exp2_2.40x,103.22090978600318,0,99.78610409244405,2800.0,55.65,344.984375
exp2_2.40x,103.72162441100227,0,99.85463840941938,2800.0,56.2,344.984375
exp2_2.40x,104.22236677701585,0,99.85359346508758,2800.0,56.2,344.984375
exp2_2.40x,104.72307730800821,0,99.85790698697491,2800.0,55.1,344.984375
exp2_2.40x,105.22383206200902,0,103.84328242350699,2800.0,54.0,344.984375
exp2_2.40x,105.72459562899894,0,99.83972169835037,2800.0,54.55,344.984375
exp2_2.40x,106.22535212300136,0,99.85849053666801,2800.0,55.65,344.984375
exp2_2.40x,106.72604763502022,0,99.85710209102993,2800.0,56.75,344.984375
exp2_2.40x,107.22678905399516,0,99.8542511370171,2800.0,54.55,344.984375
exp2_2.40x,107.72756995400414,0,99.82106315894647,2800.0,55.65,344.984375
exp2_2.40x,108.22879903699504,0,85.794371652915,2800.0,55.65,344.984375
exp2_2.40x,108.72997319401475,0,101.7810632313981,2800.0,55.1,385.953125
exp2_2.40x,109.23065803799545,0,99.86163391574807,2800.0,55.65,344.984375
exp2_2.40x,109.73137925201445,0,99.85698442959239,2800.0,55.1,344.984375
exp2_2.40x,110.23211803901359,0,99.85030382517023,2800.0,55.65,344.984375
exp2_2.40x,110.73281904900796,0,99.85786710608501,2800.0,55.65,344.984375
exp2_2.40x,111.23374353902182,0,99.82124071904606,2800.0,55.65,344.984375
exp2_2.40x,111.73437308499706,0,99.8665393576698,2800.0,56.2,344.984375
exp2_2.40x,112.2352074829978,0,101.80627629797742,2800.0,54.55,344.984375
exp2_2.40x,112.73641182199935,0,99.7871378700358,2800.0,56.75,344.984375
exp2_2.40x,113.23714362701867,0,99.8315530193147,2800.0,54.55,344.984375
exp2_2.40x,113.7382877439959,0,99.79378413021945,2800.0,56.2,344.984375
exp2_2.40x,114.23903156601591,0,99.84925199026974,2800.0,53.45,344.984375
exp2_2.40x,114.73982366500422,0,99.84405337356988,2800.0,56.75,344.984375
exp2_2.40x,115.24056202400243,0,99.85252002367871,2800.0,56.2,344.984375
exp2_2.40x,115.74129816002096,0,95.85444560102529,2800.0,56.75,385.953125
exp2_2.40x,116.24218603601912,0,99.82864852041361,2800.0,55.65,344.984375
exp2_2.40x,116.74297130102059,0,99.84145057503399,2800.0,56.2,344.984375
exp2_2.40x,117.24377619600273,0,101.81196734968066,2800.0,56.2,344.984375
exp2_2.40x,117.74464438599534,0,99.85272721297929,2800.0,54.55,344.984375
exp2_2.40x,118.2453476130031,0,99.86066740703085,2800.0,54.55,344.984375
exp2_2.40x,118.7460325260181,0,99.85864728794459,2800.0,55.65,344.984375
exp2_2.40x,119.2468044560228,0,99.84251799341548,2800.0,55.65,344.984375
exp2_2.40x,119.7477372190042,0,99.79552934057784,2800.0,55.1,344.984375
exp2_2.40x,120.24885970301693,0,99.79728895422767,2800.0,55.65,344.984375
exp2_2.40x,120.74963637301698,0,99.83844223076095,2800.0,55.1,344.984375
exp2_2.40x,121.25049426499754,0,101.83269966872928,2800.0,55.1,344.984375
exp2_2.40x,121.75145871101995,0,99.80945217869082,2800.0,55.1,344.984375
exp2_2.40x,122.25216236300184,0,99.85816006972037,2800.0,56.2,344.984375
exp2_2.40x,122.75295477200416,0,89.86273933761076,2800.0,56.75,354.484375
exp2_2.40x,123.25359860801836,0,101.86271106669099,2800.0,56.75,344.984375
exp2_2.40x,123.75443635100964,0,99.83831704173605,2800.0,54.55,344.984375
exp2_2.40x,124.2552334080101,0,99.80644575658265,2800.0,56.2,344.984375
exp2_2.40x,124.7564863510197,0,99.78061933565563,2800.0,56.2,344.984375
exp2_2.40x,125.25717235301272,0,99.86221950002584,2800.0,54.55,344.984375
exp2_2.40x,125.75790203901124,0,99.85243627185561,2800.0,55.1,344.984375
exp2_2.40x,126.25864203899982,0,99.85239958150935,2800.0,55.1,344.984375
exp2_2.40x,126.75935678000678,0,101.85699644301019,2800.0,55.1,344.984375
exp2_2.40x,127.26005300300312,0,99.85814590731465,2800.0,54.55,344.984375
exp2_2.40x,127.76076924300287,0,99.86155135020016,2800.0,56.2,344.984375
exp2_2.40x,128.26144313201075,0,99.86270734995271,2800.0,55.1,344.984375
exp2_2.40x,128.76217265002197,0,99.82341637165133,2800.0,54.55,344.984375
exp2_2.40x,129.26346705300966,0,101.76614201213972,2800.0,55.1,344.984375
exp2_2.40x,129.76419060799526,0,89.88899392810256,2800.0,54.55,344.984375
exp2_2.40x,130.26458216301398,0,99.89307006186411,2800.0,55.1,385.953125
exp2_2.40x,130.76570817801985,0,97.7634928998225,2800.0,55.1,344.984375
exp2_2.40x,131.26694861799479,0,99.76615253080944,2800.0,56.75,344.984375
exp2_2.40x,131.76784792900435,0,101.8058420047935,2800.0,55.1,344.984375
exp2_2.40x,132.26907553500496,0,99.77682219738276,2800.0,55.65,344.984375
exp2_2.40x,132.76980866200756,0,99.85651437863059,2800.0,55.1,344.984375
exp2_2.40x,133.27051695500268,0,99.85502588215829,2800.0,56.2,344.984375
exp2_2.40x,133.77127095099422,0,101.84363315162717,2800.0,55.65,344.984375
exp2_2.40x,134.27206690999446,0,99.81987782487653,2800.0,55.1,344.984375
exp2_2.40x,134.77329844099586,0,99.7781793380472,2800.0,55.1,344.984375
exp2_2.40x,135.2741870089958,0,99.80411167714469,2800.0,56.2,344.984375
exp2_2.40x,135.77536798399524,0,101.77596586273414,2800.0,55.1,344.984375
exp2_2.40x,136.2761277940008,0,99.84404479728988,2800.0,55.1,344.984375
exp2_2.40x,136.77706821300671,0,99.81946471729249,2800.0,54.55,344.984375
exp2_2.40x,137.27787768901908,0,85.86061748012253,2800.0,55.1,385.953125
exp2_2.40x,137.77907177401357,0,99.73352479018517,2800.0,55.65,344.984375
exp2_2.40x,138.28037593199406,0,99.76798934210339,2800.0,55.1,344.984375
exp2_2.40x,138.7811214250105,0,99.85252640184632,2800.0,56.2,344.984375
exp2_2.40x,139.28184934399906,0,99.85320600346515,2800.0,55.65,344.984375
exp2_2.40x,139.78258878202178,0,99.8359192657356,2800.0,57.3,344.984375
exp2_2.40x,140.2839613459946,0,99.72138423667589,2800.0,55.65,344.984375
exp2_2.40x,140.78521816901048,0,99.74680769036941,2800.0,55.1,344.984375
exp2_2.40x,141.28647625201847,0,99.77332438498328,2800.0,56.75,344.984375
exp2_2.40x,141.78719844701118,0,99.84924760883133,2800.0,55.65,344.984375
exp2_2.40x,142.28813951200573,0,101.81504543377784,2800.0,55.65,344.984375
exp2_2.40x,142.78884655900765,0,99.84959874606938,2800.0,55.1,344.984375
exp2_2.40x,143.28954269801034,0,99.86752552667905,2800.0,56.2,344.984375
exp2_2.40x,143.79047691100277,0,99.7906930154597,2800.0,55.1,344.984375
exp2_2.40x,144.2919195650029,0,101.72482174594312,2800.0,54.55,344.984375
exp2_2.40x,144.79283459100407,0,97.80026876646066,2800.0,55.1,385.953125
exp2_2.40x,145.29414026401355,0,99.76974121731544,2800.0,55.1,344.984375
exp2_2.40x,145.79495604900876,0,99.8363518466911,2800.0,56.75,344.984375
exp2_2.40x,146.2965608680097,0,101.67599905510855,2800.0,56.2,344.984375
exp2_2.40x,146.79728109799908,0,99.85625352680748,2800.0,56.75,344.984375
exp2_2.40x,147.29809056801605,0,99.83758880256848,2800.0,55.1,344.984375
exp2_2.40x,147.79881940901396,0,99.85331029587554,2800.0,55.65,344.984375
exp2_2.40x,148.29957604501396,0,101.82401673934966,2800.0,55.65,344.984375
exp2_2.40x,148.80078067901195,0,99.78072168575625,2800.0,55.1,344.984375
exp2_2.40x,149.30149142601294,0,99.8537388372436,2800.0,54.55,344.984375
exp2_2.40x,149.8024108390091,0,99.82128177128155,2800.0,54.55,344.984375
exp2_2.40x,150.30311714101117,0,99.86006529236055,2800.0,55.1,344.984375
exp2_2.40x,150.80385001702234,0,99.85152716939331,2800.0,55.1,344.984375
exp2_2.40x,151.30457661501714,0,99.85913830118267,2800.0,55.1,344.984375
exp2_2.40x,151.8052704349975,0,99.85431156053056,2800.0,56.2,385.953125
exp2_2.40x,152.30649176999577,0,101.75534209984671,2800.0,56.75,344.984375
exp2_2.40x,152.80723781199777,0,99.84508396534237,2800.0,55.65,344.984375
exp2_2.40x,153.3079925380007,0,99.85862874313892,2800.0,54.55,344.984375
exp2_2.40x,153.80872498601093,0,99.848525390546,2800.0,55.65,344.984375
exp2_2.40x,154.30946026800666,0,99.85573362648451,2800.0,55.65,344.984375
exp2_2.40x,154.81018590100575,0,99.85328157916786,2800.0,56.2,344.984375
exp2_2.40x,155.31090733001474,0,99.85657580318511,2800.0,54.55,344.984375
exp2_2.40x,155.8116750360059,0,101.84455831621759,2800.0,54.55,344.984375
exp2_2.40x,156.31239094599732,0,99.85825620005748,2800.0,55.65,344.984375
exp2_2.40x,156.81313087401213,0,99.8479754642964,2800.0,55.1,344.984375
exp2_2.40x,157.31396476499503,0,99.83678502897874,2800.0,56.2,344.984375
exp2_2.40x,157.8146697670163,0,99.85838921684233,2800.0,56.2,344.984375
exp2_2.40x,158.3154078980151,0,101.84918763527287,2800.0,56.2,344.984375
exp2_2.40x,158.81638056400698,0,85.83649726512448,2800.0,55.1,354.484375
exp2_2.40x,159.3171139729966,0,99.85162408204053,2800.0,56.75,344.984375
exp2_2.40x,159.817925269017,0,99.81189151408384,2800.0,55.65,344.984375
exp2_2.40x,160.31918335999944,0,99.77120646391259,2800.0,56.2,344.984375
exp2_2.40x,160.81999030400766,0,101.83709832325566,2800.0,56.2,344.984375
exp2_2.40x,161.32074630400166,0,99.82754631587838,2800.0,56.2,344.984375
exp2_2.40x,161.82198530100868,0,99.7721356069191,2800.0,55.65,344.984375
exp2_2.40x,162.3227904480009,0,99.84133015956706,2800.0,56.75,344.984375
exp2_2.40x,162.82367635401897,0,101.8200918445279,2800.0,55.1,344.984375
exp2_2.40x,163.3244242790097,0,99.8547078061747,2800.0,55.1,344.984375
exp2_2.40x,163.82529266600613,0,99.82025745327627,2800.0,55.65,344.984375
exp2_2.40x,164.3260726449953,0,99.82163032804522,2800.0,55.1,344.984375
exp2_2.40x,164.8274175109982,0,99.73164905650604,2800.0,55.1,344.984375
exp2_2.40x,165.32869461699738,0,99.74786413243618,2800.0,56.2,344.984375
exp2_2.40x,165.8663362810039,0,92.99740288191948,2800.0,55.65,344.984375
exp2_2.40x,166.36774027600768,0,99.733126321361,2800.0,55.1,385.953125
exp2_2.40x,166.86860410499503,0,99.83700012466628,2800.0,56.2,344.984375
exp2_2.40x,167.3693617870158,0,101.84559901699072,2800.0,55.1,344.984375
exp2_2.40x,167.8701838570123,0,99.8372696424839,2800.0,56.75,344.984375
exp2_2.40x,168.37088589000632,0,99.85690206326862,2800.0,55.65,344.984375
exp2_2.40x,168.87174857102218,0,99.82349469218069,2800.0,55.1,344.984375
exp2_2.40x,169.37260789901484,0,99.83840316028679,2800.0,54.55,344.984375
exp2_2.40x,169.87347478300217,0,99.81834279378371,2800.0,55.1,344.984375
exp2_2.40x,170.37429187001544,0,99.84120555513368,2800.0,56.75,344.984375
exp2_2.40x,170.87503280901,0,99.85548793866813,2800.0,56.2,344.984375
exp2_2.40x,171.37602343200706,0,99.79973267514409,2800.0,55.65,344.984375
exp2_2.40x,171.87676420502248,0,101.82263007029032,2800.0,55.1,344.984375
exp2_2.40x,172.37799676999566,0,99.77309164735516,2800.0,55.1,344.984375
exp2_2.40x,172.87884896699688,0,99.83547612376167,2800.0,55.65,344.984375
exp2_2.40x,173.37963386799674,0,89.85997282137055,2800.0,55.65,385.9375
exp2_2.40x,173.88037671300117,0,97.85715517107617,2800.0,56.2,344.96875
exp2_2.40x,174.38121137200505,0,99.80859466522446,2800.0,56.2,344.96875
exp2_2.40x,174.88241619602195,0,101.77906959568921,2800.0,56.75,344.96875
exp2_2.40x,175.38325879900367,0,99.82819348176787,2800.0,56.75,344.96875
exp2_2.40x,175.8839735140209,0,99.86160818946034,2800.0,55.1,344.96875
exp2_2.40x,176.38484676499502,0,99.82360230988108,2800.0,55.1,344.96875
exp2_2.40x,176.88598703200114,0,99.77363776490759,2800.0,55.65,344.96875
exp2_2.40x,177.3868022460083,0,99.83474952726391,2800.0,55.65,344.96875
exp2_2.40x,177.88757723700837,0,99.84535612064904,2800.0,55.1,344.96875
exp2_2.40x,178.38834189399495,0,99.82561024560094,2800.0,55.65,344.96875
exp2_2.40x,178.88962554899626,0,99.76201074310502,2800.0,55.1,344.96875
exp2_2.40x,179.3905496679945,0,101.8058094863333,2800.0,56.75,344.96875
exp2_2.40x,179.89125584400608,0,101.85031975485461,2800.0,56.75,344.96875
exp2_2.50x,0.5003462139866315,0,97.8943702072463,2800.0,55.65,403.65625
exp2_2.50x,1.0012228319828864,0,99.83539200601733,2800.0,55.65,380.84375
exp2_2.50x,1.5019049879920203,0,99.86064108337204,2800.0,54.55,381.140625
exp2_2.50x,2.0026368289836682,0,99.85545962118056,2800.0,55.65,381.921875
exp2_2.50x,2.503359798982274,0,101.8535858790917,2800.0,55.1,382.875
exp2_2.50x,3.0041781769832596,0,99.83542549297326,2800.0,55.1,383.390625
exp2_2.50x,3.5049972200067714,0,99.83250939822177,2800.0,54.55,384.1875
exp2_2.50x,4.005831262998981,0,99.8119419238425,2800.0,54.55,384.796875
exp2_2.50x,4.5070811189943925,0,101.76637006135655,2800.0,56.75,385.8125
exp2_2.50x,5.00834856700385,0,99.72974276772862,2800.0,55.65,386.75
exp2_2.50x,5.509241274994565,0,99.84385060703025,2800.0,55.1,387.125
exp2_2.50x,6.009952577005606,0,99.85533438947529,2800.0,56.2,387.90625
exp2_2.50x,6.510724082007073,0,99.82509804245294,2800.0,55.1,389.078125
exp2_2.50x,7.012023065995891,1,101.74061372946657,2800.0,55.1,389.328125
exp2_2.50x,7.513226162001956,0,99.77527594482937,2800.0,57.3,430.34375
exp2_2.50x,8.013983295997605,0,99.85169706698126,2800.0,55.1,389.375
exp2_2.50x,8.514686504000565,0,99.86173862628742,2800.0,56.75,389.375
exp2_2.50x,9.015403951983899,0,99.85478078981961,2800.0,55.65,389.375
exp2_2.50x,9.516088400006993,0,99.86351912798177,2800.0,56.2,389.375
exp2_2.50x,10.016836033988511,0,99.82730554650735,2800.0,56.2,389.375
exp2_2.50x,10.51806527498411,0,101.77259077317541,2800.0,54.55,389.375
exp2_2.50x,11.019000850996235,0,99.7863607989553,2800.0,55.65,389.375
exp2_2.50x,11.52023246299359,0,99.78134932868096,2800.0,56.2,389.375
exp2_2.50x,12.02097196498653,0,99.85721476697486,2800.0,55.65,389.375
exp2_2.50x,12.521853318990907,0,99.81910521996836,2800.0,55.1,389.375
exp2_2.50x,13.022583746991586,0,99.83317855760528,2800.0,56.2,389.375
exp2_2.50x,13.523768468992785,0,99.78465354087396,2800.0,55.65,389.375
exp2_2.50x,14.024491266987752,1,101.85351915905844,2800.0,55.65,389.375
exp2_2.50x,14.525196378992405,0,99.86511159681955,2800.0,55.1,398.875
exp2_2.50x,15.025845027994365,0,99.86581330163224,2800.0,55.1,389.375
exp2_2.50x,15.52659415898961,0,99.81860005477218,2800.0,55.1,389.375
exp2_2.50x,16.027917008002987,0,101.7630281052129,2800.0,55.1,389.375
exp2_2.50x,16.528625656996155,0,99.85645076021437,2800.0,54.55,389.375
exp2_2.50x,17.02937578599085,0,99.8281516233399,2800.0,55.1,389.375
exp2_2.50x,17.530577542987885,0,99.78158947654256,2800.0,57.3,389.375
exp2_2.50x,18.031334653991507,0,99.84875151062177,2800.0,55.1,389.375
exp2_2.50x,18.532083283003885,0,99.85297587609693,2800.0,55.1,389.375
exp2_2.50x,19.03279183700215,0,99.85155788149518,2800.0,55.65,389.375
exp2_2.50x,19.533663390990114,0,99.83130764771195,2800.0,55.65,389.375
exp2_2.50x,20.03439461198286,0,99.8534746105481,2800.0,55.65,389.375
exp2_2.50x,20.535108535987092,0,101.85927225081345,2800.0,55.1,389.375
exp2_2.50x,21.035851552005624,1,99.84152613874545,2800.0,55.1,389.375
exp2_2.50x,21.555502389994217,0,101.96478796996928,2800.0,56.75,389.375
exp2_2.50x,22.05719804999535,0,97.66966089153601,2800.0,55.65,430.34375
exp2_2.50x,22.558271841990063,0,99.81811363322863,2800.0,55.1,389.375
exp2_2.50x,23.05899639398558,0,99.85488927592459,2800.0,55.1,389.375
exp2_2.50x,23.56002344499575,0,101.78004294358044,2800.0,55.65,389.375
exp2_2.50x,24.06086395998136,0,99.83877236414385,2800.0,55.1,389.375
exp2_2.50x,24.56178949199966,0,99.79338060031564,2800.0,56.2,389.375
exp2_2.50x,25.063161892991047,0,99.72620867638702,2800.0,56.2,389.375
exp2_2.50x,25.564447737997398,0,99.74672212357247,2800.0,55.1,389.375
exp2_2.50x,26.06561812100699,0,99.7835190582928,2800.0,55.1,389.375
exp2_2.50x,26.566442634008126,0,101.84007055810167,2800.0,55.1,389.375
exp2_2.50x,27.067178665980464,0,101.84032679173384,2800.0,56.2,389.375
exp2_2.50x,27.568101012002444,0,99.83106108228554,2800.0,56.2,389.375
exp2_2.50x,28.068735637003556,1,99.86588850166913,2800.0,57.3,389.375
exp2_2.50x,28.56966418598313,1,99.80936909635413,2800.0,56.2,389.375
exp2_2.50x,29.070553272002144,0,99.83473418218159,2800.0,55.65,431.28125
exp2_2.50x,29.57118074700702,0,99.87158850528084,2800.0,55.65,390.3125
exp2_2.50x,30.07199901799322,0,99.83603727785307,2800.0,57.3,390.3125
exp2_2.50x,30.57269353000447,0,99.85795146485549,2800.0,56.75,390.3125
exp2_2.50x,31.073541060002754,0,99.83279624353077,2800.0,56.75,390.3125
exp2_2.50x,31.574248422984965,0,101.85761201766405,2800.0,56.2,390.3125
exp2_2.50x,32.07494113899884,0,99.85905234420537,2800.0,55.1,390.3125
exp2_2.50x,32.57566905699787,0,99.85152976355538,2800.0,54.55,390.3125
exp2_2.50x,33.076599566993536,0,99.7925884882509,2800.0,55.1,390.3125
exp2_2.50x,33.57790955598466,0,99.76297613671416,2800.0,57.3,390.3125
exp2_2.50x,34.07861923298333,0,99.85795565551783,2800.0,55.1,390.3125
exp2_2.50x,34.579385760996956,0,101.84097145054942,2800.0,54.55,390.3125
exp2_2.50x,35.08020204899367,1,99.83855546800588,2800.0,55.1,390.3125
exp2_2.50x,35.580930447002174,1,99.85672217652575,2800.0,55.65,390.4375
exp2_2.50x,36.081628529995214,0,99.86441169561037,2800.0,56.2,400.5625
exp2_2.50x,36.58235527999932,0,99.82747436395874,2800.0,56.2,391.0625
exp2_2.50x,37.08364832299412,0,101.76093202166862,2800.0,56.2,391.0625
exp2_2.50x,37.584356813982595,0,99.85118678399951,2800.0,55.65,391.0625
exp2_2.50x,38.08529278400238,0,99.81828480904049,2800.0,55.65,391.0625
exp2_2.50x,38.58606432899251,0,99.84765683551404,2800.0,55.65,391.0625
exp2_2.50x,39.08677267000894,0,99.85804459979681,2800.0,55.1,391.0625
exp2_2.50x,39.58753045499907,0,99.83250182754679,2800.0,55.1,391.0625
exp2_2.50x,40.088788978988305,0,99.7634930787134,2800.0,56.2,391.0625
exp2_2.50x,40.589518911991036,0,99.8513973569991,2800.0,55.65,391.0625
exp2_2.50x,41.090359641006216,0,99.83540356864528,2800.0,55.1,391.0625
exp2_2.50x,41.59107596200192,1,101.84714495140395,2800.0,55.65,391.0625
exp2_2.50x,42.09202287500375,1,99.81742155884864,2800.0,56.75,391.0625
exp2_2.50x,42.59281891799765,1,99.84253992667075,2800.0,55.65,391.0625
exp2_2.50x,43.093771329993615,0,99.79771641775915,2800.0,55.1,391.0625
exp2_2.50x,43.594824667990906,0,99.79705988453493,2800.0,55.1,432.03125
exp2_2.50x,44.09572585800197,0,99.81765072202558,2800.0,56.75,391.0625
exp2_2.50x,44.59654299198883,0,99.84455580224446,2800.0,55.65,391.0625
exp2_2.50x,45.097271292994265,0,99.85856970743568,2800.0,55.65,391.0625
exp2_2.50x,45.598032890993636,0,101.83984645756605,2800.0,55.1,391.0625
exp2_2.50x,46.09877571000834,0,99.83270175176426,2800.0,55.1,391.0625
exp2_2.50x,46.60010508200503,0,101.75010885589822,2800.0,55.65,391.0625
exp2_2.50x,47.10081453100429,0,99.8587767244952,2800.0,56.2,391.0625
exp2_2.50x,47.60156929399818,0,99.84997282046771,2800.0,55.1,391.0625
exp2_2.50x,48.102455647982424,0,99.82150377757695,2800.0,55.65,391.0625
exp2_2.50x,48.603164836997166,1,99.86022464319494,2800.0,55.65,391.0625
exp2_2.50x,49.103864784992766,1,99.85632073768022,2800.0,57.3,391.0625
exp2_2.50x,49.60463917598827,1,99.82256698200693,2800.0,55.1,391.0625
exp2_2.50x,50.10592326900223,1,101.73645720379963,2800.0,56.2,391.125
exp2_2.50x,50.60719893599162,0,97.78421917268687,2800.0,56.2,432.09375
exp2_2.50x,51.10786980800913,0,99.86328296826267,2800.0,56.75,391.125
exp2_2.50x,51.608638365985826,0,99.81963311384015,2800.0,56.2,391.125
exp2_2.50x,52.10986482800217,0,101.77501675706037,2800.0,55.65,391.125
exp2_2.50x,52.61054479298764,0,99.86303564696682,2800.0,57.85,391.125
exp2_2.50x,53.111383126990404,0,101.82903271922586,2800.0,55.1,391.125
exp2_2.50x,53.61209277599119,0,99.85876994502988,2800.0,55.65,391.125
exp2_2.50x,54.112792295985855,0,99.85967099511923,2800.0,55.1,391.125
exp2_2.50x,54.61353761100327,0,99.85102586606294,2800.0,56.2,391.125
exp2_2.50x,55.11439079599222,0,99.8295245180315,2800.0,55.65,391.125
exp2_2.50x,55.61507075998816,1,99.86358633702571,2800.0,55.65,391.125
exp2_2.50x,56.11576724098995,1,99.86652280112922,2800.0,55.1,391.125
exp2_2.50x,56.61639203800587,1,99.86817022123545,2800.0,56.2,391.125
exp2_2.50x,57.117309444001876,1,101.78981583791415,2800.0,55.65,391.125
exp2_2.50x,57.618562329007545,0,97.78391241419516,2800.0,56.75,400.671875
exp2_2.50x,58.119225661997916,0,101.86254240723504,2800.0,55.65,391.171875
exp2_2.50x,58.61992303098668,0,99.85711565531273,2800.0,55.1,391.171875
exp2_2.50x,59.12070036298246,0,99.82217657108475,2800.0,55.1,391.171875
exp2_2.50x,59.62193830299657,0,99.77816420737913,2800.0,55.1,391.171875
exp2_2.50x,60.122636487009004,0,99.86046197837868,2800.0,55.1,391.171875
exp2_2.50x,60.62337094798568,0,101.84556118726734,2800.0,55.1,391.171875
exp2_2.50x,61.124257296003634,0,99.82669028386115,2800.0,56.2,391.171875
exp2_2.50x,61.62495664600283,0,99.85936904900582,2800.0,55.65,391.171875
exp2_2.50x,62.12567584699718,0,99.85221173687674,2800.0,55.1,391.171875
exp2_2.50x,62.626485583983595,1,99.84258598653818,2800.0,56.2,391.171875
exp2_2.50x,63.12718680300168,1,99.86186567351253,2800.0,56.75,391.171875
exp2_2.50x,63.62820794599247,1,99.79109034458972,2800.0,56.75,391.171875
exp2_2.50x,64.1290190529835,1,101.83658690177931,2800.0,56.2,391.171875
exp2_2.50x,64.62990356699447,0,99.80768277168248,2800.0,54.55,395.828125
exp2_2.50x,65.13093298798776,0,97.78829674912244,2800.0,57.3,391.171875
exp2_2.50x,65.63212224000017,0,101.78859750327499,2800.0,56.75,391.171875
exp2_2.50x,66.1328069769952,0,99.86431116485602,2800.0,56.2,391.171875
exp2_2.50x,66.63361924898345,0,101.83185402157638,2800.0,55.65,391.171875
exp2_2.50x,67.13429989200085,0,99.86449605963381,2800.0,57.3,391.171875
exp2_2.50x,67.63499159098137,0,99.86519397088195,2800.0,55.65,391.171875
exp2_2.50x,68.1361311019864,0,99.77178660770494,2800.0,56.2,391.171875
exp2_2.50x,68.63703450298635,0,99.82127678909971,2800.0,55.65,391.171875
exp2_2.50x,69.13787336699897,0,99.82961440943296,2800.0,55.1,391.171875
exp2_2.50x,69.63875815598294,1,99.80055557556649,2800.0,56.75,391.171875
exp2_2.50x,70.13991561098373,1,101.78682215891102,2800.0,55.1,391.171875
exp2_2.50x,70.64060264098225,1,99.86614002264008,2800.0,56.2,391.171875
exp2_2.50x,71.14128691298538,1,99.8353359914176,2800.0,55.1,391.171875
exp2_2.50x,71.64249797700904,1,99.78550725824321,2800.0,55.1,391.171875
exp2_2.50x,72.1431731180055,0,99.86770265996203,2800.0,55.65,432.140625
exp2_2.50x,72.64390181499766,0,99.85011160110514,2800.0,55.65,391.171875
exp2_2.50x,73.14463999198051,0,99.84687343645318,2800.0,55.65,391.171875
exp2_2.50x,73.64540785399731,0,99.85305863639724,2800.0,56.75,391.171875
exp2_2.50x,74.14611329100444,0,99.85522271024483,2800.0,55.65,391.171875
exp2_2.50x,74.64685761500732,0,99.84846876348452,2800.0,56.75,391.171875
exp2_2.50x,75.14764658798231,0,101.84830428502502,2800.0,55.65,391.171875
exp2_2.50x,75.64824320899788,0,99.87916638646776,2800.0,55.1,391.171875
exp2_2.50x,76.14891666299081,1,99.86489936377957,2800.0,56.75,391.171875
exp2_2.50x,76.64958454298903,1,99.85743873242815,2800.0,54.55,391.171875
exp2_2.50x,77.15044475498144,1,99.83456872826478,2800.0,56.2,391.171875
exp2_2.50x,77.65117515300517,1,99.85733901088356,2800.0,56.75,391.171875
exp2_2.50x,78.15186597700813,1,99.86081459339819,2800.0,55.65,391.171875
exp2_2.50x,78.65264702198328,1,99.82257674942427,2800.0,55.1,391.171875
exp2_2.50x,79.15388119398267,0,101.77040454491438,2800.0,55.65,432.140625
exp2_2.50x,79.65459531298256,0,99.85823306421617,2800.0,57.3,391.171875
exp2_2.50x,80.15532406198326,0,99.85122387389318,2800.0,55.1,391.171875
exp2_2.50x,80.65602855099132,0,99.85075865916791,2800.0,55.65,391.171875
exp2_2.50x,81.15684566900018,0,99.84725068208009,2800.0,56.75,391.171875
exp2_2.50x,81.65753587998915,0,99.86351114626078,2800.0,56.75,391.171875
exp2_2.50x,82.15824029399664,0,101.85360093403233,2800.0,55.1,391.171875
exp2_2.50x,82.65895472699776,0,99.85890914481847,2800.0,56.75,391.171875
exp2_2.50x,83.15969251099159,1,99.8524907096541,2800.0,55.65,391.171875
exp2_2.50x,83.66053686800296,1,99.80943683558557,2800.0,56.75,391.171875
exp2_2.50x,84.16173331599566,1,99.7815257565173,2800.0,55.65,391.171875
exp2_2.50x,84.66266237699892,1,99.81635547732793,2800.0,55.1,391.171875
exp2_2.50x,85.1634123819822,1,101.84812814365097,2800.0,55.65,391.171875
exp2_2.50x,85.6641381100053,1,99.82858234452901,2800.0,56.2,391.171875
exp2_2.50x,86.16538198298076,0,101.77783709459379,2800.0,56.2,400.90625
exp2_2.50x,86.66604135799571,0,97.86979598289965,2800.0,56.75,391.40625
exp2_2.50x,87.16678306600079,0,99.85240237303901,2800.0,56.75,391.40625
exp2_2.50x,87.6674178679823,0,99.8706886334856,2800.0,55.1,391.40625
exp2_2.50x,88.1681223899941,0,99.85115447617684,2800.0,56.75,391.40625
exp2_2.50x,88.66878433898091,0,99.87852454615607,2800.0,55.65,391.40625
exp2_2.50x,89.16946828798973,0,99.85903897674491,2800.0,56.2,391.40625
exp2_2.50x,89.67017529098666,0,99.86093745316376,2800.0,56.2,391.40625
exp2_2.50x,90.17086468398338,1,101.85205357819014,2800.0,55.65,391.40625
exp2_2.50x,90.67184681500657,1,101.78223832960578,2800.0,55.1,391.40625
exp2_2.50x,91.17304587198305,1,99.78179557182824,2800.0,55.65,391.40625
exp2_2.50x,91.67381139300414,1,99.82929509729937,2800.0,55.65,391.40625
exp2_2.50x,92.17502548499033,1,99.77129824351499,2800.0,55.65,391.40625
exp2_2.50x,92.67582326498814,1,99.82471857444656,2800.0,55.1,391.40625
exp2_2.50x,93.1770582649915,0,99.75084453672248,2800.0,55.65,391.40625
exp2_2.50x,93.67826263498864,0,99.78397149320801,2800.0,55.65,432.375
exp2_2.50x,94.17897671100218,0,99.85321158661482,2800.0,56.2,391.40625
exp2_2.50x,94.6797355079907,0,101.85283385998244,2800.0,55.65,391.40625
exp2_2.50x,95.18043115799082,0,99.85694154870728,2800.0,56.75,391.40625
exp2_2.50x,95.68118739899364,0,99.85191960322767,2800.0,55.65,391.40625
exp2_2.50x,96.18190649300232,0,99.85143922911996,2800.0,55.65,391.40625
exp2_2.50x,96.68266712300829,0,99.85388042576604,2800.0,55.1,391.40625
exp2_2.50x,97.18340584498947,1,101.84766237471275,2800.0,55.65,391.40625
exp2_2.50x,97.68414336399292,1,99.8449886611419,2800.0,56.75,391.40625
exp2_2.50x,98.18487428998924,1,99.85597453300426,2800.0,56.75,391.40625
exp2_2.50x,98.68568954800139,1,99.8434973110488,2800.0,55.65,391.40625
exp2_2.50x,99.18643930699909,1,99.8228441999182,2800.0,55.65,391.40625
exp2_2.50x,99.68779819199699,1,101.74841442770219,2800.0,55.1,391.40625
exp2_2.50x,100.18917509599123,1,99.7052131640825,2800.0,56.75,391.40625
exp2_2.50x,100.6903984810051,0,97.78511603233461,2800.0,56.2,432.375
exp2_2.50x,101.19117623899365,0,101.83943343310908,2800.0,56.75,391.40625
exp2_2.50x,101.6918900339806,0,99.85856731605874,2800.0,56.75,391.40625
exp2_2.50x,102.19260830999701,0,99.8299530524937,2800.0,56.2,391.40625
exp2_2.50x,102.69390952799586,0,99.74468034933486,2800.0,55.1,391.40625
exp2_2.50x,103.19484007998835,0,99.82841033288595,2800.0,55.65,391.40625
exp2_2.50x,103.69564928099862,0,99.84652889888619,2800.0,57.3,391.40625
exp2_2.50x,104.19635557499714,1,99.8559896872803,2800.0,55.1,391.40625
exp2_2.50x,104.69713527598651,1,101.8185487545739,2800.0,56.2,391.40625
exp2_2.50x,105.1983487889811,1,99.77924500990105,2800.0,55.1,391.40625
exp2_2.50x,105.6991285450058,1,99.8213648734519,2800.0,56.2,391.40625
exp2_2.50x,106.20030689099804,1,99.78746487631138,2800.0,54.55,391.40625
exp2_2.50x,106.70118077599909,1,99.8238117689056,2800.0,55.65,391.40625
exp2_2.50x,107.20203499298077,1,99.82216959938532,2800.0,56.2,391.40625
exp2_2.50x,107.70295926599647,0,99.81547532653441,2800.0,55.65,432.375
exp2_2.50x,108.20388057598029,0,101.81563936453347,2800.0,56.75,391.40625
exp2_2.50x,108.70466364498134,0,99.8527070743737,2800.0,55.1,391.40625
exp2_2.50x,109.20537434399012,0,99.85698721557429,2800.0,56.2,391.40625
exp2_2.50x,109.70610526498058,0,99.8540477312654,2800.0,55.65,391.40625
exp2_2.50x,110.2068460570008,0,99.8501887738453,2800.0,55.1,391.40625
exp2_2.50x,110.70763410700602,0,101.84048866590776,2800.0,56.75,391.40625
exp2_2.50x,111.20838541598641,1,99.84722017573255,2800.0,55.65,391.40625
exp2_2.50x,111.7091705579951,1,99.84651473977948,2800.0,55.1,391.40625
exp2_2.50x,112.20991607100586,1,99.82429586205033,2800.0,55.1,391.40625
exp2_2.50x,112.71095856299507,1,99.8064618989278,2800.0,56.2,391.40625
exp2_2.50x,113.21187451900914,1,99.83013483254871,2800.0,56.75,391.40625
exp2_2.50x,113.71257875298033,1,99.85850548855704,2800.0,57.3,391.40625
exp2_2.50x,114.21330683899578,1,101.84947543702319,2800.0,55.65,391.40625
exp2_2.50x,114.71404681299464,0,99.8610022730438,2800.0,56.75,400.90625
exp2_2.50x,115.21474221398239,0,99.8458800967621,2800.0,56.75,391.40625
exp2_2.50x,115.71572474198183,0,101.80935038248872,2800.0,56.2,391.40625
exp2_2.50x,116.21646451298147,0,99.84781137082884,2800.0,55.1,391.40625
exp2_2.50x,116.7172913189861,0,99.82276448257306,2800.0,56.75,391.40625
exp2_2.50x,117.21835142100463,0,99.80563212305204,2800.0,55.65,391.40625
exp2_2.50x,117.71906659798697,1,101.84755478271741,2800.0,55.65,391.40625
exp2_2.50x,118.2198435519822,1,99.84867912771281,2800.0,55.1,391.40625
exp2_2.50x,118.7205831919855,1,99.85046653982457,2800.0,55.1,391.40625
exp2_2.50x,119.22141129398369,1,99.81518120987853,2800.0,54.55,391.40625
exp2_2.50x,119.72266657900764,1,99.77429040318574,2800.0,57.3,391.40625
exp2_2.50x,120.22338869899977,1,99.83763644758291,2800.0,55.1,391.40625
exp2_2.50x,120.72471665000194,1,99.73246447169797,2800.0,56.75,391.40625
exp2_2.50x,121.22588261999772,1,101.75799546815044,2800.0,55.1,391.40625
exp2_2.50x,121.74927120900247,0,99.35247957661907,2800.0,56.2,391.40625
exp2_2.50x,122.25059551099548,0,99.75145130641232,2800.0,56.2,432.375
exp2_2.50x,122.75158546198509,0,99.80965779183278,2800.0,55.1,391.40625
exp2_2.50x,123.25237521098461,0,99.82860765934687,2800.0,56.75,391.40625
exp2_2.50x,123.75331258799997,0,99.82669566682536,2800.0,55.1,391.40625
exp2_2.50x,124.25403150299098,0,99.86436042594526,2800.0,56.75,391.40625
exp2_2.50x,124.75469560400234,1,101.84760054598827,2800.0,55.1,391.40625
exp2_2.50x,125.25571616500383,1,99.78849529133933,2800.0,55.65,391.40625
exp2_2.50x,125.75671291199978,1,99.79144586082502,2800.0,56.2,391.40625
exp2_2.50x,126.25803217498469,1,99.76471310323343,2800.0,56.2,391.40625
exp2_2.50x,126.75871860800544,1,99.86225898966987,2800.0,55.65,391.40625
exp2_2.50x,127.25949742898229,1,101.84222622669617,2800.0,56.2,391.40625
exp2_2.50x,127.76019987999462,1,99.85776439451173,2800.0,55.65,391.40625
exp2_2.50x,128.26094455298153,1,99.82887733488427,2800.0,55.1,391.40625
exp2_2.50x,128.76218137098476,1,99.77670252882716,2800.0,54.55,391.40625
exp2_2.50x,129.26302391299396,0,101.82268049116111,2800.0,57.3,432.375
exp2_2.50x,129.7637905300071,0,99.83935009701541,2800.0,55.1,391.40625
exp2_2.50x,130.26468286800082,0,99.81116007670886,2800.0,55.1,391.40625
exp2_2.50x,130.76579338999,0,99.80211755256539,2800.0,56.75,391.40625
exp2_2.50x,131.26650046900613,0,99.86147635405311,2800.0,56.75,391.40625
exp2_2.50x,131.76719862199388,1,99.86298319453006,2800.0,55.1,391.40625
exp2_2.50x,132.26781345999916,1,99.87385832156193,2800.0,55.1,391.40625
exp2_2.50x,132.76871403798577,1,101.78864097270248,2800.0,55.65,391.40625
exp2_2.50x,133.27003400199465,1,99.73889812810552,2800.0,57.3,391.40625
exp2_2.50x,133.77138161400217,1,99.75293372788629,2800.0,55.65,391.40625
exp2_2.50x,134.2722061179811,1,99.83778157601597,2800.0,54.55,391.40625
exp2_2.50x,134.77294432499912,1,99.82036705915299,2800.0,55.65,391.40625
exp2_2.50x,135.27430941798957,1,99.75514899464814,2800.0,56.2,391.40625
exp2_2.50x,135.77531760500278,1,101.77460283965216,2800.0,56.75,391.40625
exp2_2.50x,136.27655317998142,0,99.77905206257967,2800.0,56.2,432.375
exp2_2.50x,136.7772894600057,0,99.82691430383203,2800.0,56.75,391.40625
exp2_2.50x,137.27837655399344,0,99.78558652197646,2800.0,55.1,391.40625
exp2_2.50x,137.7796869239828,0,99.7595720494067,2800.0,55.65,391.40625
exp2_2.50x,138.2804417219886,0,99.84864762234892,2800.0,56.2,391.40625
exp2_2.50x,138.78119318699464,1,99.8267411030108,2800.0,55.1,391.40625
exp2_2.50x,139.28240385299432,1,101.77728484187443,2800.0,56.75,391.40625
exp2_2.50x,139.78337357600685,1,99.78435861476608,2800.0,56.2,391.40625
exp2_2.50x,140.28464875998907,1,99.76984214874604,2800.0,54.55,391.40625
exp2_2.50x,140.78533848398365,1,99.86296185018882,2800.0,55.65,391.40625
exp2_2.50x,141.28606628099806,1,99.82949860525243,2800.0,56.75,391.40625
exp2_2.50x,141.78736448299605,1,101.73603304507239,2800.0,55.65,391.40625
exp2_2.50x,142.28861940698698,1,99.76701110538309,2800.0,55.65,391.40625
exp2_2.50x,142.78956918398035,1,101.81079400788798,2800.0,56.75,391.40625
exp2_2.50x,143.2903239800071,0,99.85643979052941,2800.0,56.2,400.90625
exp2_2.50x,143.79097581398673,0,97.86363231297935,2800.0,57.85,391.40625
exp2_2.50x,144.29170218398212,0,101.856473022133,2800.0,55.65,391.40625
exp2_2.50x,144.79240796199883,0,99.85942011039157,2800.0,55.65,391.40625
exp2_2.50x,145.2931613319961,0,99.82182582389032,2800.0,56.75,391.40625
exp2_2.50x,145.79447969899047,1,99.73760571965839,2800.0,56.2,391.40625
exp2_2.50x,146.29584010198596,1,99.75492867354976,2800.0,55.65,391.40625
exp2_2.50x,146.79669982299674,1,99.8230177816296,2800.0,56.75,391.40625
exp2_2.50x,147.29752985798405,1,99.83794863610905,2800.0,55.1,391.40625
exp2_2.50x,147.79831320798257,1,101.8419341866248,2800.0,55.1,391.40625
exp2_2.50x,148.29908596500172,1,101.84385097099383,2800.0,55.65,391.40625
exp2_2.50x,148.79992299998412,1,99.83457470963565,2800.0,55.65,391.40625
exp2_2.50x,149.3005941649899,1,99.86418869733157,2800.0,55.65,391.40625
exp2_2.50x,149.80127462599194,1,99.86358674336844,2800.0,55.65,391.40625
exp2_2.50x,150.3082934829872,0,100.56491532713555,2800.0,55.1,391.40625
exp2_2.50x,150.80962236598134,0,97.74282884195308,2800.0,56.2,432.375
exp2_2.50x,151.31058732498786,0,99.82927795561211,2800.0,56.75,391.40625
exp2_2.50x,151.81127943398315,0,101.85881289277376,2800.0,55.1,391.40625
exp2_2.50x,152.31196885599638,1,99.86256374535812,2800.0,55.1,391.40625
exp2_2.50x,152.81266346399207,1,99.84456118713555,2800.0,56.2,391.40625
exp2_2.50x,153.3139402359957,1,99.75991240713365,2800.0,55.1,391.40625
exp2_2.50x,153.8147524909873,1,101.82488847964957,2800.0,54.55,391.40625
exp2_2.50x,154.31569242998376,1,99.8193501372076,2800.0,56.75,391.40625
exp2_2.50x,154.81641407500138,1,99.86037003465964,2800.0,55.1,391.40625
exp2_2.50x,155.31714718099101,1,99.82971745757065,2800.0,55.65,391.40625
exp2_2.50x,155.81796426899382,1,99.85749676266956,2800.0,55.65,391.40625
exp2_2.50x,156.31871893099742,1,99.85038079508988,2800.0,56.2,391.40625
exp2_2.50x,156.8195297959901,1,101.83671521384683,2800.0,56.2,391.40625
exp2_2.50x,157.32020573498448,1,99.8630629761246,2800.0,57.3,391.40625
exp2_2.50x,157.8209210629866,0,97.85903679483424,2800.0,55.65,432.375
exp2_2.50x,158.3216442799894,0,101.85145271063152,2800.0,55.65,391.40625
exp2_2.50x,158.82239684899105,0,99.85058398858746,2800.0,56.2,391.40625
exp2_2.50x,159.3231164169847,1,99.85706499676917,2800.0,56.75,391.40625
exp2_2.50x,159.823951503,1,99.83166663541324,2800.0,56.2,391.40625
exp2_2.50x,160.32467549698777,1,99.85550290126592,2800.0,56.2,391.40625
exp2_2.50x,160.82542763798847,1,99.84913294875588,2800.0,55.65,391.40625
exp2_2.50x,161.326182446006,1,99.85353483579505,2800.0,55.65,391.40625
exp2_2.50x,161.8268920139817,1,99.86031519356239,2800.0,56.2,391.40625
exp2_2.50x,162.32773967299727,1,99.81205170862134,2800.0,55.65,391.40625
exp2_2.50x,162.8286789979902,1,99.83281118772634,2800.0,56.2,391.40625
exp2_2.50x,163.32941295398632,1,101.84570904949719,2800.0,55.65,391.40625
exp2_2.50x,163.83012585400138,1,99.85596854906886,2800.0,55.65,391.40625
exp2_2.50x,164.33085621599457,1,99.85217604490948,2800.0,55.1,391.40625
exp2_2.50x,164.83162283798447,0,101.84098995827291,2800.0,55.65,432.375
exp2_2.50x,165.33251768100308,0,99.82782834125612,2800.0,55.65,391.40625
exp2_2.50x,165.83331724599702,0,99.84075200342488,2800.0,55.65,391.40625
exp2_2.50x,166.33417553300387,1,99.80088446124996,2800.0,55.1,391.40625
exp2_2.50x,166.8354582809843,1,99.77161021430727,2800.0,57.3,391.40625
exp2_2.50x,167.33629940199899,1,99.83213226977952,2800.0,56.75,391.40625
exp2_2.50x,167.83700120798312,1,99.85752348515987,2800.0,55.1,391.40625
exp2_2.50x,168.3377397719887,1,99.85032994606534,2800.0,56.2,391.40625
exp2_2.50x,168.8384861329978,1,99.85458396347524,2800.0,56.2,391.40625
exp2_2.50x,169.33942358600325,1,101.78642419157161,2800.0,56.2,391.40625
exp2_2.50x,169.84054859299795,1,99.79906237555755,2800.0,55.65,391.40625
exp2_2.50x,170.34124187898124,1,99.85726522252472,2800.0,55.65,391.40625
exp2_2.50x,170.84197199900518,1,99.85447707989275,2800.0,55.65,391.40625
exp2_2.50x,171.34270950700738,1,99.85486853864695,2800.0,55.65,391.40625
exp2_2.50x,171.84342992198071,0,101.85963192351934,2800.0,55.1,400.90625
exp2_2.50x,172.34409957798198,0,99.85967339235347,2800.0,55.65,391.40625
exp2_2.50x,172.8448425679817,0,99.85196247399627,2800.0,55.65,391.40625
exp2_2.50x,173.34556253798655,1,99.85846580453531,2800.0,55.1,391.40625
exp2_2.50x,173.84624261999852,1,99.86316370173071,2800.0,56.2,391.40625
exp2_2.50x,174.34714581098524,1,101.8157914051533,2800.0,55.65,391.40625
exp2_2.50x,174.84785165198264,1,99.8612284438296,2800.0,55.65,391.40625
exp2_2.50x,175.3486711019941,1,99.83447683222052,2800.0,56.2,391.40625
exp2_2.50x,175.84938218299067,1,99.85271963343399,2800.0,55.1,391.40625
exp2_2.50x,176.35034731798805,1,99.7820050582834,2800.0,55.65,391.40625
exp2_2.50x,176.85169300599955,1,101.75381133543276,2800.0,57.3,391.40625
exp2_2.50x,177.35257545599598,1,99.82505000917625,2800.0,55.65,391.40625
exp2_2.50x,177.85330844399869,1,99.85210305926856,2800.0,55.65,391.40625
exp2_2.50x,178.35411213399493,1,99.81592008297076,2800.0,56.75,391.40625
exp2_2.50x,178.85518824899918,1,99.81404921676516,2800.0,55.65,391.40625
exp2_2.50x,179.3559099950071,0,99.83483524515454,2800.0,56.75,432.375
exp2_2.50x,179.85684368398506,0,99.82952352027034,2800.0,55.65,391.40625
exp2_2.50x,180.3576397819852,1,101.83952636553924,2800.0,55.65,391.390625
exp2_2.50x,180.8583926380088,1,99.85020891143512,2800.0,55.65,391.390625
exp2_2.50x,181.3591590129945,1,99.83848648823431,2800.0,55.1,391.390625
exp2_2.50x,181.85985120298574,1,99.873481472872,2800.0,55.1,391.390625
exp2_2.50x,182.36071157699917,1,99.82296516821656,2800.0,55.65,391.390625
exp2_2.50x,182.8614697099838,1,99.84518744000665,2800.0,57.3,391.390625
exp2_2.50x,183.36238200898515,1,99.8213670716477,2800.0,56.75,391.390625
exp2_2.50x,183.86315649398603,1,101.8429762543086,2800.0,55.65,391.390625
exp2_2.50x,184.36395153499325,1,99.84182040487627,2800.0,55.1,391.390625
exp2_2.50x,184.86467801898834,1,99.86174999765973,2800.0,55.65,391.390625
exp2_2.50x,185.36561379898922,1,99.78010281306129,2800.0,56.75,391.390625
exp2_2.50x,185.8669004109979,1,99.74307281750923,2800.0,56.2,391.390625
exp2_2.50x,186.36805780098075,0,99.78141205168122,2800.0,57.3,432.359375
exp2_2.50x,186.86892576600076,0,99.8421934229811,2800.0,57.3,391.390625
exp2_2.50x,187.36967915698187,0,99.82288804335226,2800.0,55.65,391.390625
exp2_2.50x,187.87090119399363,0,99.78331852542838,2800.0,55.65,391.390625
exp2_2.50x,188.3716788989841,0,101.8116632917363,2800.0,56.2,391.390625
exp2_2.50x,188.87295304698637,0,99.7759437345291,2800.0,56.75,391.390625
exp2_2.50x,189.37373549299082,0,99.83893005727313,2800.0,56.75,391.390625
exp2_2.50x,189.8746021600091,0,99.82546794837558,2800.0,55.65,391.390625
exp2_2.50x,190.37553364198538,0,99.79312884285409,2800.0,55.1,391.390625
exp2_2.50x,190.87674534498365,0,99.78285414608223,2800.0,56.75,391.390625
exp2_2.50x,191.37748125300277,0,99.85213356859991,2800.0,55.65,391.390625
exp2_2.50x,191.8782175689994,0,99.85462624453854,2800.0,54.55,391.390625
exp2_2.50x,192.3790759019903,0,101.82050186045592,2800.0,55.1,391.390625
exp2_2.50x,192.87983429100132,0,99.85325984432227,2800.0,56.2,391.390625
exp2_2.70x,0.5003698540094774,0,99.8866101184869,2800.0,58.4,358.859375
exp2_2.70x,1.0013732229999732,0,101.80216459315746,2800.0,57.85,335.453125
exp2_2.70x,1.502099667006405,0,99.8585190532211,2800.0,55.65,336.328125
exp2_2.70x,2.0028050929831807,0,99.85933514548185,2800.0,56.75,337.1875
exp2_2.70x,2.5036603699845728,0,99.81009870988917,2800.0,55.65,337.734375
exp2_2.70x,3.004570700984914,0,99.83565593396527,2800.0,56.2,338.515625
exp2_2.70x,3.505299570999341,0,99.85369596494965,2800.0,55.65,339.265625
exp2_2.70x,4.006026569986716,0,99.85689408260534,2800.0,56.75,340.296875
exp2_2.70x,4.506761160999304,0,99.82862061260305,2800.0,55.65,340.8125
exp2_2.70x,5.0080347690091,0,101.76571335069794,2800.0,55.1,341.859375
exp2_2.70x,5.508798377995845,0,99.82296636305257,2800.0,56.75,342.53125
exp2_2.70x,6.009901577985147,0,99.7947559183755,2800.0,55.65,343.5625
exp2_2.70x,6.510786372004077,1,99.82909677616904,2800.0,56.75,343.921875
exp2_2.70x,7.011696553992806,1,101.81498018990195,2800.0,56.75,344.640625
exp2_2.70x,7.512583643983817,0,97.83300317338113,2800.0,55.65,386.625
exp2_2.70x,8.013266363996081,0,99.8602072935311,2800.0,55.65,345.65625
exp2_2.70x,8.514025287004188,0,99.82256797962904,2800.0,55.65,345.65625
exp2_2.70x,9.015100986987818,0,99.81180364941055,2800.0,56.2,345.65625
exp2_2.70x,9.515842649998376,0,101.82081491670004,2800.0,55.65,345.65625
exp2_2.70x,10.017055014992366,0,99.78604494540164,2800.0,54.55,345.65625
exp2_2.70x,10.518013510998571,0,99.80675655562669,2800.0,56.75,345.65625
exp2_2.70x,11.018900247989222,0,99.82253489570641,2800.0,56.75,345.65625
exp2_2.70x,11.519614650984295,0,99.84360497768495,2800.0,55.65,345.65625
exp2_2.70x,12.020435073005501,0,99.84469417324054,2800.0,56.75,345.65625
exp2_2.70x,12.521374178992119,0,99.81995893536913,2800.0,55.65,345.65625
exp2_2.70x,13.022114100982435,1,101.84713966537996,2800.0,56.75,345.65625
exp2_2.70x,13.522855449002236,1,99.85279939863001,2800.0,57.3,345.65625
exp2_2.70x,14.023774276982294,1,99.81156415053451,2800.0,56.2,345.65625
exp2_2.70x,14.52470034500584,0,99.82749190527495,2800.0,56.75,355.25
exp2_2.70x,15.025331156008178,0,99.86652738726718,2800.0,57.3,345.75
exp2_2.70x,15.526038446987513,0,99.86049588847234,2800.0,56.75,345.75
exp2_2.70x,16.026736961008282,0,99.85906271080981,2800.0,56.75,345.75
exp2_2.70x,16.5274489930016,0,99.85895960788497,2800.0,55.65,345.75
exp2_2.70x,17.028187413001433,0,101.84732433913923,2800.0,56.2,345.75
exp2_2.70x,17.528907851985423,0,101.8547449508538,2800.0,55.1,345.75
exp2_2.70x,18.029820641007973,0,99.78694907689243,2800.0,55.1,345.75
exp2_2.70x,18.53104374400573,0,99.78651752092642,2800.0,55.1,345.75
exp2_2.70x,19.03179921899573,0,99.84846078997231,2800.0,57.3,345.75
exp2_2.70x,19.5325967129902,1,99.84274906480546,2800.0,55.1,345.75
exp2_2.70x,20.033272225002293,1,99.85990155385679,2800.0,55.65,345.75
exp2_2.70x,20.53417708800407,1,99.82075665553234,2800.0,54.55,345.75
exp2_2.70x,21.03495298800408,1,99.85303251407444,2800.0,55.65,345.75
exp2_2.70x,21.535689481010195,0,99.82098543962688,2800.0,55.1,345.890625
exp2_2.70x,22.036890360992402,0,101.78661555676793,2800.0,56.2,386.859375
exp2_2.70x,22.53755559498677,0,99.85995340519555,2800.0,56.2,345.890625
exp2_2.70x,23.041972570004873,0,101.11173101691341,2800.0,56.75,345.890625
exp2_2.70x,23.542689080990385,0,99.85477560696162,2800.0,55.65,345.890625
exp2_2.70x,24.043428757984657,0,99.85384153473207,2800.0,55.65,345.890625
exp2_2.70x,24.54415025000344,0,101.85177328019006,2800.0,55.65,345.890625
exp2_2.70x,25.044849056983367,0,99.8593662570866,2800.0,56.75,345.890625
exp2_2.70x,25.545575844997074,0,99.85634546294634,2800.0,55.1,345.890625
exp2_2.70x,26.046396853984334,1,99.8325345177876,2800.0,55.65,345.890625
exp2_2.70x,26.54733741900418,1,99.81629549410063,2800.0,55.1,345.890625
exp2_2.70x,27.048051446996396,1,99.85904895445388,2800.0,55.65,345.890625
exp2_2.70x,27.548752845992567,1,99.85770078030694,2800.0,55.1,345.890625
exp2_2.70x,28.049465429008706,1,99.85558106901418,2800.0,56.75,345.890625
exp2_2.70x,28.550179198005935,1,101.85394713969308,2800.0,56.2,346.1875
exp2_2.70x,29.050911744008772,0,97.8599715845956,2800.0,56.75,387.15625
exp2_2.70x,29.551672419009265,0,99.83607475100847,2800.0,57.3,346.1875
exp2_2.70x,30.05255029699765,0,101.80602023566072,2800.0,56.2,346.1875
exp2_2.70x,30.55377521101036,0,99.78213728087012,2800.0,56.75,346.1875
exp2_2.70x,31.054487718996825,0,99.83240953501978,2800.0,56.2,346.1875
exp2_2.70x,31.555671059002634,0,101.78182353762583,2800.0,57.3,346.1875
exp2_2.70x,32.05638810398523,1,99.86024957355215,2800.0,55.65,346.1875
exp2_2.70x,32.55717605599784,1,99.84114754382536,2800.0,55.1,346.1875
exp2_2.70x,33.057887137983926,1,99.85879068392799,2800.0,55.65,346.1875
exp2_2.70x,33.558571459987434,1,99.86304561966965,2800.0,55.1,346.1875
exp2_2.70x,34.05928531999234,1,99.85137901220435,2800.0,55.65,346.1875
exp2_2.70x,34.5602588809852,1,101.80830107686702,2800.0,55.65,346.1875
exp2_2.70x,35.06098777698935,1,99.85603575375397,2800.0,56.75,346.1875
exp2_2.70x,35.561679136008024,1,99.8571696977272,2800.0,55.1,346.1875
exp2_2.70x,36.06242195799132,0,97.86037731566624,2800.0,56.75,387.15625
exp2_2.70x,36.56311307600117,0,99.85964407412864,2800.0,56.2,346.1875
exp2_2.70x,37.06381606400828,0,99.85702930133225,2800.0,56.2,346.1875
exp2_2.70x,37.56453918101033,0,101.8537856312241,2800.0,55.65,346.1875
exp2_2.70x,38.06526157600456,0,99.85343612609039,2800.0,55.65,346.1875
exp2_2.70x,38.56606135898619,1,99.84408686633648,2800.0,56.2,346.1875
exp2_2.70x,39.066765753988875,1,99.86081878430083,2800.0,55.65,346.1875
exp2_2.70x,39.567473796982085,1,99.85568875590909,2800.0,55.65,346.1875
exp2_2.70x,40.06823339499533,1,101.85107010887843,2800.0,56.75,346.1875
exp2_2.70x,40.568898122000974,1,99.86244028950499,2800.0,55.1,346.1875
exp2_2.70x,41.0695917760022,1,99.85292662043493,2800.0,56.2,346.1875
exp2_2.70x,41.57049996498972,1,99.83177148615917,2800.0,56.75,346.1875
exp2_2.70x,42.071182858984685,1,99.85888003019461,2800.0,55.65,346.1875
exp2_2.70x,42.5719166409981,1,99.85343273672018,2800.0,54.0,346.1875
exp2_2.70x,43.07261488700169,0,99.86545067812521,2800.0,56.75,355.6875
exp2_2.70x,43.57323320599971,0,101.8669833157208,2800.0,56.75,346.1875
exp2_2.70x,44.07402317298693,0,99.84015531023152,2800.0,55.65,346.1875
exp2_2.70x,44.57476621400565,0,99.85513895388789,2800.0,56.2,346.1875
exp2_2.70x,45.07547375498689,1,99.85828172727264,2800.0,55.1,346.1875
exp2_2.70x,45.576276979991235,1,99.84249227697607,2800.0,56.2,346.1875
exp2_2.70x,46.076978631987004,1,99.85698203248725,2800.0,55.65,346.1875
exp2_2.70x,46.57771389500704,1,99.85496166783763,2800.0,56.2,346.1875
exp2_2.70x,47.0784179350012,1,99.85536828447876,2800.0,55.1,346.1875
exp2_2.70x,47.57923869698425,1,99.81621200601215,2800.0,55.1,346.1875
exp2_2.70x,48.08051897500991,1,101.75813210901649,2800.0,55.65,346.1875
exp2_2.70x,48.581327995983884,1,99.84333044127737,2800.0,56.75,346.1875
exp2_2.70x,49.08206821998465,1,99.82956836733392,2800.0,56.75,346.1875
exp2_2.70x,49.5832482209953,1,99.78816070856284,2800.0,55.65,346.1875
exp2_2.70x,50.11512007599231,0,99.62568955306972,2800.0,55.1,346.1875
exp2_2.70x,50.61649500098429,0,101.72519528599194,2800.0,56.2,387.15625
exp2_2.70x,51.117466519994196,0,99.82268137807233,2800.0,55.1,346.1875
exp2_2.70x,51.61817828100175,1,99.8565426967164,2800.0,57.3,346.1875
exp2_2.70x,52.118920707987854,1,99.8512621593279,2800.0,56.2,346.1875
exp2_2.70x,52.61968061700463,1,101.84435127837938,2800.0,56.2,346.1875
exp2_2.70x,53.120571320992894,1,99.82797423587925,2800.0,56.75,346.1875
exp2_2.70x,53.62126504498883,1,99.85722234720261,2800.0,55.65,346.1875
exp2_2.70x,54.12201265600743,1,99.84948229778439,2800.0,56.2,346.1875
exp2_2.70x,54.62288006400922,1,99.80463063999929,2800.0,57.3,346.1875
exp2_2.70x,55.12420448800549,1,99.76208618082515,2800.0,55.65,346.1875
exp2_2.70x,55.62492295098491,1,99.83428984981943,2800.0,55.1,346.1875
exp2_2.70x,56.12612402299419,1,99.76639558923232,2800.0,56.75,346.1875
exp2_2.70x,56.627318429003935,1,101.77079365123379,2800.0,56.75,346.1875
exp2_2.70x,57.12832729800721,1,99.78007394140897,2800.0,57.3,346.1875
exp2_2.70x,57.62947360999533,0,99.79304817593035,2800.0,55.65,387.15625
exp2_2.70x,58.13019914700999,1,99.85619589848957,2800.0,56.2,346.1875
exp2_2.70x,58.63100420200499,1,99.8373244640737,2800.0,55.65,346.1875
exp2_2.70x,59.13170572000672,1,99.85872606426628,2800.0,55.65,346.1875
exp2_2.70x,59.632417274988256,1,99.85621084969145,2800.0,56.75,346.1875
exp2_2.70x,60.133294161991216,1,99.80477128915666,2800.0,55.65,346.1875
exp2_2.70x,60.63451417698525,1,101.77381380802058,2800.0,55.65,346.1875
exp2_2.70x,61.135227453982225,1,99.85975655845891,2800.0,55.65,346.1875
exp2_2.70x,61.635975748009514,1,101.84599398442134,2800.0,55.65,346.1875
exp2_2.70x,62.1366858019901,1,99.85112975348133,2800.0,55.65,346.1875
exp2_2.70x,62.63735698600067,1,99.87633472121671,2800.0,57.3,346.1875
exp2_2.70x,63.1383021500078,1,99.81088871086321,2800.0,55.1,346.1875
exp2_2.70x,63.639007591991685,1,99.85802804607275,2800.0,55.65,346.1875
exp2_2.70x,64.13970997900469,2,99.85742257358918,2800.0,55.1,346.1875
exp2_2.70x,64.6404293839878,1,101.84530878660424,2800.0,55.65,387.15625
exp2_2.70x,65.1413143069949,1,99.831610630795,2800.0,55.65,346.1875
exp2_2.70x,65.64205567500903,1,99.84849328755553,2800.0,55.1,346.1875
exp2_2.70x,66.14297774501028,1,99.82130588760066,2800.0,56.2,346.1875
exp2_2.70x,66.64367627899628,1,99.8548595658449,2800.0,57.3,346.1875
exp2_2.70x,67.14441659100703,1,99.86482437421378,2800.0,56.75,346.1875
exp2_2.70x,67.6450761059823,1,99.85817622299376,2800.0,56.75,346.1875
exp2_2.70x,68.14613093499793,1,101.76170522301477,2800.0,55.1,346.1875
exp2_2.70x,68.64713283700985,1,99.82401485428258,2800.0,55.65,346.1875
exp2_2.70x,69.14786198199727,1,99.85322394847651,2800.0,55.65,346.1875
exp2_2.70x,69.64865218100022,1,99.84268208108976,2800.0,55.1,346.1875
exp2_2.70x,70.1494183249888,1,99.82678655083885,2800.0,56.2,346.1875
exp2_2.70x,70.65061894798419,2,99.76218669704313,2800.0,55.1,346.1875
exp2_2.70x,71.15188614500221,2,99.74786094713843,2800.0,55.65,346.1875
exp2_2.70x,71.65302104598959,1,101.7937369797518,2800.0,56.75,355.6875
exp2_2.70x,72.15367959698779,1,99.85999349671314,2800.0,55.65,346.1875
exp2_2.70x,72.65444270300213,1,99.85171381592593,2800.0,55.65,346.1875
exp2_2.70x,73.15513566200389,1,99.863077534654,2800.0,55.65,346.1875
exp2_2.70x,73.65581465698779,1,99.86441847003677,2800.0,55.65,346.1875
exp2_2.70x,74.15669122498366,1,99.82280095393868,2800.0,56.2,346.1875
exp2_2.70x,74.6574301639921,1,99.8510196796004,2800.0,56.2,346.1875
exp2_2.70x,75.15817278798204,1,99.85591271451716,2800.0,55.1,346.1875
exp2_2.70x,75.65886018998572,1,99.84955367789298,2800.0,56.2,346.1875
exp2_2.70x,76.1598545339948,1,101.78512569777266,2800.0,56.75,346.1875
exp2_2.70x,76.66106859999127,1,99.78000862964372,2800.0,56.75,346.1875
exp2_2.70x,77.16180726099992,2,99.84797347383946,2800.0,55.65,346.1875
exp2_2.70x,77.66260040199268,2,99.84437735842286,2800.0,54.55,346.1875
exp2_2.70x,78.16333391400985,2,99.85610117088947,2800.0,55.1,346.1875
exp2_2.70x,78.66410113000893,2,99.84453227816877,2800.0,55.1,346.1875
exp2_2.70x,79.16482371499296,1,101.84496324341805,2800.0,56.2,387.15625
exp2_2.70x,79.66556715298793,1,99.85933295141793,2800.0,55.65,346.1875
exp2_2.70x,80.16630340498523,1,99.85603116857956,2800.0,56.2,346.1875
exp2_2.70x,80.66703573099221,1,99.8327852790423,2800.0,56.75,346.1875
exp2_2.70x,81.16801968499203,1,101.81924233052654,2800.0,57.3,346.1875
exp2_2.70x,81.66881773300702,1,99.84030144976653,2800.0,55.65,346.1875
exp2_2.70x,82.16954987400095,1,99.8561458328904,2800.0,56.75,346.1875
exp2_2.70x,82.67024810699513,1,99.85688810436386,2800.0,55.65,346.1875
exp2_2.70x,83.17097222799202,1,99.8590118587467,2800.0,55.1,346.1875
exp2_2.70x,83.67168855399359,2,99.85147791516054,2800.0,54.55,346.1875
exp2_2.70x,84.17245054498198,2,101.82866207897538,2800.0,55.1,346.1875
exp2_2.70x,84.67364175699186,2,99.77654304460012,2800.0,55.65,346.1875
exp2_2.70x,85.1745673030091,2,99.81027006116737,2800.0,55.65,346.1875
exp2_2.70x,85.67545177499414,2,99.81985291467305,2800.0,56.2,346.1875
exp2_2.70x,86.17645357898436,1,99.80725203367716,2800.0,55.65,387.15625
exp2_2.70x,86.67733266198775,1,99.82914262060274,2800.0,55.65,346.1875
exp2_2.70x,87.17892853799276,1,99.63699572558168,2800.0,56.2,346.1875
exp2_2.70x,87.68093718899763,1,99.64619243885765,2800.0,57.3,346.1875
exp2_2.70x,88.18163734700647,1,99.8646187310877,2800.0,55.65,346.1875
exp2_2.70x,88.68248676200164,1,99.82623407395354,2800.0,56.75,346.1875
exp2_2.70x,89.18320351198781,1,99.85917100887006,2800.0,55.65,346.1875
exp2_2.70x,89.68391018698458,1,99.85672596660208,2800.0,56.75,346.1875
exp2_2.70x,90.18465245500556,2,99.84696993966251,2800.0,55.65,346.1875
exp2_2.70x,90.68555529598962,2,101.82074112224662,2800.0,56.2,346.1875
exp2_2.70x,91.18628141499357,2,99.85035228318468,2800.0,56.75,346.1875
exp2_2.70x,91.68722371800686,2,99.81564648749831,2800.0,56.75,346.1875
exp2_2.70x,92.18800096699852,2,101.84568341922402,2800.0,56.75,346.1875
exp2_2.70x,92.68867401199532,2,99.86395772986617,2800.0,55.1,346.1875
exp2_2.70x,93.21775142199476,1,100.15365251866295,2800.0,55.1,346.1875
exp2_2.70x,93.7190764999832,1,99.75766548662445,2800.0,55.65,387.15625
exp2_2.70x,94.21977371099638,1,99.86155713164156,2800.0,55.65,346.1875
exp2_2.70x,94.7204885520041,1,99.84193783330005,2800.0,56.75,346.1875
exp2_2.70x,95.22133770599612,1,99.84418256919761,2800.0,56.75,346.1875
exp2_2.70x,95.72204300999874,1,99.85847318180244,2800.0,56.2,346.1875
exp2_2.70x,96.2227387939929,2,99.86431634870392,2800.0,55.1,346.1875
exp2_2.70x,96.7235713749833,2,99.82916514547404,2800.0,55.1,346.1875
exp2_2.70x,97.22445160200004,2,101.82529304927964,2800.0,55.65,346.1875
exp2_2.70x,97.72524312700261,2,99.83992206343822,2800.0,56.75,346.1875
exp2_2.70x,98.22595224398538,2,99.85212160165052,2800.0,55.65,346.1875
exp2_2.70x,98.7268995269842,2,99.81849185049269,2800.0,57.3,346.1875
exp2_2.70x,99.22756773699075,2,99.8664811137349,2800.0,55.65,346.1875
exp2_2.70x,99.72827929799678,2,99.85510165794877,2800.0,55.65,346.1875
exp2_2.70x,100.22899460000917,2,99.86010598183061,2800.0,56.75,346.1875
exp2_2.70x,100.72966762399301,1,101.86417613713493,2800.0,56.2,387.15625
exp2_2.70x,101.23030676000053,1,99.87120210579069,2800.0,55.65,346.1875
exp2_2.70x,101.73107009800151,1,99.84221136403444,2800.0,57.3,346.1875
exp2_2.70x,102.23180141800549,1,99.85967019991081,2800.0,55.65,346.1875
exp2_2.70x,102.73246773800929,2,99.86431674924762,2800.0,56.2,346.1875
exp2_2.70x,103.23316614999203,2,99.8583222121393,2800.0,56.2,346.1875
exp2_2.70x,103.73411430098349,2,101.79392694736121,2800.0,55.65,346.1875
exp2_2.70x,104.23518415598664,2,99.79963128320242,2800.0,55.65,346.1875
exp2_2.70x,104.73593677100143,2,99.85187453875969,2800.0,56.2,346.1875
exp2_2.70x,105.23665512699517,2,99.83585049266527,2800.0,56.2,346.1875
exp2_2.70x,105.73791122098919,2,99.75164772639056,2800.0,55.65,346.1875
exp2_2.70x,106.2388616320095,2,99.8287930194287,2800.0,57.3,346.1875
exp2_2.70x,106.73955854299129,2,99.86145800555471,2800.0,56.75,346.1875
exp2_2.70x,107.24025756499032,2,99.86319780521936,2800.0,55.65,346.1875
exp2_2.70x,107.74092512400239,1,99.86478966589041,2800.0,57.3,355.6875
exp2_2.70x,108.241736683005,1,99.83856802350655,2800.0,57.3,346.1875
exp2_2.70x,108.74255285199615,1,99.83561446959247,2800.0,56.2,346.1875
exp2_2.70x,109.24322581800516,2,101.8651564073355,2800.0,55.65,346.1875
exp2_2.70x,109.7439183210081,2,99.85693018423416,2800.0,55.65,346.1875
exp2_2.70x,110.24462313900585,2,99.85873643660732,2800.0,55.1,346.1875
exp2_2.70x,110.74537678898196,2,99.82754930324265,2800.0,56.75,346.1875
exp2_2.70x,111.24668365900288,2,99.73894627538388,2800.0,55.65,346.1875
exp2_2.70x,111.74791988200741,2,101.7710867019794,2800.0,56.2,346.1875
exp2_2.70x,112.24870760599151,2,99.84097888320503,2800.0,56.75,346.1875
exp2_2.70x,112.74956712499261,2,99.8341786237603,2800.0,55.1,346.1875
exp2_2.70x,113.25025986798573,2,99.83482128661693,2800.0,56.75,346.1875
exp2_2.70x,113.75152812700253,2,99.76431618109724,2800.0,56.75,346.1875
exp2_2.70x,114.25244621999445,2,99.80113327206108,2800.0,55.65,346.1875
exp2_2.70x,114.75377271798789,1,101.72830282673874,2800.0,56.75,346.1875
exp2_2.70x,115.25502968000364,1,99.77694683818778,2800.0,56.75,387.15625
exp2_2.70x,115.75575484798173,2,101.84481843762455,2800.0,57.3,346.1875
exp2_2.70x,116.25649801600957,2,99.85441586105422,2800.0,55.1,346.1875
exp2_2.70x,116.75734877499053,2,99.83181653248343,2800.0,56.75,346.1875
exp2_2.70x,117.25803081298363,2,99.8690750346012,2800.0,55.65,346.1875
exp2_2.70x,117.75911247899057,2,99.7541730022236,2800.0,55.65,346.1875
exp2_2.70x,118.26048404999892,2,99.73235207710616,2800.0,55.65,346.1875
exp2_2.70x,118.76191212100093,2,101.7276492411525,2800.0,56.75,346.1875
exp2_2.70x,119.26264013999025,2,99.83200131275689,2800.0,55.65,346.1875
exp2_2.70x,119.7636856570025,2,99.81158905660122,2800.0,56.75,346.1875
exp2_2.70x,120.26441897099721,2,99.85484081931027,2800.0,56.2,346.1875
exp2_2.70x,120.76525189698441,2,99.81067033540671,2800.0,55.65,346.1875
exp2_2.70x,121.26651104199118,2,99.77160483728218,2800.0,55.65,346.1875
exp2_2.70x,121.76741961500375,3,99.81169624851097,2800.0,56.75,346.1875
exp2_2.70x,122.26834320600028,2,99.8079367943885,2800.0,56.2,387.15625
exp2_2.70x,122.76924514799612,2,101.83272671272172,2800.0,56.75,346.1875
exp2_2.70x,123.26997464700253,2,99.85373664342558,2800.0,56.2,346.1875
exp2_2.70x,123.77073410898447,2,99.82358616779125,2800.0,55.65,346.1875
exp2_2.70x,124.27199590200325,2,101.76952662706454,2800.0,55.65,346.1875
exp2_2.70x,124.77269695600262,2,99.85860420828455,2800.0,55.65,346.1875
exp2_2.70x,125.273456083989,2,99.84883664902733,2800.0,55.65,346.1875
exp2_2.70x,125.7741704529908,2,99.84981868469296,2800.0,57.3,346.1875
exp2_2.70x,126.27498059900245,2,99.84558361324059,2800.0,56.75,346.1875
exp2_2.70x,126.77591539200512,2,101.80963918355494,2800.0,56.75,346.1875
exp2_2.70x,127.27665790900937,2,99.85099316371101,2800.0,55.1,346.1875
exp2_2.70x,127.77739249900333,2,99.84799500907891,2800.0,55.1,346.1875
exp2_2.70x,128.27833282900974,3,99.81853051100748,2800.0,55.1,346.1875
exp2_2.70x,128.77919739999925,3,99.81076676864723,2800.0,55.65,346.1875
exp2_2.70x,129.28045880200807,2,99.76186583487561,2800.0,56.2,387.15625
exp2_2.70x,129.7812488359923,2,99.81965243873604,2800.0,55.65,346.1875
exp2_2.70x,130.28251433098922,2,99.77204760942722,2800.0,56.75,346.1875
exp2_2.70x,130.78325162400142,2,99.8514511959058,2800.0,55.65,346.1875
exp2_2.70x,131.2842489159957,2,99.80325186091518,2800.0,55.65,346.1875
exp2_2.70x,131.7850375789858,2,99.81844203148164,2800.0,57.3,346.1875
exp2_2.70x,132.28618731399183,2,101.78964335772717,2800.0,55.65,346.1875
exp2_2.70x,132.78703223599587,2,99.81063785664047,2800.0,55.65,346.1875
exp2_2.70x,133.28825632299413,2,99.7778255157326,2800.0,57.3,346.1875
exp2_2.70x,133.78898826398654,2,99.85281036751516,2800.0,55.1,346.1875
exp2_2.70x,134.28976846300066,2,99.80780808683788,2800.0,56.2,346.1875
exp2_2.70x,134.79121567800757,3,99.74978823423203,2800.0,55.65,346.1875
exp2_2.70x,135.29207646899158,3,101.82051405395883,2800.0,55.65,346.1875
exp2_2.70x,135.79296703799628,3,99.81265264713063,2800.0,54.55,346.1875
exp2_2.70x,136.29394873598358,2,99.82300761971374,2800.0,55.65,355.703125
exp2_2.70x,136.79460525000468,2,99.86039596346781,2800.0,56.2,346.203125
exp2_2.70x,137.29534837498795,2,99.84731967396279,2800.0,55.65,346.203125
exp2_2.70x,137.79626677700435,2,101.79424105834242,2800.0,55.65,346.203125
exp2_2.70x,138.29750954700285,2,99.77716944121664,2800.0,57.3,346.203125
exp2_2.70x,138.79825461600558,2,99.82605250532211,2800.0,56.2,346.203125
exp2_2.70x,139.29953997800476,2,101.76463874616606,2800.0,55.1,346.203125
exp2_2.70x,139.80028343599406,2,99.84849767473088,2800.0,55.65,346.203125
exp2_2.70x,140.30101137500606,2,99.8628671155562,2800.0,55.65,346.203125
exp2_2.70x,140.80166099898634,2,99.85943606091813,2800.0,55.65,346.203125
exp2_2.70x,141.30254838100518,3,99.82954045900905,2800.0,56.2,346.203125
exp2_2.70x,141.80324643099448,3,99.85802525422852,2800.0,55.65,346.203125
exp2_2.70x,142.3040237769892,3,101.81294457446981,2800.0,56.75,346.203125
exp2_2.70x,142.80534535998595,3,99.7668096481502,2800.0,55.1,346.203125
exp2_2.70x,143.3371793719998,2,99.63238170247453,2800.0,57.3,346.203125
exp2_2.70x,143.83843614000943,2,99.76827700449849,2800.0,56.2,387.171875
exp2_2.70x,144.33938600300462,2,99.81260502595899,2800.0,56.75,346.203125
exp2_2.70x,144.84015605199966,2,101.84532099196856,2800.0,55.65,346.203125
exp2_2.70x,145.3408496560005,2,99.86264592365939,2800.0,55.65,346.203125
exp2_2.70x,145.84155724200536,2,99.85437298237508,2800.0,56.75,346.203125
exp2_2.70x,146.34234490100062,2,99.84411159134719,2800.0,55.1,346.203125
exp2_2.70x,146.84306004201062,2,99.85743832613544,2800.0,56.2,346.203125
exp2_2.70x,147.34380703399074,2,99.84201817891747,2800.0,56.75,346.203125
exp2_2.70x,147.84471089599538,3,99.82906827641769,2800.0,55.65,346.203125
exp2_2.70x,148.34541348100174,3,101.85684753559359,2800.0,56.2,346.203125
exp2_2.70x,148.84613258499303,3,99.85515609865355,2800.0,55.1,346.203125
exp2_2.70x,149.34689789099502,3,99.82558414343808,2800.0,55.1,346.203125
exp2_2.70x,149.8481605850102,3,99.77013161218298,2800.0,55.65,346.203125
exp2_2.70x,150.3488760390028,3,99.85828052578678,2800.0,55.65,346.203125
exp2_2.70x,150.8495664570073,2,99.86709707015231,2800.0,55.65,387.171875
exp2_2.70x,151.35021287499694,2,99.85659275110537,2800.0,56.75,346.203125
exp2_2.70x,151.85102973598987,2,99.84614268747785,2800.0,55.65,346.203125
exp2_2.70x,152.3517509129888,2,99.84920712551923,2800.0,55.65,346.203125
exp2_2.70x,152.85256762598874,2,99.84283081012703,2800.0,56.75,346.203125
exp2_2.70x,153.35327615399729,2,99.85934432224236,2800.0,55.65,346.203125
exp2_2.70x,153.8539639780065,3,99.86110239081377,2800.0,57.3,346.203125
exp2_2.70x,154.35487050499069,3,101.81344600387717,2800.0,55.65,346.203125
exp2_2.70x,154.8557443099853,3,101.82309377615358,2800.0,56.75,346.203125
exp2_2.70x,155.356462338008,3,99.85994642821836,2800.0,55.1,346.203125
exp2_2.70x,155.85716256900923,3,99.85863531943386,2800.0,55.65,346.203125
exp2_2.70x,156.357869133004,3,99.85833258439644,2800.0,55.65,346.203125
exp2_2.70x,156.8586088269949,3,99.83868484087175,2800.0,56.2,346.203125
exp2_2.70x,157.35985449998407,3,99.73933941716714,2800.0,55.1,346.203125
exp2_2.70x,157.86116098699858,2,99.73336723299781,2800.0,56.75,371.4375
exp2_2.70x,158.3625949920097,2,99.74490698959258,2800.0,56.2,346.203125
exp2_2.70x,158.86330749999615,2,99.85895301993861,2800.0,56.2,346.203125
exp2_2.70x,159.3640363040031,2,101.85186420460036,2800.0,56.2,346.203125
exp2_2.70x,159.86475182999857,2,99.85648985061927,2800.0,55.65,346.203125
exp2_2.70x,160.3654804310063,3,99.83433649962934,2800.0,55.1,346.203125
exp2_2.70x,160.86664993598242,3,99.79290994804562,2800.0,55.65,346.203125
exp2_2.70x,161.36736781400396,3,99.84047209825589,2800.0,55.65,346.203125
exp2_2.70x,161.86807682199287,3,99.868689653104,2800.0,56.75,346.203125
exp2_2.70x,162.36878282899852,3,99.85916741595713,2800.0,55.1,346.203125
exp2_2.70x,162.86966253898572,3,99.82452944186213,2800.0,54.0,346.203125
exp2_2.70x,163.37038710099296,3,99.85282293240509,2800.0,56.2,346.203125
exp2_2.70x,163.8713668109849,3,101.80363849138303,2800.0,55.65,346.203125
exp2_2.70x,164.3721027429856,3,99.83216974580476,2800.0,55.65,346.203125
exp2_2.70x,164.87332004398922,2,99.7560292751041,2800.0,55.65,346.203125
exp2_2.70x,165.37452004800434,2,99.777742283218,2800.0,57.3,387.171875
exp2_2.70x,165.87536107198684,2,99.80737814792509,2800.0,56.2,346.203125
exp2_2.70x,166.37637931798236,2,101.82317712934851,2800.0,56.75,346.203125
exp2_2.70x,166.8770752499986,3,99.86313457882106,2800.0,56.75,346.203125
exp2_2.70x,167.377962700004,3,99.82131883896201,2800.0,55.1,346.203125
exp2_2.70x,167.87864966900088,3,99.85819636960976,2800.0,55.65,346.203125
exp2_2.70x,168.37939041500795,3,99.85431893718389,2800.0,55.65,346.203125
exp2_2.70x,168.88014706899412,3,99.84991698681753,2800.0,57.3,346.203125
exp2_2.70x,169.38086988899158,3,99.85491340848525,2800.0,55.65,346.203125
exp2_2.70x,169.88174119000905,3,99.8257256463268,2800.0,55.65,346.203125
exp2_2.70x,170.38248408399522,3,99.8504525769156,2800.0,56.75,346.203125
exp2_2.70x,170.8832607549848,3,101.82071551045499,2800.0,55.65,346.203125
exp2_2.70x,171.38461879399256,3,99.73823103106791,2800.0,56.2,346.203125
exp2_2.70x,171.88557144600782,3,99.8172117264743,2800.0,55.65,346.203125
exp2_2.70x,172.38640958000906,2,101.83672457050257,2800.0,56.2,387.171875
exp2_2.70x,172.88712417701026,2,99.85889119776364,2800.0,55.65,346.203125
exp2_2.70x,173.38782355200965,3,99.8591016001066,2800.0,55.65,346.203125
exp2_2.70x,173.88852185299038,3,99.86233697643914,2800.0,55.65,346.203125
exp2_2.70x,174.38921841300908,3,99.83238063308934,2800.0,56.2,346.203125
exp2_2.70x,174.8904392659897,3,99.7831301466295,2800.0,55.65,346.203125
exp2_2.70x,175.39131297299173,3,99.82280274618682,2800.0,55.65,346.203125
exp2_2.70x,175.89218414298375,3,101.82409256798634,2800.0,55.65,346.203125
exp2_2.70x,176.3927989990043,3,99.87641152805004,2800.0,56.2,346.203125
exp2_2.70x,176.8935558910016,3,99.82219012588085,2800.0,56.75,346.203125
exp2_2.70x,177.3947988919972,3,99.77842504543997,2800.0,56.75,346.21875
exp2_2.70x,177.89556015498238,3,99.85208890438442,2800.0,54.55,346.21875
exp2_2.70x,178.39626221399521,3,99.85420486905682,2800.0,55.1,346.21875
exp2_2.70x,178.89699017998646,3,99.85834095998113,2800.0,56.75,346.21875
exp2_2.70x,179.3976954969985,2,101.83198435146727,2800.0,56.2,387.1875
exp2_2.70x,179.89868601798662,3,99.82523137694602,2800.0,55.65,346.203125
exp2_2.70x,180.39944715000456,3,99.84770967806543,2800.0,56.2,346.203125
exp2_2.70x,180.90025918898755,3,99.83906621370112,2800.0,56.75,346.203125
exp2_2.70x,181.40096432098653,3,99.85746225678173,2800.0,56.2,346.21875
exp2_2.70x,181.90186293399893,3,99.8141090001218,2800.0,55.1,346.21875
exp2_2.70x,182.40272980599548,3,99.83251019879896,2800.0,56.2,346.21875
exp2_2.70x,182.9035006040067,3,99.8164114706309,2800.0,56.75,346.21875
exp2_2.70x,183.40477560300496,3,101.7703909330737,2800.0,55.65,346.21875
exp2_2.70x,183.90550703098415,3,99.85613287829422,2800.0,55.65,346.21875
exp2_2.70x,184.40621851399192,3,99.85786869644444,2800.0,54.55,346.21875
exp2_2.70x,184.9072622359963,3,99.79240585368314,2800.0,55.65,346.21875
exp2_2.70x,185.40803195998888,3,99.84253334669316,2800.0,56.75,346.21875
exp2_2.70x,185.908871978987,3,99.84084969006587,2800.0,56.2,346.21875
exp2_2.70x,186.40957599898684,2,101.8557756885691,2800.0,57.3,355.71875
exp2_2.70x,186.9102642039943,2,99.8586811910015,2800.0,56.2,346.21875
exp2_2.70x,187.41108422298566,2,99.80557893075428,2800.0,55.65,346.21875
exp2_2.70x,187.91247422099696,2,101.74786533000945,2800.0,55.65,346.21875
exp2_2.70x,188.4131738510041,2,99.85774326135314,2800.0,56.2,346.21875
exp2_2.70x,188.9139452780073,2,99.8432977381634,2800.0,56.75,346.21875
exp2_2.70x,189.4147539259866,2,99.84171752903084,2800.0,56.75,346.21875
exp2_2.70x,189.9154746849963,2,99.85828252826323,2800.0,57.3,346.21875
exp2_2.70x,190.41622275998816,2,99.84568290511066,2800.0,55.1,346.21875
exp2_2.70x,190.91714833298465,2,101.8165869859098,2800.0,55.65,346.21875
exp2_2.70x,191.41787557399948,2,99.8559521991734,2800.0,56.2,346.21875
exp2_2.70x,191.91873266600305,2,99.82725831159922,2800.0,56.2,346.21875
exp2_2.70x,192.41942440599087,2,99.86236389888171,2800.0,55.65,346.21875
exp2_2.70x,192.9201493319997,2,99.85551266932579,2800.0,55.65,346.21875
exp2_2.70x,193.46161635799217,1,99.70574729187432,2800.0,55.1,346.21875
exp2_2.70x,193.96295940998243,1,99.75316319163598,2800.0,56.75,387.1875
exp2_2.70x,194.4639584819961,1,101.79851853575062,2800.0,55.65,346.21875
exp2_2.70x,194.96467555500567,1,99.85611114220734,2800.0,55.65,346.21875
exp2_2.70x,195.46542238700204,1,99.84998478109874,2800.0,55.65,346.21875
exp2_2.70x,195.96615631200257,1,99.85660252518252,2800.0,57.3,346.21875
exp2_2.70x,196.46683540398953,1,99.86308411733974,2800.0,56.2,346.21875
exp2_2.70x,196.96767823499977,1,99.83034810706268,2800.0,57.3,346.21875
exp2_2.70x,197.4683783449873,1,99.86588032219383,2800.0,56.75,346.21875
exp2_2.70x,197.9692695089907,1,99.81814650543454,2800.0,55.65,346.21875
exp2_2.70x,198.4699856560037,1,99.85800969884151,2800.0,56.75,346.21875
exp2_2.70x,198.97069904298405,1,99.8560558995063,2800.0,56.75,346.21875
exp2_2.70x,199.47144007799216,1,99.85214533242736,2800.0,55.1,346.21875
exp2_2.70x,199.9722138720099,1,103.8419799233332,2800.0,55.65,346.21875
exp2_2.70x,200.472913332982,1,99.85529908413912,2800.0,55.1,346.21875
exp2_2.70x,200.9736892929941,0,99.83189467475471,2800.0,56.2,387.1875
exp2_2.70x,201.47467815998243,0,99.81696223814137,2800.0,57.3,346.21875
exp2_2.70x,201.9754268800025,0,99.85255532124613,2800.0,56.75,346.21875
exp2_2.70x,202.4762208579923,0,99.84451293783563,2800.0,57.3,346.21875
exp2_2.70x,202.9769879480009,0,99.84276302556002,2800.0,56.75,346.21875
exp2_2.70x,203.47769783399417,0,99.856754290612,2800.0,57.3,346.21875
exp2_2.70x,203.97844923799857,0,99.84997042369919,2800.0,55.1,346.21875
exp2_2.70x,204.479195160995,0,99.8538184067401,2800.0,55.1,346.21875
exp2_2.70x,204.97992415798944,0,101.85221305060983,2800.0,56.75,346.21875
exp2_2.70x,205.4806744880043,0,99.82131325937826,2800.0,55.65,346.21875
exp2_2.70x,205.98193411098327,0,99.77607036652525,2800.0,55.1,346.21875
exp2_2.70x,206.48265933000948,0,99.8548745224505,2800.0,57.3,346.21875
exp2_2.70x,206.9833953260095,0,99.85666215057715,2800.0,55.65,346.21875
exp2_2.70x,207.48416004498722,0,99.84371583017315,2800.0,56.2,346.21875
